id_Anel1,ID_Anel_Anel1,ID_Frag_1_Anel1,ID_Frag_2_Anel1,ID_Frag_3_Anel1,ID_Ponte,id_Anel2,ID_Anel_Anel2,ID_Frag_1_Anel2,ID_Frag_2_Anel2,ID_Frag_3_Anel2,smiles,lambda_max_previsto,incerteza_std
8650,44,7,6,21,15,2508,13,9,24,19,CCN(CC)C1:C(CC=CC=CC2:N:S(OC):C:C([N+](=O)O):C:2Br):C:C:S(C(=O)[O][Na]):C:1C(C)C,670.0206920888569,35.89036016441336
9402,48,25,19,11,16,2674,14,15,16,11,N#CC(C#N)=C1:S:C(CN(CC(=O)O)CC(=O)O):C(N):C:C:1C=CC=CC=CC1C(N)[SH](C(=O)[O][Na])CS1=N,667.9675636401664,32.57188738683492
9662,49,11,20,21,17,2919,15,14,23,9,CCNC1:C(N(CC)CC):C:C:C(C=CC=CC=CC=CC2(Br)C([O][Na])NON2N):S:1C(=O)O,656.0743844852989,25.36081839832762
9596,48,21,20,15,17,2698,14,21,15,4,CCC1:C:C(C=CC=CC=CC=CC2C(=C(C#N)C#N)[SH]([O][Na])C[SH]2Br):C(Br):S:C:1=C(C#N)C#N,646.8317632449371,17.674107464403807
8165,41,8,21,11,17,2847,15,24,18,10,CCOC(=O)C1:C(S(=O)(=O)[O][Na]):C:C:C(C=CC=CC=CC=CC2:O:N(N=O):C(Br):C:C:2N):S:1C(C)C,646.4319638595041,22.14568530119809
2418,13,24,5,23,15,1646,9,4,1,15,CCNC1:C(C=CC=CCC2:C:C(=C(C#N)C#N):C(N(C)C):C(CC):O:2):C(C(C)C):C:C:S:1Cl,641.6458841054667,26.719214574397153
8692,44,14,16,3,17,5907,30,15,12,10,CC1:C:C(CN(CC(=O)O)CC(=O)O):S(C(=O)O):N:C:1C=CC=CC=CC=CN1CC(S(=O)(=O)[O][Na])N(O)C1=C(C#N)C#N,639.7496541388709,34.45741463017591
6601,34,7,15,19,17,5663,29,17,3,6,CON1CC(C=CC=CC=CC=C[SH]2C([N+](=O)O)CC(C)N2C(F)(F)F)(C(=O)[O][Na])CC1=C(C#N)C#N,639.7193560825639,24.394318299366372
8153,41,16,24,19,17,6706,34,1,9,14,CCN(CC)N1CC(C(=O)O)CC1(C=CC=CC=CC=CC1:C:C(C(=O)[O][Na]):C(C(C)C):N(CN(CC(=O)O)CC(=O)O):O:1)N(C)C,630.8772131457745,31.582361263258278
2697,14,19,11,9,16,4560,23,8,5,25,CCN(CC)C1:C:C(C=CC=CC=CC2CC(N=O)C(Cl)C2=N):C(C(=O)[O][Na]):C:S:1N,630.5409660335835,33.65842410208966
8811,45,10,4,15,16,4078,21,18,26,6,CCOC(=O)C1:C(=O):S:C([N+](=O)O):C:S:1C=CC=CC=CC1:C(=C(C#N)C#N):C:C(CC):S:S:1S(=O)(=O)[O][Na],630.4325217876138,22.714608235686264
6441,33,15,17,11,17,5601,29,15,20,25,N#CC(C#N)=C1CC(N)(C=CC=CC=CC=C[SH]2(=C(C#N)C#N)CC(=N)C([O][Na])N2)C[SH]1C(F)(F)F,629.2611347527593,12.368057174944736
2740,14,20,18,21,17,7174,36,26,4,9,CCOC(=O)S1:C:C([O][Na]):C(C=CC=CC=CC=CC2OC(=O)C(CC)C2N(CC)CC):C:C:1Br,627.2539791673464,24.473848973869355
2645,14,26,25,8,17,6424,33,21,16,11,N=C1:C(=O):C(C=CC=CC=CC=CC2(Br)C(N)CSC2CN(CC(=O)O)CC(=O)O):C:C:S:1N=O,626.5694854680578,8.646417839209176
1199,6,5,19,25,16,1895,10,10,20,13,CC(=O)NN1:C:C:C(C=CC=CC=CC2:C:C(=N):C:C(C(=O)[O][Na]):B:2Cl)(S(=O)(=O)[O][Na]):C:C:1[O][Na],626.2026914166208,15.418957017207008
3547,18,24,24,22,15,2841,15,13,6,24,CC(=O)NS1:C:C([N+](=O)O):C(C(C)C):C:C:1CC=CC=CC1:N:C(C(C)C):C:S(C(C)C):C:1S(=O)(=O)O,624.8263087206263,15.033930124373104
1175,6,17,14,15,3,2567,13,7,16,21,COC1:C(C=CC(=O)CC(=O)C=CC2:C:C(=C(C#N)C#N):C:C(C(=O)O):B:2C(F)(F)F):C:C:S(Br):C:1CN(CC(=O)O)CC(=O)O,624.7935196497137,24.21592174964428
3260,17,12,19,15,3,2551,13,1,4,3,CCS1:C:C(N(C)C):C(C=CC(=O)CC(=O)C=CC2:N:C(O):C(C(=O)[O][Na]):O:C:2=C(C#N)C#N):C:C:1C,623.3854176949636,23.880485337674294
909,5,7,6,20,17,5080,26,4,20,19,CCC1C[SH](C=CC=CC=CC=CC2:C:C:C([O][Na]):C([N+](=O)O):S:2OC)C(C(=O)[O][Na])C1[O][Na],620.912440452993,42.755197823000145
4126,21,20,20,25,17,8924,45,13,16,10,CC(=O)NS1(C=CC=CC=CC=CC2:C:S:C(=N):C([O][Na]):S:2[O][Na]):C:C:C(S(=O)(=O)[O][Na]):C(CN(CC(=O)O)CC(=O)O):S:1,620.4558133822869,39.93727165540748
6412,33,14,19,15,17,5742,29,3,13,7,COC1CN(NC(C)=O)S(C)(C=CC=CC=CC=CC2C(=C(C#N)C#N)SC(C(=O)[O][Na])C2C(=O)O)C1,619.5513674683693,37.93665652775896
3552,18,4,7,8,17,3541,18,17,6,12,CCC1:N:C(C=CC=CC=CC=CN2:C:C(O):S:C([N+](=O)O):C:2C(F)(F)F):C:S(N=O):C:1OC,618.7368496101358,23.44580045769985
4104,21,21,5,14,17,5131,26,20,26,15,N#CC(C#N)=C1C[SH](C=CC=CC=CC=CC2:C:S(C(=O)O):C(Cl):C:S:2Br)C([O][Na])C1=O,618.3007916722603,39.843337961697344
8729,44,19,4,22,17,9576,48,1,15,6,CCC1:C:S(C(=O)[O][Na]):N:C(C=CC=CC=CC=C[SH]2C([N+](=O)O)CS(=C(C#N)C#N)C2N(C)C):C:1S(=O)(=O)O,618.1104626965682,42.13862818116319
9622,49,20,24,16,15,835,5,5,1,25,CC(C)C1N([O][Na])ONC1(C=CC=CCS1(Cl):C:C:C(=N):C:C:1N(C)C)CN(CC(=O)O)CC(=O)O,615.0788372365204,41.30487379117212
2530,13,18,13,14,17,5029,26,12,21,10,CCOC(=O)C1:C:C:S(NC(C)=O):C(C(=O)O):C:1C=CC=CC=CC=CS1(O)CC(S(=O)(=O)[O][Na])CC1Br,614.9749116595283,34.435328074230874
2209,12,12,20,15,7,2696,14,21,15,17,N#CC(C#N)=C1:C:C:N([O][Na]):C(O):C:1C=NC1:C:C(C(F)(F)F):C(=C(C#N)C#N):S:C:1Br,613.4251664845694,25.554009423246285
2484,13,15,5,21,17,6572,33,24,25,3,CC(C)C1SC(=N)C(C)C1C=CC=CC=CC=CC1:C:S:C(Br):C(Cl):C:1=C(C#N)C#N,612.5286443501218,27.55340369349132
8991,45,26,15,10,17,7599,38,26,15,26,N#CC(C#N)=C1C(=O)CC(C=CC=CC=CC=CC2:C:C(S(=O)(=O)[O][Na]):C:S(=C(C#N)C#N):S:2=O)S1=O,612.5131517347093,23.787702251270673
3200,16,13,16,21,17,4044,21,17,13,11,CC(=O)NN1:C:C(CN(CC(=O)O)CC(=O)O):N(Br):C:C:1C=CC=CC=CC=CS1:C:C(N):S(NC(C)=O):C(C(F)(F)F):C:1,612.3553930330829,24.749344882773322
2660,14,5,20,9,3,3504,18,23,23,13,CCNC1:S:C(NC(C)=O):C:N(C=CC(=O)CC(=O)C=CC2:C:C:S(Cl):C([O][Na]):C:2N(CC)CC):C:1NCC,611.6831910886734,17.930036630309832
8905,45,5,23,5,16,5322,27,10,15,17,CCNS1:C(Cl):C:C:C(C=CC=CC=CN2NC(S(=O)(=O)[O][Na])C(=C(C#N)C#N)C2C(F)(F)F):S:1Cl,611.1170971229192,15.811961349713707
9536,48,9,20,17,17,4237,22,5,13,26,CCN(CC)[SH]1C(C=CC=CC=CC=CC2=C(Cl)C=C(NC(C)=O)C2=O)C[SH](C(F)(F)F)C1[O][Na],610.3302821512834,29.80702137522843
67,1,11,25,7,17,6707,34,11,19,9,CCN(CC)C1CN(C(=O)[O][Na])C(N)(C=CC=CC=CC=CC2=C(OC)C(=N)C=C2N)C1,610.1285723396425,18.47780219853733
2475,13,7,2,24,16,3161,16,6,22,21,COC1:C:C:C(C=CC=CC=CN2:C:C(Br):N(S(=O)(=O)O):C:C:2[N+](=O)O):C(C(C)C):S:1[SH](=O)=O,609.9893217874016,22.505205606597535
5378,27,21,24,19,16,5690,29,15,16,23,CCNC1C(CN(CC(=O)O)CC(=O)O)CN[SH]1(C=CC=CC=CC1NN(Br)C(C(C)C)C1C(=O)[O][Na])=C(C#N)C#N,608.4338585426851,24.589432121037127
427,3,6,22,9,17,908,5,20,21,3,CCN(CC)C1:C(S(=O)(=O)O):C:C([N+](=O)O):N:C:1C=CC=CC=CC=CS1:C:C(C):C:C(Br):C:1[O][Na],607.0718040664698,14.626035244633384
8667,44,10,4,15,17,4686,24,18,15,17,CCOC(=O)C1CC(=C(C#N)C#N)C(C(F)(F)F)N1C=CC=CC=CC=CC1:C(=C(C#N)C#N):C:C:S(CC):N:1S(=O)(=O)[O][Na],606.709727412492,12.15744388812209
5078,26,15,13,9,16,4342,22,23,1,15,CCNC1=C(C=CC=CC=CC2(N(CC)CC)SC(=C(C#N)C#N)CC2NC(C)=O)C(=C(C#N)C#N)C=C1N(C)C,606.563259217706,20.4044423911828
4686,24,18,15,17,17,8573,43,10,9,9,CCOC(=O)C1CC(=C(C#N)C#N)C(C=CC=CC=CC=CN2:C:C(N(CC)CC):C:C(N(CC)CC):N:2S(=O)(=O)[O][Na])(C(F)(F)F)N1,603.808869150804,19.310384643605737
403,3,14,13,6,17,6717,34,18,21,12,CCOC(=O)C1(C=CC=CC=CC=CC2:C:C([N+](=O)O):C(NC(C)=O):C(C(=O)O):N:2)CC(O)CN1Br,603.2761708504397,19.704043488019924
2592,13,17,5,3,16,9428,48,20,13,11,CC(=O)NC1SCS(C=CC=CC=CC2:C:C:C(C(F)(F)F):S(Cl):C:2C)([O][Na])C1N,603.0920519312189,22.34301415833462
7126,36,15,14,14,3,4120,21,4,23,20,CCNC1:C([O][Na]):S:C:C:S:1(C=CC(=O)CC(=O)C=CC1(C(=O)O)C(=C(C#N)C#N)OCC1C(=O)O)CC,601.1411795576655,25.414209254543653
2102,11,20,23,14,15,168,1,21,19,25,CCNC1:N:C(C(=O)O):C:C(C=CC=CCC2=CC(Br)=C(C(=O)[O][Na])C2=N):C:1[O][Na],601.0128181013031,40.21213497034544
5290,27,19,23,25,17,7493,38,23,21,18,CCNN1CC(=N)C(C=CC=CC=CC=CC2CC(C(=O)OCC)C(Br)[SH]2NCC)N1C(=O)[O][Na],600.8046702492657,10.858343284918371
8602,44,12,20,21,17,5608,29,21,25,17,N=C1NS(Br)(C=CC=CC=CC=CC2:C(Br):C:C([O][Na]):S:N:2O)CC1C(F)(F)F,600.749014064913,39.67610693276597
5411,28,11,2,22,17,826,5,9,10,5,CCN(CC)C1:C(S(=O)(=O)[O][Na]):C(Cl):C:C:S:1C=CC=CC=CC=CC1ON(N)C([SH](=O)=O)C1S(=O)(=O)O,600.4099647994783,21.16310311112519
5078,26,15,13,9,15,5166,26,19,13,15,CCN(CC)C1(C=CC=CC[SH]2C(=C(C#N)C#N)CC(NC(C)=O)C2C(=O)[O][Na])SC(=C(C#N)C#N)CC1NC(C)=O,599.6759744563237,27.466211881334008
360,2,15,24,21,17,1874,10,4,6,19,CCC1(C=CC=CC=CC=CC2:C(Br):C:C(C(C)C):C:C:2=C(C#N)C#N):C:C:N(C(=O)[O][Na]):C([N+](=O)O):C:1,599.2794310859663,19.656128423313522
2012,11,6,15,13,17,6920,35,7,1,16,COC1NC(N(C)C)C(CN(CC(=O)O)CC(=O)O)C1C=CC=CC=CC=CC1:C:C:N(NC(C)=O):C(=C(C#N)C#N):C:1[N+](=O)O,598.9121558730747,38.58414914630293
5062,26,23,14,1,13,2660,14,5,20,9,CCN[SH]1CC(C(=O)O)CC1(C=CC=CC1:C:C(N(CC)CC):C([O][Na]):S(Cl):C:1)N(C)C,598.6487199471946,45.99019016293399
8258,42,16,26,20,17,9485,48,6,9,22,CCN(CC)C1SC([N+](=O)O)[SH](C=CC=CC=CC=CC2:O:S(CN(CC(=O)O)CC(=O)O):C:C(=O):C:2[O][Na])C1S(=O)(=O)O,598.633029833797,34.9143451300657
8701,44,11,2,10,16,2976,15,20,9,16,CCN(CC)C1:C(CN(CC(=O)O)CC(=O)O):C:C:C(C=CC=CC=CC2:C(S(=O)(=O)[O][Na]):C([SH](=O)=O):C:S:N:2N):S:1[O][Na],598.3093236948146,27.91230637832764
6970,35,23,20,2,17,1779,9,12,17,20,CCNC1CC(C=CC=CC=CC=CC2(O):C:C:C([O][Na]):C(C(F)(F)F):O:2)C([SH](=O)=O)N1[O][Na],597.8743845500971,36.98454798100283
2945,15,25,10,15,17,6522,33,1,17,20,CN(C)C1(C=CC=CC=CC=CC2:C(=C(C#N)C#N):C:C(S(=O)(=O)[O][Na]):S:C:2=N)C[SH](C(F)(F)F)CC1[O][Na],597.8560093022603,20.850870196869906
8253,42,5,25,21,17,5303,27,11,19,17,N=C1:C:S(Cl):O:C(C=CC=CC=CC=CN2C(C(F)(F)F)C(C(=O)[O][Na])CN2N):C:1Br,597.7702369504127,30.322049457451477
3484,18,24,14,16,3,2810,15,9,6,17,CCN(CC)S1:C:C([N+](=O)O):C(C(F)(F)F):C:C:1C=CC(=O)CC(=O)C=CC1:C:S(CN(CC(=O)O)CC(=O)O):C(C(=O)O):C(C(C)C):N:1,597.6974427828103,29.687304972669335
8626,44,23,5,24,17,6648,34,14,17,6,CCNN1:S:C(Cl):C(C(C)C):C:C:1C=CC=CC=CC=CC1(C(=O)O)CC([N+](=O)O)CN1C(F)(F)F,597.5077078948582,25.26220542844666
400,2,26,15,6,15,2246,12,4,19,1,CCC1(CC=CC=CC2:C:C([N+](=O)O):C(=C(C#N)C#N):C(=O):C:2):C:C(N(C)C):C:C:N:1C(=O)[O][Na],597.3075260286535,21.296518701550877
1065,6,24,23,15,17,9513,48,11,5,20,CCNC1:C(C(C)C):B:C(C=CC=CC=CC=CS2(N)CSC(Cl)C2[O][Na]):C:C:1=C(C#N)C#N,596.992998411284,24.428537363142258
6477,33,20,9,20,16,1849,10,20,21,16,CCN(CC)C1C([O][Na])C(C=CC=CC=CC2([O][Na]):C:C:N(CN(CC(=O)O)CC(=O)O):C(Br):C:2)C[SH]1[O][Na],595.9314108223188,29.85321334711614
4345,22,5,4,15,16,2912,15,8,15,17,CCC1=CC(Cl)=C(C=CC=CC=CC2(N=O):C:C(C(F)(F)F):C:C:S:2=C(C#N)C#N)C1=C(C#N)C#N,595.7779100089845,28.34490753534478
5107,26,23,14,13,17,8904,45,26,18,9,CCN[SH]1C(C=CC=CC=CC=CS2(=O):C:C(N(CC)CC):C:C:S:2C(=O)OCC)CC(NC(C)=O)C1C(=O)O,595.630643896549,21.964539872547995
3185,16,19,7,16,16,945,5,11,25,13,CON1:C:C:N(C(=O)[O][Na]):C(C=CC=CC=CS2(N):C:C:C(NC(C)=O):C:C:2=N):C:1CN(CC(=O)O)CC(=O)O,595.4126773491882,29.44042666251575
8718,44,23,4,16,17,2041,11,20,22,15,CCNN1:S:C(CC):C(CN(CC(=O)O)CC(=O)O):C:C:1C=CC=CC=CC=CC1:C:C(=C(C#N)C#N):C:N(S(=O)(=O)O):C:1[O][Na],594.9972174019676,16.657818070400417
808,5,19,14,24,3,2891,15,9,4,9,CCC1:C:C(N(CC)CC):C:C(C=CC(=O)CC(=O)C=CC2:C(C(C)C):C:C(C(=O)O):C:S:2C(=O)[O][Na])(N(CC)CC):S:1,594.8300577265313,30.924744706771783
2623,14,14,20,22,17,7554,38,22,10,14,O=C(O)C1C(C=CC=CC=CC=CC2:C:C:S(C(=O)O):C([O][Na]):C:2S(=O)(=O)O)SC(S(=O)(=O)O)C1S(=O)(=O)[O][Na],594.7938056679028,35.2169356578985
4657,24,14,21,3,3,2660,14,5,20,9,CCN(CC)C1:C:C(C=CC(=O)CC(=O)C=CC2C(C)CC(Br)N2C(=O)O):C:S(Cl):C:1[O][Na],594.7658194266212,23.719136144668294
877,5,8,6,23,16,7512,38,14,10,14,CCNC1:C:C([N+](=O)O):C:S(N=O):C:1C=CC=CC=CC1(C(=O)O)C(C(=O)O)CC[SH]1S(=O)(=O)[O][Na],593.7304451953577,37.01659989849372
4280,22,15,18,13,17,4588,23,20,24,21,CCOC(=O)C1=C(NC(C)=O)C(C=CC=CC=CC=CC2C([O][Na])CC(C(C)C)C2Br)=CC1=C(C#N)C#N,593.5300374694059,25.280794231396655
5035,26,20,11,23,17,6678,34,16,1,18,CCNC1C(C=CC=CC=CC=CC2(CN(CC(=O)O)CC(=O)O)CCC(C(=O)OCC)N2N(C)C)SC([O][Na])C1N,593.328112407244,18.413835098489127
8958,45,21,21,5,17,9416,48,15,6,3,CC1C([N+](=O)O)SC(=C(C#N)C#N)[SH]1C=CC=CC=CC=CC1:C(Cl):C:C:S(Br):S:1Br,592.7706855726576,37.68408351686312
1546,8,18,15,6,3,6298,32,19,17,21,CCOC(=O)C1:C:O:C(=C(C#N)C#N):C([N+](=O)O):C:1C=CC(=O)CC(=O)C=C[SH]1CC(Br)N(C(F)(F)F)C1C(=O)[O][Na],592.19005658683,18.87632627357935
2976,15,20,9,16,13,4680,24,5,13,16,CCN(CC)C1:C(CN(CC(=O)O)CC(=O)O):C:C(C=CC=CN2C(Cl)CC(NC(C)=O)C2CN(CC(=O)O)CC(=O)O):C:S:1[O][Na],592.1549144990679,32.22954313519304
2411,13,4,13,20,19,8978,45,16,11,6,CCC1:C:C:S(NC(C)=O):C([O][Na]):C:1C(=N)S1(CN(CC(=O)O)CC(=O)O):C:C:C([N+](=O)O):C(N):S:1,591.8851654705284,27.782165559392734
5051,26,20,3,5,16,6743,34,14,9,4,CCC1CCN(N(CC)CC)C1(C=CC=CC=CC1C(Cl)C(C)C[SH]1[O][Na])C(=O)O,591.4180235567595,26.779522304361855
2990,15,18,1,4,17,7292,37,20,17,2,CCOC(=O)C1:C(C=CC=CC=CC=CC2([O][Na])COC(C(F)(F)F)C2[SH](=O)=O):C(CC):C:C:S:1N(C)C,591.1273457585476,30.147401513308616
8417,43,8,22,23,17,7585,38,13,17,22,CCNC1:C:C(C=CC=CC=CC=CC2(NC(C)=O)SCC(C(F)(F)F)C2S(=O)(=O)O):N(N=O):N(S(=O)(=O)O):C:1,591.0081480016222,17.164866809006572
8810,45,15,2,17,17,5759,29,17,11,20,N#CC(C#N)=S1:S:C(C=CC=CC=CC=C[SH]2C([O][Na])CC(N)N2C(F)(F)F):C(C(F)(F)F):C:C:1[SH](=O)=O,590.7268344696843,31.329891534136667
2974,15,9,8,13,17,2927,15,6,10,14,CCN(CC)C1:S:C(N=O):C(NC(C)=O):C:C:1C=CC=CC=CC=CC1:C:C(C(=O)O):C(S(=O)(=O)[O][Na]):C:S:1[N+](=O)O,590.0945191719213,18.877780888959954
2411,13,4,13,20,3,7402,38,19,5,1,CCC1:C:C:S(NC(C)=O):C([O][Na]):C:1C=CC(=O)CC(=O)C=CC1(C(=O)[O][Na])CC(N(C)C)C[SH]1Cl,589.9419423560861,36.374613296613624
7460,38,3,3,19,16,7267,37,24,15,20,CC1SCC(C=CC=CC=CC2(C(C)C)C(=C(C#N)C#N)OCC2[O][Na])(C(=O)[O][Na])C1C,589.9089723778383,9.11273846945186
8976,45,13,15,19,17,8798,44,24,23,25,CCNC1:C:S(C(C)C):N(C=CC=CC=CC=CC2:C(C(=O)[O][Na]):C:C(=C(C#N)C#N):S:S:2NC(C)=O):C:C:1=N,589.7603331584139,6.1708603392077634
842,5,9,3,17,16,8560,43,2,13,13,CCN(CC)S1:C(C):C:C(C(F)(F)F):C:C:1C=CC=CC=CN1:C:C:C(NC(C)=O):C(NC(C)=O):N:1[SH](=O)=O,589.6102401674505,26.715343259885202
2954,15,12,19,1,17,2107,11,14,17,5,CN(C)C1:C(C=CC=CC=CC=CC2:C:C:C(Cl):N(C(F)(F)F):C:2C(=O)O):C:S(O):C:C:1C(=O)[O][Na],588.8504371835454,24.752173670828665
3215,17,12,2,16,6,921,5,10,22,16,O=C(O)CN(CC(=O)O)CC1:C:C:C(S(=O)(=O)O):S(=CC2:C(CN(CC(=O)O)CC(=O)O):O:C([SH](=O)=O):C:N:2O)(S(=O)(=O)[O][Na]):C:1,588.3500619148044,34.269924224095604
5661,29,21,3,6,15,350,2,10,14,8,CN1CCC(C=CC=CCC2:C:C(N=O):C:C(C(=O)O):C:2S(=O)(=O)[O][Na])([N+](=O)O)[SH]1Br,587.6563508990743,8.108242834822383
2576,13,25,9,24,17,223,2,20,1,13,CCN(CC)C1:S:C(C(C)C):C(C=CC=CC=CC=CC2:C:C(NC(C)=O):C:C(N(C)C):C:2[O][Na]):C:C:1=N,587.6383357758308,24.353799723093115
1020,6,8,7,25,20,9545,48,15,16,19,COC1:C:C(=N):C:C(C=C(C)C=C[SH]2(=C(C#N)C#N)CC(C(=O)[O][Na])SC2CN(CC(=O)O)CC(=O)O):B:1N=O,587.37573989485,25.162834999706888
2616,14,4,4,7,15,8451,43,23,9,19,CCNN1:C(N(CC)CC):C:C(C(=O)[O][Na]):C:N:1CC=CC=CC1:C:C:S(CC):C(CC):C:1OC,587.2949979230387,26.479735341304334
871,5,19,5,19,13,1944,10,16,21,12,O=C(O)CN(CC(=O)O)CC1(C=CC=CC2:C:C:C(C(=O)[O][Na]):C(Cl):S:2C(=O)[O][Na]):C:C:N(Br):C(O):C:1,587.0984304097408,25.032665435275955
2411,13,4,13,20,2,6888,35,16,24,21,CCC1:C:C:S(NC(C)=O):C([O][Na]):C:1C=CC(=O)C1(CN(CC(=O)O)CC(=O)O)CN(C(C)C)CC1Br,586.9803887153354,34.420753274039285
4079,21,13,14,8,17,1962,10,18,10,11,CCOC(=O)C1:C:C(C=CC=CC=CC=CC2:S:C(NC(C)=O):C(C(=O)O):S:C:2N=O):C:C(N):N:1S(=O)(=O)[O][Na],586.955057863016,15.378554264934007
138,1,21,15,3,16,2496,13,10,18,1,CCOC(=O)S1:C:C:C(C=CC=CC=CC2=C(C)C(=C(C#N)C#N)C=C2Br)(S(=O)(=O)[O][Na]):C:C:1N(C)C,586.828812169427,28.711196436458568
83,1,15,6,3,13,6943,35,6,15,21,CC1=C([N+](=O)O)C(=C(C#N)C#N)C=C1C=CC=CC1([N+](=O)O)CCN(Br)C1=C(C#N)C#N,586.746434409761,18.368299199081672
5642,29,12,15,5,15,2786,14,8,6,23,CCNC1:C:C(CC=CC=CC2(Cl)CC(=C(C#N)C#N)N[SH]2O):C(N=O):S([N+](=O)O):C:1,586.4671646508941,25.955117589490182
2056,11,20,20,6,8,4453,23,21,1,9,CCN(CC)C1C(=CC=C2:C:C([O][Na]):N([O][Na]):C([N+](=O)O):C:2)CC(Br)C1N(C)C,586.2654708298785,26.34491808555835
8469,43,21,26,3,17,6511,33,4,13,10,CCC1(C=CC=CC=CC=CC2:C:C(C):C(=O):N:N:2Br)C[SH](NC(C)=O)CC1S(=O)(=O)[O][Na],586.0983520363218,21.260942928099468
5779,29,1,11,20,16,2279,12,5,17,24,CC(C)C1:C:C:C(Cl)(C=CC=CC=CC2([O][Na])CCN(N)[SH]2N(C)C):N(C(F)(F)F):C:1,585.9906609354767,6.641938087894755
4641,24,1,20,10,17,5879,30,10,19,25,CN(C)N1C([O][Na])CC(S(=O)(=O)[O][Na])C1C=CC=CC=CC=CN1CN(S(=O)(=O)[O][Na])C(C(=O)[O][Na])C1=N,585.9128042557463,25.39549358252186
853,5,20,15,19,20,7542,38,15,9,20,CCN(CC)C1CC([O][Na])C(C=CC(C)=CC2:C:C(C(=O)[O][Na]):C:C(=C(C#N)C#N):S:2[O][Na])S1=C(C#N)C#N,585.8419891467862,21.215654252629207
2420,13,24,21,11,3,8908,45,10,8,6,CC(C)C1:C(Br):C:S(N):C:C:1C=CC(=O)CC(=O)C=CS1(S(=O)(=O)[O][Na]):C:C([N+](=O)O):C:C(N=O):S:1,585.7085015169724,16.267968398289
2895,15,24,5,21,15,5783,29,15,15,18,CCOC(=O)C1C(=C(C#N)C#N)CN[SH]1(CC=CC=CC1:C:S(C(C)C):C(Cl):C:C:1Br)=C(C#N)C#N,585.2041680321252,27.338431161370043
2263,12,14,4,9,18,1983,10,15,10,10,CCC1:C:N:C(C(=O)O):C(NCC2:C:C(S(=O)(=O)[O][Na]):N(S(=O)(=O)[O][Na]):C(=C(C#N)C#N):C:2):C:1N(CC)CC,584.9374546198542,9.274284567085138
9521,48,19,9,9,16,7341,37,9,25,10,CCN(CC)C1OC(=N)C(S(=O)(=O)[O][Na])C1C=CC=CC=CC1C(N(CC)CC)[SH](N(CC)CC)C[SH]1C(=O)[O][Na],584.8058823701325,25.522656186472176
2618,14,11,6,1,17,5646,29,17,20,4,CCC1CC([O][Na])NS1(C=CC=CC=CC=CC1:C:C(N(C)C):S([N+](=O)O):C:C:1N)C(F)(F)F,584.3085020055199,20.24244963564404
9733,49,7,20,4,17,7546,38,1,23,10,CCNC1C(S(=O)(=O)[O][Na])CC(C=CC=CC=CC=CC2(CC)CN([O][Na])ON2OC)[SH]1N(C)C,584.1446145729712,21.23990750402306
8889,45,9,1,18,17,4669,24,8,17,5,CCOC(=O)C1:C:C(C=CC=CC=CC=CN2C(N=O)CC(C(F)(F)F)C2Cl):S(N(CC)CC):S(N(C)C):C:1,583.9787560480366,23.25248525727669
8813,45,26,17,17,1,9443,48,16,10,16,O=C(O)CN(CC(=O)O)CC1C[SH](S(=O)(=O)[O][Na])CS1(CN(CC(=O)O)CC(=O)O)N=NC1:S:S(=O):C(C(F)(F)F):C:C:1C(F)(F)F,583.8536897048697,22.094170714839624
6562,33,6,16,16,3,2634,14,16,5,1,CN(C)C1:C:C(C=CC(=O)CC(=O)C=CC2(CN(CC(=O)O)CC(=O)O)CC[SH]([N+](=O)O)C2CN(CC(=O)O)CC(=O)O):C:S(CN(CC(=O)O)CC(=O)O):C:1Cl,583.5165144030389,24.08737958189712
8651,44,23,2,3,6,5127,26,19,9,15,CCNN1:S:C([SH](=O)=O):C:C(C):C:1C=S1C(=C(C#N)C#N)C(N(CC)CC)CC1C(=O)[O][Na],583.4526426273791,22.398381312806148
8522,43,10,2,25,17,155,1,21,11,25,N=C1C=C(N)C(Br)=C1C=CC=CC=CC=CC1:N:N:C(S(=O)(=O)[O][Na]):C([SH](=O)=O):C:1=N,583.0668895786619,30.735495776146866
6394,32,10,13,23,17,6887,35,6,15,5,CCNC1(C=CC=CC=CC=CC2([N+](=O)O)CNC(=C(C#N)C#N)C2Cl)CN(NC(C)=O)C(S(=O)(=O)[O][Na])S1,582.9164970890221,19.611072505834247
5890,30,23,16,19,13,2970,15,14,2,20,CCNN1C(CN(CC(=O)O)CC(=O)O)NC(C(=O)[O][Na])C1C=CC=CC1(C(=O)O):C:C:C([O][Na]):C([SH](=O)=O):S:1,582.8788732872819,30.190492418918815
5190,26,23,10,24,3,2903,15,16,6,5,CCNC1CC(S(=O)(=O)[O][Na])C(C=CC(=O)CC(=O)C=CC2:C:C(Cl):C:C([N+](=O)O):S:2CN(CC(=O)O)CC(=O)O)(C(C)C)S1,582.8421863923438,30.359955848300892
2884,15,21,23,8,16,6239,32,17,11,20,CCNS1:C:C(N=O):C:C(C=CC=CC=CS2(C(F)(F)F)CCN([O][Na])C2N):C:1Br,582.5316646043436,23.611214591631505
3,1,15,5,2,15,9421,48,6,17,10,N#CC(C#N)=C1C=C(C=CC=CC[SH]2C([N+](=O)O)SC(C(F)(F)F)C2S(=O)(=O)[O][Na])C([SH](=O)=O)=C1Cl,582.5136370122138,30.484786403397425
9761,49,20,16,10,17,3,1,15,5,2,N#CC(C#N)=C1C(C=CC=CC=CC=CC2C(S(=O)(=O)[O][Na])N(CN(CC(=O)O)CC(=O)O)ON2[O][Na])=CC([SH](=O)=O)=C1Cl,582.4615875837001,25.163743487467706
3289,17,20,1,24,15,6272,32,9,6,21,CCN(CC)C1NC([N+](=O)O)C(Br)[SH]1CC=CC=CC1:C(C(C)C):O:C:C(N(C)C):N:1[O][Na],582.3480745608538,25.799390977980377
6715,34,16,24,20,3,4115,21,7,4,8,CCC1:C(N=O):S:C:C:S:1(C=CC(=O)CC(=O)C=CC1([O][Na])CN(CN(CC(=O)O)CC(=O)O)CC1C(C)C)OC,582.3163959328732,26.473062824495788
2781,14,21,9,10,3,5845,30,11,10,25,CCN(CC)S1:C:C(S(=O)(=O)[O][Na]):C(C=CC(=O)CC(=O)C=CN2CC(=N)N(S(=O)(=O)[O][Na])C2N):C:C:1Br,581.9447538066196,18.460741822454782
5117,26,13,10,3,16,8,1,26,22,21,CC(=O)N[SH]1C(C=CC=CC=CC2=CC(=O)C(S(=O)(=O)O)=C2Br)CC(C)C1S(=O)(=O)[O][Na],581.5766171168073,30.413103662331057
8910,45,7,10,15,3,5779,29,1,11,20,COS1:S:C:C(S(=O)(=O)[O][Na]):C(=C(C#N)C#N):C:1C=CC(=O)CC(=O)C=CS1(N(C)C)C([O][Na])CCN1N,581.5128805259756,30.54925490930609
7312,37,11,23,10,3,9596,48,21,20,15,CCNC1OC(N)CC1(C=CC(=O)CC(=O)C=CS1(Br)CC(=C(C#N)C#N)[SH]([O][Na])C1)S(=O)(=O)[O][Na],581.4641260059268,12.009958045180994
5070,26,10,22,16,17,6265,32,19,1,22,CN(C)C1NC(S(=O)(=O)O)CS1(C=CC=CC=CC=CC1(CN(CC(=O)O)CC(=O)O)SC(S(=O)(=O)[O][Na])CC1S(=O)(=O)O)C(=O)[O][Na],581.425911768418,22.01425570791717
3590,18,22,2,1,17,5631,29,20,5,21,CN(C)C1:S:C([SH](=O)=O):C:N(S(=O)(=O)O):C:1C=CC=CC=CC=CS1([O][Na])CCC(Br)N1Cl,581.3783164709794,31.162514601093786
2564,13,24,3,19,1,8951,45,16,8,1,CC(C)C1:C:C(N=NS2:C:C(N(C)C):C(N=O):C:S:2CN(CC(=O)O)CC(=O)O):C(C(=O)[O][Na]):S(C):C:1,581.1996390352567,24.115839167780255
8775,44,19,15,8,16,6622,34,18,12,21,CCOC(=O)N1CC(O)C(Br)C1C=CC=CC=CC1:C:C(N=O):C:S(=C(C#N)C#N):N:1C(=O)[O][Na],581.1633032067883,17.54185436502498
2284,12,15,21,23,19,5665,29,5,4,10,CCNC1:C:C(C(=N)[SH]2CC(S(=O)(=O)[O][Na])C(CC)N2Cl):C(=C(C#N)C#N):N(Br):C:1,581.0790976137207,39.143597320643394
5767,29,13,16,23,3,2441,13,23,24,17,CCNC1CN(CN(CC(=O)O)CC(=O)O)[SH](NC(C)=O)C1C=CC(=O)CC(=O)C=CC1(NCC):C:C(C(C)C):S:C(C(F)(F)F):C:1,581.044045217531,18.541994620939835
5657,29,26,20,19,17,3520,18,19,4,6,CCC1:S:C([N+](=O)O):C:N(C=CC=CC=CC=CC2C(C(=O)[O][Na])CN([O][Na])S2=O):C:1C(=O)[O][Na],580.811801091934,20.966503588827315
8926,45,1,16,24,17,9468,48,4,25,6,CCS1(C=CC=CC=CC=CC2:C:C:C(C(C)C):S(CN(CC(=O)O)CC(=O)O):S:2N(C)C)C(=N)SCC1[N+](=O)O,580.5739503557652,37.69884719097589
6412,33,14,19,15,3,1995,10,15,21,19,N#CC(C#N)=C1SC(C(=O)[O][Na])C(C(=O)O)C1C=CC(=O)CC(=O)C=CC1:C:C(C(=O)[O][Na]):N:C(Br):C:1=C(C#N)C#N,580.478996049854,25.727262451998836
5594,28,8,18,16,17,865,5,21,12,24,CCOC(=O)C1C(N=O)NOC1(C=CC=CC=CC=CS1:C:C(C(C)C):C(O):C:C:1Br)CN(CC(=O)O)CC(=O)O,580.466003066949,24.314764491345137
8547,43,7,9,10,17,203,2,13,16,2,CCN(CC)C1:C:C(S(=O)(=O)[O][Na]):C(C=CC=CC=CC=CC2:C:C:C([SH](=O)=O):C(CN(CC(=O)O)CC(=O)O):C:2NC(C)=O):N(OC):N:1,580.3945326896911,27.85121519843366
2670,14,15,7,7,20,6805,35,19,24,15,COC1:C:S(OC):C(=C(C#N)C#N):C:C:1C=C(C)C=CC1(C(=O)[O][Na])CNC(C(C)C)C1=C(C#N)C#N,580.3122756080277,22.20616578034126
6441,33,15,17,11,17,1390,7,9,24,4,CCC1:C:C(C=CC=CC=CC=CC2(N)CC(=C(C#N)C#N)[SH](C(F)(F)F)C2):C(N(CC)CC):C(C(C)C):O:1,578.8181974395233,20.484239640242627
2284,12,15,21,23,17,1233,7,18,15,3,CCNC1:C:C(C=CC=CC=CC=CC2(C(=O)OCC):C:C(C):O:C:C:2=C(C#N)C#N):C(=C(C#N)C#N):N(Br):C:1,578.3949326474342,27.63151325031246
5799,29,15,14,15,20,3368,17,1,1,19,CC(C=CN1:C:C(C(=O)[O][Na]):O:C(N(C)C):C:1N(C)C)=CC1C(=C(C#N)C#N)CN(C(=O)O)S1=C(C#N)C#N,578.3280784007436,25.9816777879549
7164,36,14,24,22,16,2611,14,17,23,9,CCNS1:C:C(N(CC)CC):C:C(C=CC=CC=CC2(S(=O)(=O)O)C(C(=O)O)OCC2C(C)C):C:1C(F)(F)F,578.0672855599887,16.95663928596756
7161,36,9,21,8,17,6898,35,14,20,23,CCNN1CCC(C=CC=CC=CC=CC2(N=O)COC(N(CC)CC)C2Br)(C(=O)O)C1[O][Na],577.8570050065575,34.00122309258236
5043,26,25,17,16,3,856,5,6,4,3,CCC1:C(C):C:S(C=CC(=O)CC(=O)C=CC2C(CN(CC(=O)O)CC(=O)O)C(C(F)(F)F)CS2=N):C:C:1[N+](=O)O,577.7927926672926,17.352187589478195
3070,16,23,3,8,3,2024,11,19,25,23,CCNC1:C:C(C=CC(=O)CC(=O)C=CC2:C:N(N=O):C(C):C:N:2NCC):C:N(C(=O)[O][Na]):C:1=N,577.4525471880622,16.22455774646129
4620,24,5,19,15,2,33,1,18,15,7,CCOC(=O)C1=CC(=C(C#N)C#N)C(OC)=C1C(=O)C=CC1C(=C(C#N)C#N)CC(C(=O)[O][Na])N1Cl,577.3914038203267,9.179504789288949
7424,38,23,25,19,17,9455,48,1,23,1,CCNC1SC(N(C)C)[SH](C=CC=CC=CC=CC2CC(C(=O)[O][Na])S(=N)C2NCC)C1N(C)C,577.2988778301565,31.901871414483107
2235,12,14,7,11,15,6997,35,4,19,14,CCC1(CC=CC=CC2:C:N:C(C(=O)O):C(OC):C:2N)CC(C(=O)O)NC1C(=O)[O][Na],577.0032406462207,9.362907658339527
2284,12,15,21,23,17,2972,15,5,18,10,CCNC1:C:C(C=CC=CC=CC=CC2:C:C(S(=O)(=O)[O][Na]):C(C(=O)OCC):C(Cl):S:2):C(=C(C#N)C#N):N(Br):C:1,576.7598401720339,14.347939330391476
1830,10,15,3,20,6,5760,29,19,22,25,CC1:C:C(=C(C#N)C#N):C(C=[SH]2(C(=O)[O][Na])CCC(=N)N2S(=O)(=O)O):C:N:1[O][Na],576.7187098164467,36.394638113595214
9254,47,14,15,18,17,5706,29,21,5,3,CCOC(=O)C1:C(C=CC=CC=CC=CS2(Br)CCC(C)N2Cl):O:C:S(C(=O)O):C:1=C(C#N)C#N,576.4627571901243,24.202100511923753
6412,33,14,19,15,6,1992,10,20,20,24,CC(C)C1:C:C(=CC2C(=C(C#N)C#N)SC(C(=O)[O][Na])C2C(=O)O):C:C([O][Na]):N:1[O][Na],576.4128186401679,27.34595617874994
6211,32,19,4,16,16,9527,48,12,21,1,CCN1C[SH](C(=O)[O][Na])C(C=CC=CC=CS2(O)CSC(Br)C2N(C)C)(CN(CC(=O)O)CC(=O)O)C1,575.3059020619378,24.66046397006086
6635,34,20,20,8,16,3520,18,19,4,6,CCC1:S:C([N+](=O)O):C:N(C=CC=CC=CC2CC(N=O)N([O][Na])C2[O][Na]):C:1C(=O)[O][Na],575.270627215699,17.644617445515575
6502,33,20,15,14,16,7107,36,22,21,26,N#CC(C#N)=S1CC([O][Na])C(C=CC=CC=CC2(S(=O)(=O)O)OCC(Br)C2=O)C1C(=O)O,574.9403289188156,31.07341554434821
2455,13,14,20,13,19,7598,38,24,23,15,CCN[SH]1C(=C(C#N)C#N)CCC1(C(=N)C1:C(C(=O)O):C:C:S([O][Na]):C:1NC(C)=O)C(C)C,574.9085851085124,31.092659770328662
923,5,9,14,12,16,2237,12,21,15,15,CCN(CC)C1:S:C(C=CC=CC=CC2:C:C(=C(C#N)C#N):C(=C(C#N)C#N):C:N:2Br):C:C(O):C:1C(=O)O,574.5188394649991,17.720808702470194
115,1,15,22,4,15,819,5,24,3,10,CCC1=C(S(=O)(=O)O)C(=C(C#N)C#N)C(C=CC=CCS2(C(C)C):C:C:C:C(S(=O)(=O)[O][Na]):C:2C)=C1,574.2807962886551,42.705763678322164
5202,27,18,19,14,20,944,5,17,13,3,CCOC(=O)N1CC(C(=O)[O][Na])C(C=C(C)C=CS2:C:C:C(C):C(NC(C)=O):C:2C(F)(F)F)(C(=O)O)N1,574.2789247587916,30.32736277541546
115,1,15,22,4,17,5738,29,19,6,19,CCC1=C(S(=O)(=O)O)C(=C(C#N)C#N)C(C=CC=CC=CC=CS2(C(=O)[O][Na])CC(C(=O)[O][Na])C([N+](=O)O)N2)=C1,574.2447498336084,25.353029020228373
3496,18,18,20,14,17,6325,32,1,16,22,CCOC(=O)N1:C:C([O][Na]):S:C(C(=O)O):C:1C=CC=CC=CC=C[SH]1C(N(C)C)N(CN(CC(=O)O)CC(=O)O)CC1S(=O)(=O)O,573.8096205725317,25.18457975973853
5080,26,4,20,19,17,5701,29,4,13,23,CCNC1CN(NC(C)=O)S(C=CC=CC=CC=CC2(C(=O)[O][Na])SCC(CC)C2[O][Na])(CC)C1,573.7978755039017,16.732460484653423
737,4,8,16,23,8,1852,10,24,19,21,CCNC1:C:C(=CC=C2:C:C:N(Br):C(C(=O)[O][Na]):C:2C(C)C):O:C(N=O):C:1CN(CC(=O)O)CC(=O)O,573.690986349024,40.855579630596445
952,5,16,7,22,17,4482,23,16,22,2,COC1:C:S(CN(CC(=O)O)CC(=O)O):C(C=CC=CC=CC=CC2(CN(CC(=O)O)CC(=O)O)CC([SH](=O)=O)C(S(=O)(=O)O)C2):C:C:1S(=O)(=O)O,573.3147203353651,15.010438502632876
2981,15,19,13,6,15,8951,45,16,8,1,CC(=O)NS1:C([N+](=O)O):C:C:C(C=CC=CCS2:C:C(N(C)C):C(N=O):C:S:2CN(CC(=O)O)CC(=O)O):C:1C(=O)[O][Na],573.2228238836448,27.09117162051581
5070,26,10,22,16,17,5093,26,6,5,26,O=C(O)CN(CC(=O)O)CC1(C=CC=CC=CC=CS2([N+](=O)O)CC(Cl)CC2=O)SC(S(=O)(=O)[O][Na])CC1S(=O)(=O)O,573.0914854801118,27.86131791330914
5348,27,24,7,10,2,2770,14,14,15,1,COC1CN(C(C)C)NC1(C=CC(=O)C1:C:C(N(C)C):C(=C(C#N)C#N):S:C:1C(=O)O)S(=O)(=O)[O][Na],572.9376508020259,30.574212639924074
985,5,21,7,4,20,1763,9,5,4,9,CCC1:C:C:C(OC):S(Br):C:1C=C(C)C=CC1(Cl):C:C:C(N(CC)CC):C(CC):O:1,572.7121830818753,27.248131230722496
8701,44,11,2,10,13,1718,9,9,12,10,CCN(CC)C1(C=CC=CC2:C(S(=O)(=O)[O][Na]):C([SH](=O)=O):C:S:N:2N):C:C:C(S(=O)(=O)[O][Na]):C(O):O:1,572.4119252338685,21.059716726954775
851,5,1,9,6,4,8833,45,15,13,12,CCN(CC)C1:C:C:S(N(C)C):C(C=CS2:C:C(O):C(NC(C)=O):C(=C(C#N)C#N):S:2):C:1[N+](=O)O,572.313282351886,13.620832878003979
5571,28,10,24,19,17,6700,34,3,10,21,CC(C)C1C(C(=O)[O][Na])C(C=CC=CC=CC=CC2C(Br)CC(S(=O)(=O)[O][Na])N2C)ON1S(=O)(=O)[O][Na],572.2707756262837,11.651773780469583
7443,38,12,9,23,2,4384,22,26,10,9,CCNC1(C=CC(=O)C2=CC(=O)C(S(=O)(=O)[O][Na])=C2N(CC)CC)CC[SH](N(CC)CC)C1O,572.2338214589344,21.96659067510477
6228,32,11,23,20,15,5822,30,20,15,18,CCNC1NC([O][Na])C(C=CC=CCN2C([O][Na])NC(=C(C#N)C#N)C2C(=O)OCC)[SH]1N,572.0821753426569,17.591561944531286
5671,29,7,20,6,17,6485,33,11,3,12,CON1SC(C=CC=CC=CC=CC2(N)CC[SH](O)C2C)C([N+](=O)O)C1[O][Na],572.0323786593387,15.837000106302435
9292,47,23,21,15,2,211,2,19,24,25,CCNC1:O:C(C=CC(=O)C2(C(=O)[O][Na]):C:C:C(C(C)C):C(=N):C:2):C(=C(C#N)C#N):C(Br):S:1,572.0282407497891,18.124821002496013
7341,37,9,25,10,16,4623,24,22,8,16,CCN(CC)C1CC(C=CC=CC=CN2CC(CN(CC(=O)O)CC(=O)O)C(N=O)C2S(=O)(=O)O)(S(=O)(=O)[O][Na])C(=N)O1,571.9869037034935,37.26269458610917
3856,20,10,15,8,3,3541,18,17,6,12,N#CC(C#N)=S1:C:C(S(=O)(=O)[O][Na]):O:C(C=CC(=O)CC(=O)C=CN2:C:C(O):S:C([N+](=O)O):C:2C(F)(F)F):C:1N=O,571.6439143742607,20.36706337635353
9622,49,20,24,16,16,1127,6,26,23,11,CCNC1:C:C(N):C:B(C=CC=CC=CC2(CN(CC(=O)O)CC(=O)O)NON([O][Na])C2C(C)C):C:1=O,571.5312988649368,48.198636080392355
7450,38,17,15,4,2,5669,29,24,20,19,CCC1C(=C(C#N)C#N)SC(C(F)(F)F)C1C=CC(=O)S1(C(C)C)CC(C(=O)[O][Na])C([O][Na])N1,571.3334891604563,7.279050979700489
4915,25,15,10,11,17,9561,48,11,17,19,N#CC(C#N)=C1COC(N)(C=CC=CC=CC=C[SH]2C(N)SC(C(F)(F)F)C2C(=O)[O][Na])C1S(=O)(=O)[O][Na],571.3132204463893,12.652603130546481
5900,30,5,2,1,17,1065,6,24,23,15,CCNC1:C(C(C)C):B(C=CC=CC=CC=CC2(N(C)C)CN([SH](=O)=O)C(Cl)N2):C:C:C:1=C(C#N)C#N,571.180801346921,15.589237094320454
6886,35,2,7,10,16,8615,44,24,2,16,COC1N([SH](=O)=O)CCC1(C=CC=CC=CN1:C:C(CN(CC(=O)O)CC(=O)O):C([SH](=O)=O):C(C(C)C):S:1)S(=O)(=O)[O][Na],571.1463455177685,24.35676419431754
5661,29,21,3,6,16,8597,43,17,19,13,CC(=O)NC1:C:C(C(=O)[O][Na]):N(C(F)(F)F):N(C=CC=CC=CC2([N+](=O)O)CCN(C)[SH]2Br):C:1,571.1042236486304,19.451713866530195
5080,26,4,20,19,3,2508,13,9,24,19,CCC1CSC(C=CC(=O)CC(=O)C=CC2:C:C:S(C(=O)[O][Na]):C(C(C)C):C:2N(CC)CC)(C(=O)[O][Na])C1[O][Na],571.0641789008776,32.781936568923314
4591,23,10,10,26,17,2369,12,13,15,22,CC(=O)NC1(C=CC=CC=CC=CC2CC(=O)C(S(=O)(=O)[O][Na])C2S(=O)(=O)[O][Na]):C:C(S(=O)(=O)O):C(=C(C#N)C#N):C:N:1,571.0599295671586,19.556903729988377
8827,45,7,19,25,14,1890,10,22,17,15,COS1:S:C(OC2:C:C(S(=O)(=O)O):N(C(F)(F)F):C(=C(C#N)C#N):C:2):C:C(=N):C:1C(=O)[O][Na],570.9126871704133,29.33604764329669
4125,21,20,24,6,7,1890,10,22,17,15,CC(C)C1:C:S([N+](=O)O):C:C(C=NC2:C:C(S(=O)(=O)O):N(C(F)(F)F):C(=C(C#N)C#N):C:2):S:1[O][Na],570.8554599345185,19.469410930905696
6367,32,19,16,9,16,5745,29,4,18,9,CCOC(=O)C1CC(N(CC)CC)[SH](C=CC=CC=CC2(N(CC)CC)SC(C(=O)[O][Na])NC2CN(CC(=O)O)CC(=O)O)N1CC,570.5658451108854,29.56731112747536
107,1,23,16,25,2,6482,33,11,10,9,CCNC1=C(C=CC(=O)C2C(N)SC(S(=O)(=O)[O][Na])C2N(CC)CC)C(=N)C=C1CN(CC(=O)O)CC(=O)O,570.5332581911185,27.897068086760655
6856,35,14,10,9,16,5083,26,25,16,14,CCN(CC)C1(C=CC=CC=C[SH]2C(=N)C(CN(CC(=O)O)CC(=O)O)CC2C(=O)O)CC(C(=O)O)N(S(=O)(=O)[O][Na])C1,570.5279293674005,39.7353688598354
248,2,15,25,14,7,8836,45,5,10,23,CCNC1:C:C:S(Cl)(N=CC2:C:C:C(C(=O)O):C(=N):C:2=C(C#N)C#N):S:C:1S(=O)(=O)[O][Na],570.0918262588821,18.24931312453613
2411,13,4,13,20,15,4469,23,19,7,23,CCNC1CCC(OC)C1(CC=CC=CC1:C(CC):C:C:S(NC(C)=O):C:1[O][Na])C(=O)[O][Na],569.7427560492331,13.735913805301697
7879,40,19,3,6,13,5620,29,9,17,26,CCN(CC)N1C(C(F)(F)F)C(=O)C[SH]1C=CC=CC1:O:O:C(C(=O)[O][Na]):C(C):C:1[N+](=O)O,569.5993708599218,20.202564454791005
8385,42,20,8,26,16,5808,30,16,17,9,CCN(CC)C1CN(C(F)(F)F)C(CN(CC(=O)O)CC(=O)O)N1C=CC=CC=CC1:C:C(=O):C(N=O):S([O][Na]):O:1,569.4070966360435,35.17472604757257
6294,32,6,2,2,15,2542,13,5,10,16,O=C(O)CN(CC(=O)O)CC1:C:C(Cl)(CC=CC=CC2C([SH](=O)=O)NC([SH](=O)=O)[SH]2[N+](=O)O):C:C(S(=O)(=O)[O][Na]):S:1,569.3296984991186,29.087214319220692
5264,27,13,20,18,16,2504,13,18,13,19,CCOC(=O)C1(C=CC=CC=CC2(C(=O)OCC):C:C(C(=O)[O][Na]):S:C:C:2NC(C)=O)CC([O][Na])NN1NC(C)=O,569.0492938942069,34.601624398155586
813,5,16,23,16,16,8927,45,19,13,12,CCNC1:C(CN(CC(=O)O)CC(=O)O):C:C:C(C=CC=CC=CS2(C(=O)[O][Na]):C:C(O):C(NC(C)=O):C:S:2):S:1CN(CC(=O)O)CC(=O)O,568.9123657369361,39.0382489658197
2501,13,1,15,2,17,6424,33,21,16,11,CN(C)C1:C:C(=C(C#N)C#N):S([SH](=O)=O):C:C:1C=CC=CC=CC=CC1(Br)C(N)CSC1CN(CC(=O)O)CC(=O)O,568.8944264428782,26.10521602696876
7289,37,11,22,24,16,6516,33,9,19,5,CCN(CC)C1(C=CC=CC=CC2(C(C)C)C(N)COC2S(=O)(=O)O)CC(Cl)SC1C(=O)[O][Na],568.6386215999582,20.11235360493564
6319,32,10,24,21,16,4001,21,17,9,8,CCN(CC)S1:C(N=O):C:S(C=CC=CC=CC2(Br)CN(C(C)C)C[SH]2S(=O)(=O)[O][Na]):C:C:1C(F)(F)F,568.5417110905793,12.406663992723388
7435,38,20,6,9,17,5232,27,20,1,6,CCN(CC)C1(C=CC=CC=CC=CN2C([N+](=O)O)C(N(C)C)CN2[O][Na])C([O][Na])SCC1[N+](=O)O,568.2344316788502,16.710364545246332
5534,28,8,15,19,3,6322,32,8,25,14,N#CC(C#N)=C1CC(C=CC(=O)CC(=O)C=C[SH]2CN(N=O)C(=N)C2C(=O)O)(C(=O)[O][Na])ON1N=O,568.109511485391,38.5889343211097
8972,45,10,23,15,2,3092,16,16,11,17,CCNC1:C(=C(C#N)C#N):C:C(C=CC(=O)N2:C:C(C(F)(F)F):N(N):C:C:2CN(CC(=O)O)CC(=O)O):S:S:1S(=O)(=O)[O][Na],567.979946327792,44.78874355098279
3565,18,19,8,8,3,972,5,6,5,11,NC1:C:S(C=CC(=O)CC(=O)C=CC2:C(N=O):S:C:C(N=O):N:2C(=O)[O][Na]):C([N+](=O)O):C:C:1Cl,567.8695595965504,25.623147247817737
7139,36,20,2,11,15,938,5,23,21,9,CCNC1:C(Br):C(N(CC)CC):C:C:S:1CC=CC=CC1C([O][Na])OC([SH](=O)=O)C1N,567.6406273131349,30.4490032014211
1123,6,5,15,4,17,2254,12,5,21,26,CCC1:C:C(=C(C#N)C#N):C(Cl):B:C:1C=CC=CC=CC=CC1(Cl):C:C:C:C(=O):N:1Br,567.3841441234557,12.822104623188936
209,2,21,25,16,15,5166,26,19,13,15,CC(=O)NC1CC(=C(C#N)C#N)[SH](CC=CC=CC2:C:C:C(CN(CC(=O)O)CC(=O)O):C(=N):C:2Br)C1C(=O)[O][Na],567.2369869033024,20.7998700333736
2209,12,12,20,15,3,6908,35,10,21,22,N#CC(C#N)=C1:C:C:N([O][Na]):C(O):C:1C=CC(=O)CC(=O)C=CC1C(S(=O)(=O)O)C(Br)NC1S(=O)(=O)[O][Na],567.1264829963187,12.102008773860522
4073,21,21,17,14,17,1891,10,7,20,10,COC1:C(C=CC=CC=CC=CC2:C:S:C(C(=O)O):C(C(F)(F)F):S:2Br):C:C(S(=O)(=O)[O][Na]):N:C:1[O][Na],567.0421517949018,20.238263012286144
8602,44,12,20,21,4,9473,48,3,18,16,CCOC(=O)C1SC(CN(CC(=O)O)CC(=O)O)CS1(C)C=CC1:C(Br):C:C([O][Na]):S:N:1O,567.0180962001195,28.649734024472178
2496,13,10,18,1,20,6202,32,17,21,19,CCOC(=O)S1:C:C:C(S(=O)(=O)[O][Na]):C(C=C(C)C=CS2(C(F)(F)F)CN(Br)CC2C(=O)[O][Na]):C:1N(C)C,566.9366992673528,18.555793221146946
895,5,15,1,23,3,2154,11,13,2,22,CCNC1:C:C(C=CC(=O)CC(=O)C=CC2(NC(C)=O):C:N:C([SH](=O)=O):C(S(=O)(=O)O):C:2):S:C(=C(C#N)C#N):C:1N(C)C,566.9260828317545,20.42705482798507
3512,18,24,17,19,16,6289,32,11,8,24,CC(C)C1:C:N:C(C=CC=CC=C[SH]2CC(C(C)C)N(N=O)C2N):C(C(=O)[O][Na]):S:1C(F)(F)F,566.8741957000697,19.072031841533683
3748,19,20,12,19,4,5783,29,15,15,18,CCOC(=O)C1C(=C(C#N)C#N)CN[SH]1(C=CC1:O:C([O][Na]):C(O):O:C:1C(=O)[O][Na])=C(C#N)C#N,566.8020934083243,27.656968464370724
51,1,19,10,15,13,6826,35,8,15,20,N#CC(C#N)=C1C=C(C=CC=CC2CN(N=O)C(=C(C#N)C#N)C2[O][Na])C(C(=O)[O][Na])=C1S(=O)(=O)[O][Na],566.789240134805,24.863706961151564
2567,13,7,16,21,16,949,5,14,12,22,COC1:C:C(C=CC=CC=CS2:C:C(S(=O)(=O)O):C:C(O):C:2C(=O)O):C:S(Br):C:1CN(CC(=O)O)CC(=O)O,566.6186077723414,28.226284333475736
5126,26,2,9,10,2,2235,12,14,7,11,CCN(CC)C1CC[SH]([SH](=O)=O)C1(C=CC(=O)C1:C:C(N):C(OC):C(C(=O)O):N:1)S(=O)(=O)[O][Na],566.5508193206151,21.62005855447121
6546,33,18,2,21,16,4342,22,23,1,15,CCNC1=C(C=CC=CC=CC2C[SH](Br)C([SH](=O)=O)C2C(=O)OCC)C(=C(C#N)C#N)C=C1N(C)C,566.2340548889919,26.53491170036732
8763,44,10,17,3,3,5781,29,5,18,16,CCOC(=O)C1CC(CN(CC(=O)O)CC(=O)O)[SH](C=CC(=O)CC(=O)C=CC2:C(C):C:C(C(F)(F)F):S:N:2S(=O)(=O)[O][Na])N1Cl,566.2110214538458,15.352203691265693
9577,48,6,10,1,16,4068,21,10,11,12,CN(C)C1(C=CC=CC=CS2:C:C(O):S(N):C:C:2S(=O)(=O)[O][Na])C[SH](S(=O)(=O)[O][Na])C[SH]1[N+](=O)O,566.0869400847889,21.364875492249972
4401,23,25,15,14,4,9545,48,15,16,19,N#CC(C#N)=C1C(=N)CC(C=C[SH]2(=C(C#N)C#N)CC(C(=O)[O][Na])SC2CN(CC(=O)O)CC(=O)O)C1C(=O)O,565.9169512597222,39.04649422607114
4552,23,9,10,6,8,4428,23,4,18,19,CCOC(=O)C1C(C(=O)[O][Na])CC(=CC=C2CC([N+](=O)O)C(S(=O)(=O)[O][Na])C2N(CC)CC)C1CC,565.8937971953862,13.359957816674308
317,2,26,10,25,2,314,2,23,21,21,CCNC1:C:C(Br):C(Br):C:C:1C(=O)C=CC1:C:C(=N):C:C(S(=O)(=O)[O][Na]):C:1=O,565.6345162298337,28.242734973276985
3750,19,4,19,5,3,4748,24,13,12,14,CCC1:O:C(C=CC(=O)CC(=O)C=CN2CC(NC(C)=O)C(O)C2C(=O)O):C(Cl):O:C:1C(=O)[O][Na],565.5405509534087,20.544555938216796
4411,23,16,20,4,15,7055,36,16,24,10,CCC1C([O][Na])CC(CN(CC(=O)O)CC(=O)O)C1C=CC=CCC1OC(CN(CC(=O)O)CC(=O)O)C(C(C)C)C1S(=O)(=O)[O][Na],565.3752450778002,20.206865610431162
825,5,2,16,21,3,7566,38,21,6,20,O=C(O)CN(CC(=O)O)CC1:C:C:S([SH](=O)=O):C(C=CC(=O)CC(=O)C=CC2(Br)SC([N+](=O)O)CC2[O][Na]):C:1Br,565.3609858954053,26.741970535541284
8975,45,1,20,17,3,4100,21,18,7,1,CCOC(=O)C1:C(OC):S(N(C)C):C:C:S:1C=CC(=O)CC(=O)C=CC1:C:C(C(F)(F)F):C:S([O][Na]):S:1N(C)C,565.1264305857655,22.30567501992505
4552,23,9,10,6,2,2822,15,14,12,9,CCN(CC)C1:C:C:C(C(=O)C=CC2CC([N+](=O)O)C(S(=O)(=O)[O][Na])C2N(CC)CC):S(C(=O)O):C:1O,565.0733450579062,31.154958523686805
755,4,8,3,17,17,2248,12,16,22,19,CC1:C(C(F)(F)F):C:C(C=CC=CC=CC=CC2:C:C(C(=O)[O][Na]):C:C(S(=O)(=O)O):N:2CN(CC(=O)O)CC(=O)O):O:C:1N=O,564.8474958780797,28.517867193241027
8821,45,23,4,18,8,6861,35,5,1,10,CCNS1:C:C(CC):C(C(=O)OCC):C(=CC=C2C(Cl)N(N(C)C)CC2S(=O)(=O)[O][Na]):S:1,564.8041269959174,18.724580765080503
8549,43,19,4,13,15,5340,27,4,12,10,CCN1C(O)CC(S(=O)(=O)[O][Na])N1CC=CC=CC1:C:C:C(NC(C)=O):N(CC):N:1C(=O)[O][Na],564.6487319152911,20.081223177503063
7420,38,15,19,18,2,4183,21,12,5,9,CCOC(=O)C1C(C=CC(=O)S2(O):C:C:S:C(N(CC)CC):C:2Cl)C(=C(C#N)C#N)SC1C(=O)[O][Na],564.5554161421122,23.497841749526017
8434,43,23,25,25,3,4018,21,18,23,10,CCNC1:C:S(C=CC(=O)CC(=O)C=CC2:C(=N):C(=N):C:N:N:2NCC)(C(=O)OCC):C:C(S(=O)(=O)[O][Na]):S:1,564.2074879889916,18.770989194550967
9402,48,25,19,11,17,6747,34,10,11,24,CC(C)C1CC(C=CC=CC=CC=CC2C(N)[SH](C(=O)[O][Na])CS2=N)(S(=O)(=O)[O][Na])NC1N,563.7146988159114,15.117192739357012
3500,18,19,6,17,3,5718,29,3,16,13,CC(=O)NC1CCS(C)(C=CC(=O)CC(=O)C=CC2:C(C(F)(F)F):S:C:C([N+](=O)O):N:2C(=O)[O][Na])N1CN(CC(=O)O)CC(=O)O,563.5778710509265,41.67488762261092
2654,14,8,23,8,16,2227,12,1,21,20,CCNS1:C:C(N=O):C(C=CC=CC=CC2:C:C([O][Na]):C(Br):C(N(C)C):N:2):C:C:1N=O,563.5557217223584,27.632331058208134
2982,15,19,20,23,2,6595,33,25,8,19,CCNC1:C:C:C(C=CC(=O)C2C(=N)SC(N=O)C2C(=O)[O][Na]):C(C(=O)[O][Na]):S:1[O][Na],563.4112272374822,31.35886942347418
2180,11,4,23,15,17,7311,37,22,25,21,CCNN1:C:C(CC):C(C=CC=CC=CC=CC2C(Br)C(=N)OC2S(=O)(=O)O):C(=C(C#N)C#N):C:1,563.1290335764186,17.312952179859607
3705,19,6,4,8,20,6270,32,20,20,19,CCC1:O:C(N=O):C(C=C(C)C=CS2([O][Na])CNC([O][Na])C2C(=O)[O][Na]):O:C:1[N+](=O)O,562.9392936113916,17.341517587430257
4053,21,15,14,18,17,358,2,16,7,8,CCOC(=O)C1:C(C=CC=CC=CC=CC2:C:C:C(N=O):C(OC):C:2CN(CC(=O)O)CC(=O)O):S:C(=C(C#N)C#N):C:S:1C(=O)O,562.7312681271103,19.42339452523181
6281,32,13,10,1,17,5035,26,20,11,23,CCNC1C[SH](C=CC=CC=CC=CC2(N(C)C)C(S(=O)(=O)[O][Na])NC[SH]2NC(C)=O)C([O][Na])C1N,562.6883773536257,19.64653059052548
2247,12,13,25,16,3,3520,18,19,4,6,CCC1:S:C([N+](=O)O):C:N(C=CC(=O)CC(=O)C=CC2:C:N:C(NC(C)=O):C(=N):C:2CN(CC(=O)O)CC(=O)O):C:1C(=O)[O][Na],562.6487327380655,21.50410271651573
5795,29,6,14,20,16,2918,15,7,9,16,CCN(CC)C1:C:S:C(C=CC=CC=CC2([O][Na])CC(C(=O)O)N([N+](=O)O)S2)(OC):C:C:1CN(CC(=O)O)CC(=O)O,562.6023446517147,33.68261585745606
2411,13,4,13,20,1,2480,13,22,2,21,CCC1:C:C:S(NC(C)=O):C([O][Na]):C:1N=NC1:C:C:S(Br):C([SH](=O)=O):C:1S(=O)(=O)O,562.2988937585335,11.195981453922403
5732,29,20,1,19,16,4499,23,4,16,26,CCC1(C=CC=CC=CC2CC(C(=O)[O][Na])N(N(C)C)[SH]2[O][Na])CCC(CN(CC(=O)O)CC(=O)O)C1=O,562.2430950276278,20.57969044325099
4568,23,5,16,10,13,5399,27,17,6,5,O=C(O)CN(CC(=O)O)CC1C(Cl)CC(C=CC=CN2NC(C(F)(F)F)C([N+](=O)O)C2Cl)C1S(=O)(=O)[O][Na],562.2362494113885,23.207571963210285
2723,14,1,15,21,15,2239,12,18,25,20,CCOC(=O)C1:N:C(CC=CC=CC2:C:C(Br):S(=C(C#N)C#N):C:C:2N(C)C):C:C([O][Na]):C:1=N,561.783957986544,14.052951614668446
8674,44,22,10,1,13,7428,38,11,23,13,CCNC1C[SH](N)C(C=CC=CC2:C:C(N(C)C):C(S(=O)(=O)[O][Na]):S(S(=O)(=O)O):N:2)C1NC(C)=O,561.7026721917235,18.605984733845524
4705,24,6,20,18,13,4084,21,17,19,26,CCOC(=O)C1CC(C=CC=CS2:C:C(=O):S:C(C(=O)[O][Na]):C:2C(F)(F)F)N([N+](=O)O)C1[O][Na],561.5088710257623,12.963439789289236
9730,49,10,17,11,15,7407,38,13,25,1,CC(=O)N[SH]1C(=N)CC(N(C)C)C1CC=CC=CC1(N)CN(C(F)(F)F)ON1S(=O)(=O)[O][Na],561.2270303944418,15.261625777533894
3480,18,23,13,18,20,4591,23,10,10,26,CCNN1:C(NC(C)=O):C:S:C(C(=O)OCC):C:1C=C(C)C=CC1(S(=O)(=O)[O][Na])CCC(=O)C1S(=O)(=O)[O][Na],561.175772845381,11.38193875630199
17,1,19,25,4,13,1333,7,9,10,11,CCC1=C(C=CC=CC2(N(CC)CC):C:C(N):O:C:C:2S(=O)(=O)[O][Na])C(C(=O)[O][Na])=CC1=N,561.1502787074617,14.95193998844053
7219,37,9,6,13,4,4394,22,15,14,19,CCN(CC)C1C([N+](=O)O)OCC1(C=CC1=C(C(=O)[O][Na])C=C(C(=O)O)C1=C(C#N)C#N)NC(C)=O,561.0362372656822,25.159088786259446
8433,43,24,19,6,3,7206,37,21,15,25,CC(C)C1:N:N:C(C=CC(=O)CC(=O)C=CC2(Br)C(=N)COC2=C(C#N)C#N):C([N+](=O)O):C:1C(=O)[O][Na],560.9963595544568,15.804537963380897
3565,18,19,8,8,2,8985,45,4,4,4,CCC1:C:C:S(CC)(C(=O)C=CC2:C(N=O):S:C:C(N=O):N:2C(=O)[O][Na]):S:C:1CC,560.986912279971,12.958095679070656
8557,43,2,18,20,15,6294,32,6,2,2,CCOC(=O)N1:C:C:C([O][Na]):C(C=CC=CCS2([N+](=O)O)CC([SH](=O)=O)NC2[SH](=O)=O):N:1[SH](=O)=O,560.9720607499297,28.04205215568823
2250,12,4,1,23,17,6440,33,3,19,4,CCNC1:C:C(N(C)C):N:C(CC):C:1C=CC=CC=CC=CC1(C)CC[SH](CC)C1C(=O)[O][Na],560.8868751683533,11.191582394796654
4142,21,6,9,11,13,6265,32,19,1,22,CCN(CC)C1:C:S([N+](=O)O):C(C=CC=CS2(C(=O)[O][Na])CC(S(=O)(=O)O)NC2N(C)C):C:S:1N,560.8632204609654,16.125255263704176
920,5,7,9,24,3,6258,32,19,13,3,CCN(CC)C1:C:C(C(C)C):C:C(C=CC(=O)CC(=O)C=CS2(C(=O)[O][Na])CCN(C)C2NC(C)=O):S:1OC,560.835939693871,40.9933302214443
8882,45,18,6,1,20,5287,27,8,8,16,CCOC(=O)S1:C(C=C(C)C=CN2NC(N=O)C(N=O)C2CN(CC(=O)O)CC(=O)O):C:C(N(C)C):C:S:1[N+](=O)O,560.7947359742063,31.833106563210524
918,5,13,7,24,20,3161,16,6,22,21,COC1:C(C(C)C):C:C:C(C=C(C)C=CN2:C:C(Br):N(S(=O)(=O)O):C:C:2[N+](=O)O):S:1NC(C)=O,560.792874494546,23.535891304537955
7827,40,8,6,16,19,2910,15,21,23,11,CCNC1:C(N):C:C:C(C(=N)C2:O:O:C(N=O):C([N+](=O)O):C:2CN(CC(=O)O)CC(=O)O):S:1Br,560.5983409373056,30.3738894486582
8480,43,17,2,10,17,2570,13,5,21,9,CCN(CC)C1:S:C:C:C(Cl)(C=CC=CC=CC=CC2:N:N(C(F)(F)F):C:C([SH](=O)=O):C:2S(=O)(=O)[O][Na]):C:1Br,560.57436907891,17.78408875201191
7436,38,13,24,6,17,110,1,1,25,8,CC(=O)NC1SC(C(C)C)C([N+](=O)O)C1C=CC=CC=CC=CC1=C(N=O)C(=N)C=C1N(C)C,560.2872207374,13.108015356580657
8458,43,4,9,10,2,4436,23,18,21,5,CCOC(=O)C1(C(=O)C=CC2:C(S(=O)(=O)[O][Na]):C:C:N(N(CC)CC):N:2CC)CCC(Cl)C1Br,559.9623629712148,17.123442704155025
4915,25,15,10,11,1,5690,29,15,16,23,CCNC1C(CN(CC(=O)O)CC(=O)O)CN[SH]1(N=NC1(N)OCC(=C(C#N)C#N)C1S(=O)(=O)[O][Na])=C(C#N)C#N,559.9428387590378,48.40961715279066
2846,15,16,19,5,4,6303,32,10,5,24,CC(C)C1CN(Cl)C(S(=O)(=O)[O][Na])[SH]1C=CC1:C:C(Cl):C(C(=O)[O][Na]):S(CN(CC(=O)O)CC(=O)O):C:1,559.8866091424843,42.38944883452623
6899,35,6,24,11,13,5659,29,21,5,16,CC(C)C1NC([N+](=O)O)CC1(N)C=CC=C[SH]1C(CN(CC(=O)O)CC(=O)O)C(Cl)CN1Br,559.7225690550924,16.80983329631644
6404,33,26,20,19,20,8597,43,17,19,13,CC(=O)NC1:C:C(C(=O)[O][Na]):N(C(F)(F)F):N(C=CC(C)=CC2C(=O)C[SH]([O][Na])C2C(=O)[O][Na]):C:1,559.6174917637785,25.473466753787037
4681,24,6,19,24,3,4088,21,10,3,22,CC1:C:S:C(S(=O)(=O)O):C:S:1(C=CC(=O)CC(=O)C=CC1C(C(C)C)CC(C(=O)[O][Na])N1[N+](=O)O)S(=O)(=O)[O][Na],559.531165114517,21.493606152154367
5190,26,23,10,24,17,7215,37,10,8,25,CCNC1CC(S(=O)(=O)[O][Na])C(C=CC=CC=CC=CC2C(=N)C(N=O)OC2S(=O)(=O)[O][Na])(C(C)C)S1,559.3371472099691,15.494466477825512
1244,7,24,2,15,3,4031,21,24,15,19,CC(C)C1:C:C([SH](=O)=O):O:C(=C(C#N)C#N):C:1C=CC(=O)CC(=O)C=CS1(C(C)C):C:C:S:C(C(=O)[O][Na]):C:1=C(C#N)C#N,559.32353821459,28.279114144769235
9428,48,20,13,11,16,9457,48,5,14,24,CC(=O)NC1SC[SH]([O][Na])C1(N)C=CC=CC=C[SH]1CC(C(C)C)[SH](C(=O)O)C1Cl,559.3216245674323,19.20392186077397
4637,24,20,22,6,17,5095,26,16,8,9,CCN(CC)C1C(N=O)C(CN(CC(=O)O)CC(=O)O)C[SH]1C=CC=CC=CC=CC1([N+](=O)O)NCC([O][Na])C1S(=O)(=O)O,559.3133430752425,25.580357264627583
3438,18,15,10,23,3,7079,36,7,24,15,CCNS1:C:C(C=CC(=O)CC(=O)C=CC2(OC)OC(C(C)C)CC2=C(C#N)C#N):N:C(=C(C#N)C#N):C:1S(=O)(=O)[O][Na],559.1627313772514,31.4602306502448
9758,49,24,19,18,8,8840,45,24,9,10,CCOC(=O)C1C(=CC=S2(C(C)C):C:C:C(S(=O)(=O)[O][Na]):C:S:2N(CC)CC)N(C(C)C)ON1C(=O)[O][Na],559.043678331677,20.866393895149898
4111,21,15,8,25,3,7591,38,10,13,17,CC(=O)NC1C(C(F)(F)F)C(C=CC(=O)CC(=O)C=CC2:C:S(=N):C(N=O):C(=C(C#N)C#N):S:2)SC1S(=O)(=O)[O][Na],558.9800426318906,19.178032045526418
8736,44,23,18,24,13,8788,44,22,26,24,CCNN1:S:C(C(=O)OCC):C(C(C)C):C:C:1C=CC=CN1:C:C(C(C)C):C(=O):C:S:1S(=O)(=O)O,558.8063705366391,30.046078147368483
2734,14,15,21,19,5,9495,48,15,14,18,CCOC(=O)C1CS(=NC2:C:C(=C(C#N)C#N):S:C(Br):C:2C(=O)[O][Na])(=C(C#N)C#N)C[SH]1C(=O)O,558.8022266996064,26.327213433697374
978,5,17,12,24,4,4780,24,20,16,8,CC(C)C1:C:C:C(C=CN2CC(N=O)C(CN(CC(=O)O)CC(=O)O)C2[O][Na]):S(C(F)(F)F):C:1O,558.5505001915984,21.050210421182687
996,5,22,6,19,20,1785,9,21,11,17,CC(C=CC1(Br):C:C:C(C(F)(F)F):C(N):O:1)=CC1:C:C(C(=O)[O][Na]):C:C([N+](=O)O):S:1S(=O)(=O)O,558.1699625551571,7.745715379205254
5819,30,14,10,19,17,8902,45,1,24,25,CC(C)C1:C(N(C)C):S:S(C=CC=CC=CC=CC2(C(=O)[O][Na])CNC(S(=O)(=O)[O][Na])N2C(=O)O):C:C:1=N,558.0801478036603,16.531145212078897
9552,48,17,22,20,16,2879,15,1,12,1,CN(C)C1:C:C(C=CC=CC=CC2([O][Na])C(S(=O)(=O)O)SC[SH]2C(F)(F)F):S(N(C)C):C:C:1O,557.9533939018578,21.49894714114583
8540,43,9,9,23,17,1496,8,11,25,15,CCNC1:C(N(CC)CC):C:N:N(N(CC)CC):C:1C=CC=CC=CC=CC1:C:C(=C(C#N)C#N):C(=N):O:C:1N,557.923424545248,16.356562500896302
9412,48,18,10,18,16,8919,45,4,6,6,CCOC(=O)C1SC(S(=O)(=O)[O][Na])C(C=CC=CC=CS2:C:C([N+](=O)O):C:C([N+](=O)O):S:2CC)(C(=O)OCC)S1,557.9060285356861,12.696953245610718
5269,27,3,18,9,15,2819,15,10,8,3,CCOC(=O)C1CC(C=CC=CCC2:C:C(C):C(N=O):C:S:2S(=O)(=O)[O][Na])(N(CC)CC)NN1C,557.8952693640706,36.343098761487774
1398,7,19,8,15,3,7405,38,26,24,24,CC(C)C1CC(C=CC(=O)CC(=O)C=CC2:C:O:C(=C(C#N)C#N):C(N=O):C:2C(=O)[O][Na])S(=O)C1C(C)C,557.881920975504,14.783754934541093
6854,35,15,9,16,19,5055,26,16,10,20,CCN(CC)N1C(=C(C#N)C#N)CC(C(=N)[SH]2CC([O][Na])C(S(=O)(=O)[O][Na])C2CN(CC(=O)O)CC(=O)O)C1CN(CC(=O)O)CC(=O)O,557.8311029332914,26.703806560363816
7557,38,10,14,21,8,1889,10,24,19,11,CC(C)C1:C:N(C(=O)[O][Na]):C(N):C:C:1=CC=C1CC(Br)[SH](C(=O)O)C1S(=O)(=O)[O][Na],557.8000572882435,8.903953787073764
8994,45,10,21,23,3,7464,38,10,18,10,CCNC1:C:C:S(Br):S(S(=O)(=O)[O][Na]):C:1C=CC(=O)CC(=O)C=CC1C(S(=O)(=O)[O][Na])CC(C(=O)OCC)[SH]1S(=O)(=O)[O][Na],557.7174276604256,14.21946892149151
9292,47,23,21,15,16,149,1,1,7,15,CCNC1:O:C(C=CC=CC=CC2=CC(N(C)C)=C(OC)C2=C(C#N)C#N):C(=C(C#N)C#N):C(Br):S:1,557.6875733065938,11.008984425945778
8419,43,18,13,1,15,2470,13,19,12,24,CCOC(=O)N1:C(C=CC=CCC2(C(=O)[O][Na]):C:C(C(C)C):S:C:C:2O):C(N(C)C):C:C:N:1NC(C)=O,557.4783996858017,35.570273676114724
6965,35,15,19,6,19,400,2,26,15,6,N#CC(C#N)=C1C(C(=N)C2:C:C:C([N+](=O)O):C(=C(C#N)C#N):C:2=O)CN([N+](=O)O)C1C(=O)[O][Na],556.7955702046114,32.93211046955967
8943,45,23,18,15,16,9425,48,26,15,10,CCNS1:C:C(C(=O)OCC):C(=C(C#N)C#N):C(C=CC=CC=C[SH]2C(=O)S(=C(C#N)C#N)CC2S(=O)(=O)[O][Na]):S:1,556.772393615773,19.45129263064089
4222,22,15,7,11,17,2053,11,21,10,6,COC1=C(N)C(C=CC=CC=CC=CC2(Br):C:C([N+](=O)O):C:N(S(=O)(=O)[O][Na]):C:2)=CC1=C(C#N)C#N,556.749267745824,20.340976103807314
8969,45,6,15,9,20,4459,23,18,14,22,CCOC(=O)C1(C=CC(C)=CC2:S:S([N+](=O)O):C:C(=C(C#N)C#N):C:2N(CC)CC)CC(C(=O)O)C(S(=O)(=O)O)C1,556.6734194387196,30.04072191576094
4731,24,16,19,11,3,5279,27,13,25,8,CC(=O)NN1C(=N)CC(N=O)N1C=CC(=O)CC(=O)C=CC1(N)CCC(C(=O)[O][Na])N1CN(CC(=O)O)CC(=O)O,556.3833230872319,32.03276409298984
5903,30,18,19,16,2,2457,13,14,20,22,CCOC(=O)N1C(C=CC(=O)C2:C:C(C(=O)O):S([O][Na]):C(S(=O)(=O)O):C:2)CN(CN(CC(=O)O)CC(=O)O)C1C(=O)[O][Na],556.3268334706115,37.61386785327249
2951,15,4,3,1,17,2324,12,24,26,23,CCNC1:C:C(C=CC=CC=CC=CC2:C:S(CC):C(C):C:C:2N(C)C):N(C(C)C):C(=O):C:1,556.1817290413957,20.07920427268531
7119,36,1,1,15,17,6856,35,14,10,9,CCN(CC)C1CN(S(=O)(=O)[O][Na])C(C(=O)O)C1C=CC=CC=CC=CC1C(=C(C#N)C#N)C(N(C)C)OC1N(C)C,556.1812851422314,35.55865083678056
8732,44,6,14,9,6,848,5,5,8,21,CCN(CC)C1:C:C(C(=O)O):S([N+](=O)O):N:C:1C=S1(Cl):C:C:C(Br):C:C:1N=O,556.0672936601073,24.30494440874479
4328,22,24,11,25,3,6988,35,10,6,15,CC(C)C1=C(N)C(=N)C(C=CC(=O)CC(=O)C=CC2C(=C(C#N)C#N)C([N+](=O)O)NC2S(=O)(=O)[O][Na])=C1,555.9659749240293,17.683714607378494
2806,15,4,19,6,6,6772,34,16,18,19,CCOC(=O)C1CC(C(=O)[O][Na])C(=CC2:C:C([N+](=O)O):C:S(C(=O)[O][Na]):C:2CC)N1CN(CC(=O)O)CC(=O)O,555.9375845139346,24.937851971341
5334,27,20,13,23,3,6643,34,2,22,9,CCNC1(C=CC(=O)CC(=O)C=CC2([SH](=O)=O)C(N(CC)CC)CCN2S(=O)(=O)O)CC(NC(C)=O)NN1[O][Na],555.8142989890646,24.88902980573977
3562,18,15,26,2,3,1065,6,24,23,15,CCNC1:C(C(C)C):B(C=CC(=O)CC(=O)C=CC2:N:C(=C(C#N)C#N):C(=O):S:C:2[SH](=O)=O):C:C:C:1=C(C#N)C#N,555.7752248632178,31.23913081604554
3567,18,4,10,3,17,1976,10,7,19,10,CCC1:C:S(S(=O)(=O)[O][Na]):C(C):C(C=CC=CC=CC=CC2:C:C(S(=O)(=O)[O][Na]):N(C(=O)[O][Na]):C:C:2OC):N:1,555.3784671300825,19.61824785079006
2083,11,6,14,1,10,7542,38,15,9,20,CCN(CC)C1CC([O][Na])C(=C2:C:C(N(C)C):N(C(=O)O):C([N+](=O)O):C:2)S1=C(C#N)C#N,555.1665529156479,18.236580102107556
8974,45,2,9,24,20,6235,32,16,14,13,CCN(CC)S1:C(C(C)C):C:C:C(C=C(C)C=CS2(CN(CC(=O)O)CC(=O)O)CC(NC(C)=O)NC2C(=O)O):S:1[SH](=O)=O,554.7294245519868,23.47200750402087
3131,16,25,9,14,20,3244,17,21,23,19,CCNC1:O:C(C(=O)[O][Na]):C:N(C=CC(C)=CC2:N:C(=N):C:N(N(CC)CC):C:2C(=O)O):C:1Br,554.6358292581492,15.966007661124893
5153,26,4,15,16,3,2507,13,12,20,8,CC[SH]1CC(=C(C#N)C#N)C(CN(CC(=O)O)CC(=O)O)C1C=CC(=O)CC(=O)C=CC1(O):C:C:S(N=O):C:C:1[O][Na],554.5926817028221,34.66427994806921
8743,44,17,15,7,17,6593,33,2,8,16,COC1:C(C=CC=CC=CC=CC2([SH](=O)=O)CC(CN(CC(=O)O)CC(=O)O)SC2N=O):N(C(F)(F)F):S:C:C:1=C(C#N)C#N,554.5537394999893,23.053206181071957
1628,9,14,6,1,3,2966,15,19,15,11,CN(C)C1:C:C([N+](=O)O):O:C(C(=O)O):C:1C=CC(=O)CC(=O)C=CC1(C(=O)[O][Na]):C:C(N):C(=C(C#N)C#N):C:S:1,554.4433288207122,22.909295195135698
2410,13,21,13,24,17,2668,14,17,22,22,CC(=O)NC1:C:C(Br):C(C=CC=CC=CC=CC2:C:C(S(=O)(=O)O):C(S(=O)(=O)O):S:C:2C(F)(F)F):C(C(C)C):S:1,554.3182436500404,26.091227114504917
8984,45,2,6,11,17,9491,48,14,21,7,COC1CS(C=CC=CC=CC=CC2:C:C:C(N):S([N+](=O)O):S:2[SH](=O)=O)(C(=O)O)C(Br)S1,554.2689995373181,37.98420584877433
2717,14,14,19,16,20,932,5,22,20,14,CC(C=CS1:C:C(C(=O)O):C([O][Na]):C:C:1S(=O)(=O)O)=CC1:C(CN(CC(=O)O)CC(=O)O):C:S(C(=O)[O][Na]):C:C:1C(=O)O,554.2369251626211,41.773643448700604
6599,33,19,23,12,16,6388,32,6,13,23,CCNC1C(NC(C)=O)NC([N+](=O)O)[SH]1C=CC=CC=CC1(O)C(NCC)SCC1C(=O)[O][Na],554.0230439573718,21.61331955531064
8655,44,19,9,15,8,5666,29,17,24,3,CCN(CC)C1:C:C(=C(C#N)C#N):C(=CC=S2C(C)CC(C(C)C)N2C(F)(F)F):N(C(=O)[O][Na]):S:1,554.0087076251839,16.222168301550138
1216,7,10,24,18,17,2570,13,5,21,9,CCOC(=O)C1:O:C(C(C)C):C:C(S(=O)(=O)[O][Na]):C:1C=CC=CC=CC=CC1(Cl):C:C:S:C(N(CC)CC):C:1Br,553.9898756778173,16.517551345300724
6826,35,8,15,20,20,3300,17,13,7,16,COC1:O:C(CN(CC(=O)O)CC(=O)O):C:N(C=CC(C)=CC2([O][Na])CCN(N=O)C2=C(C#N)C#N):C:1NC(C)=O,553.9212448561459,33.174040673410865
2638,14,6,10,23,17,8518,43,4,10,24,CCNC1:C(C=CC=CC=CC=CN2:C:C:C(C(C)C):C(S(=O)(=O)[O][Na]):N:2CC):C:C([N+](=O)O):S:C:1S(=O)(=O)[O][Na],553.8903505330278,8.753695842568183
3495,18,19,19,11,16,9547,48,2,14,19,NC1:S:C:C(C=CC=CC=CS2([SH](=O)=O)CC(C(=O)[O][Na])[SH](C(=O)O)C2):N(C(=O)[O][Na]):C:1C(=O)[O][Na],553.7426387236521,18.741759432178043
1973,10,2,14,21,3,8580,43,22,14,10,O=C(C=CC1:C([SH](=O)=O):C:C:N(C(=O)O):C:1Br)CC(=O)C=CN1:C:C(S(=O)(=O)[O][Na]):C(C(=O)O):C:N:1S(=O)(=O)O,553.7116623939419,26.44154107651152
4200,21,6,10,24,3,956,5,4,6,10,CCC1:C:C([N+](=O)O):C(S(=O)(=O)[O][Na]):C:S:1C=CC(=O)CC(=O)C=CC1:C:S(C(C)C):C(S(=O)(=O)[O][Na]):C:S:1[N+](=O)O,553.4117069449585,18.325760167236233
2734,14,15,21,19,2,2978,15,8,26,18,CCOC(=O)C1:C:C:S(=O):C(N=O)(C(=O)C=CC2:C:C(=C(C#N)C#N):S:C(Br):C:2C(=O)[O][Na]):C:1,553.315392538849,11.797588002936939
7333,37,20,11,21,13,4391,22,9,20,25,CCN(CC)C1=C(C=CC=CC2C(Br)OC(N)C2[O][Na])C(=N)C([O][Na])=C1,553.2832633184695,18.268501469607603
2446,13,14,20,19,16,2044,11,2,26,14,O=C(O)C1:C:C(C=CC=CC=CC2([SH](=O)=O):C:N:C(=O):C(C(=O)O):C:2):C(C(=O)[O][Na]):S([O][Na]):C:1,553.2604217239547,23.032524920038085
1646,9,4,1,15,20,2745,14,19,19,5,CCC1:O:C:C(C=C(C)C=CC2(C(=O)[O][Na]):C:C:C:S(Cl):C:2C(=O)[O][Na]):C(=C(C#N)C#N):C:1N(C)C,553.12631802991,24.14265111819564
2478,13,16,20,21,20,2252,12,3,19,26,CC(C=CC1:C:C(=O):C:C(C(=O)[O][Na]):N:1C)=CC1:C:S(Br):C:C([O][Na]):C:1CN(CC(=O)O)CC(=O)O,553.0619331523042,21.355986458896734
1917,10,4,1,23,13,1960,10,21,13,10,CCNC1:N:C:C(N(C)C):C(CC):C:1C=CC=CC1(Br):C:C:N(S(=O)(=O)[O][Na]):C(NC(C)=O):C:1,553.0556264829911,6.942365808224339
3975,20,20,22,9,1,8834,45,16,11,24,CCN(CC)C1:S:C(S(=O)(=O)O):C([O][Na]):O:C:1N=NS1(CN(CC(=O)O)CC(=O)O):C:C:C(C(C)C):C(N):S:1,552.8040396486489,23.683856791348788
6243,32,26,6,23,3,5304,27,20,4,14,CCNC1NC([N+](=O)O)S(=O)C1C=CC(=O)CC(=O)C=CN1C(C(=O)O)C(CC)CN1[O][Na],552.7644559723802,27.450977002491847
8976,45,13,15,19,19,5122,26,3,7,5,COC1CS(C)(C(=N)C2:C(C(=O)[O][Na]):C:C(=C(C#N)C#N):S:S:2NC(C)=O)CC1Cl,552.5310935256014,26.089166017414126
9459,48,5,13,3,3,8803,45,9,21,13,CCN(CC)S1:C(Br):C:C(NC(C)=O):C:S:1C=CC(=O)CC(=O)C=CC1C(C)SC(NC(C)=O)[SH]1Cl,552.484793671493,22.90625246998844
1173,6,3,2,14,15,6639,34,16,2,9,CCN(CC)C1CCC(CC=CC=CC2:B:C:C(C):C([SH](=O)=O):C:2C(=O)O)(CN(CC(=O)O)CC(=O)O)N1[SH](=O)=O,552.4421546669746,17.287383854016603
7527,38,20,2,5,20,5601,29,15,20,25,CC(C=C[SH]1(=C(C#N)C#N)CC(=N)C([O][Na])N1)=CC1C([O][Na])SC([SH](=O)=O)C1Cl,552.411612547107,35.57429639780576
2237,12,21,15,15,6,2227,12,1,21,20,CN(C)C1:N:C(=CC2:C:N(Br):C:C(=C(C#N)C#N):C:2=C(C#N)C#N):C:C([O][Na]):C:1Br,552.3841453091344,20.865078198966263
9254,47,14,15,18,17,5365,27,9,23,22,CCNC1C(S(=O)(=O)O)CN(C=CC=CC=CC=CC2:O:C:S(C(=O)O):C(=C(C#N)C#N):C:2C(=O)OCC)N1N(CC)CC,552.1515261346934,15.102569383696759
4608,24,15,2,15,16,6462,33,11,25,21,N#CC(C#N)=C1NC(C=CC=CC=CC2(N)C(=N)SCC2Br)C(=C(C#N)C#N)C1[SH](=O)=O,552.0174956924404,30.78997013322003
2522,13,2,1,19,2,5279,27,13,25,8,CC(=O)NN1C(=N)CC(N=O)N1C(=O)C=CC1:C:C([SH](=O)=O):C(N(C)C):S(C(=O)[O][Na]):C:1,551.7492003353119,20.270837201985923
3113,16,23,4,20,3,2933,15,21,16,6,CCNC1:N:C(C=CC(=O)CC(=O)C=CC2(Br):C:C:C:C([N+](=O)O):S:2CN(CC(=O)O)CC(=O)O):C([O][Na]):N:C:1CC,551.6425162536976,23.56612389683142
4465,23,17,12,1,17,7435,38,20,6,9,CCN(CC)C1C([N+](=O)O)CSC1(C=CC=CC=CC=CC1(N(C)C)CC(O)CC1C(F)(F)F)[O][Na],551.425376681085,20.62592443880359
9254,47,14,15,18,7,4032,21,17,16,6,CCOC(=O)C1:C(C=NS2:C:C([N+](=O)O):S(CN(CC(=O)O)CC(=O)O):C:C:2C(F)(F)F):O:C:S(C(=O)O):C:1=C(C#N)C#N,551.0790623322735,36.55052564915139
5619,29,11,22,6,15,9426,48,2,19,9,CCN(CC)C1C[SH](CC=CC=CC2([N+](=O)O)CC(S(=O)(=O)O)N(N)S2)C([SH](=O)=O)[SH]1C(=O)[O][Na],551.0227731671872,22.08545413326808
6990,35,4,13,24,3,5605,29,17,15,16,CCC1C(NC(C)=O)NC(C(C)C)C1C=CC(=O)CC(=O)C=C[SH]1C(CN(CC(=O)O)CC(=O)O)C(=C(C#N)C#N)CN1C(F)(F)F,550.9796783697071,25.80908216304179
7999,40,3,8,10,12,2225,12,10,6,15,CC1:O:O:C(C#CC#CC2(S(=O)(=O)[O][Na]):C:C:C(=C(C#N)C#N):C([N+](=O)O):N:2):C(S(=O)(=O)[O][Na]):C:1N=O,550.9772725268667,19.18442529647562
6739,34,4,13,24,15,6367,32,19,16,9,CCC1NC(NC(C)=O)CC1(C=CC=CC[SH]1C(C(=O)[O][Na])NC(CN(CC(=O)O)CC(=O)O)C1N(CC)CC)C(C)C,550.9594587782985,23.570298764760736
5069,26,3,20,24,3,6543,33,26,1,17,CC(C)C1(C=CC(=O)CC(=O)C=CC2C(=O)SC(N(C)C)C2C(F)(F)F)C([O][Na])CC[SH]1C,550.9044184870731,19.59385175655466
8630,44,11,26,5,3,7439,38,8,10,22,NN1:C(C=CC(=O)CC(=O)C=CC2(N=O)C(S(=O)(=O)O)CC[SH]2S(=O)(=O)[O][Na]):C:C(Cl):C:S:1=O,550.8876289439092,21.825991876713413
3275,17,2,4,2,16,8533,43,10,22,19,CCC1:C([SH](=O)=O):O:C:C(C=CC=CC=CN2:C:C(C(=O)[O][Na]):C(S(=O)(=O)O):C:N:2S(=O)(=O)[O][Na]):N:1[SH](=O)=O,550.8753592758237,26.116272256036506
8858,45,9,4,7,13,6571,33,7,25,15,CCN(CC)S1:C(C=CC=CC2(OC)CC(=C(C#N)C#N)S(=N)C2):C:C:C(OC):S:1CC,550.753466447983,29.55157023792271
6428,33,18,24,4,20,6248,32,24,16,19,CCOC(=O)[SH]1CCC(C=C(C)C=CS2(C(C)C)C(CN(CC(=O)O)CC(=O)O)NCC2C(=O)[O][Na])(CC)C1C(C)C,550.1420815602131,23.622901300777766
2830,15,9,2,15,19,2374,12,7,5,24,CCN(CC)C1:S:C([SH](=O)=O):C:C(=C(C#N)C#N):C:1C(=N)C1(OC):C:C:C(C(C)C):C:N:1Cl,550.1365910971556,20.981248973994745
7417,38,13,22,19,17,6833,35,11,22,21,CC(=O)NC1SCC(S(=O)(=O)O)C1(C=CC=CC=CC=CC1(N)CC(Br)N(S(=O)(=O)O)C1)C(=O)[O][Na],550.0021464609274,7.340101363187377
2724,14,26,22,10,17,2226,12,5,23,25,CCNC1:C(=N):C:C:C(C=CC=CC=CC=CC2:C(S(=O)(=O)[O][Na]):C:S:C(S(=O)(=O)O):C:2=O):N:1Cl,549.9628438109227,24.581023361438476
9388,47,19,8,25,3,7153,36,21,25,20,N=C1COC(Br)(C=CC(=O)CC(=O)C=CC2:C:C(=N):S(N=O):C(C(=O)[O][Na]):O:2)C1[O][Na],549.7313358571347,31.180393244233663
9623,49,10,1,9,20,5705,29,19,11,7,CCN(CC)C1(C=C(C)C=CS2(C(=O)[O][Na])NCC(N)C2OC)NON(S(=O)(=O)[O][Na])C1N(C)C,549.6629006794507,12.145549707266044
6256,32,21,6,14,3,1920,10,13,6,10,CC(=O)NC1(C=CC(=O)CC(=O)C=CC2CN(C(=O)O)C([N+](=O)O)[SH]2Br):C:C:N(S(=O)(=O)[O][Na]):C:C:1[N+](=O)O,549.6327660071556,30.099610491286892
6578,33,1,22,10,17,4539,23,14,16,11,CN(C)C1CC(C=CC=CC=CC=CC2(C(=O)O)CC(N)CC2CN(CC(=O)O)CC(=O)O)(S(=O)(=O)[O][Na])C(S(=O)(=O)O)S1,549.6074158809812,31.319455451564735
5710,29,24,2,10,17,4198,21,23,21,5,CCNS1(C=CC=CC=CC=CC2(S(=O)(=O)[O][Na])CC([SH](=O)=O)N(C(C)C)S2):C:C(Cl):S:C:C:1Br,549.6071756327722,27.99733673438874
8980,45,18,1,24,17,6246,32,13,3,1,CCOC(=O)S1:C(C=CC=CC=CC=CS2(NC(C)=O)C(C)NCC2N(C)C):C(C(C)C):C:C:S:1N(C)C,549.5091766338338,27.461786659989226
435,3,19,17,6,17,311,2,15,6,8,N#CC(C#N)=C1:C:C([N+](=O)O):C(N=O):C:C:1C=CC=CC=CC=CC1:C:C([N+](=O)O):C(C(F)(F)F):C(C(=O)[O][Na]):N:1,549.4797471121822,12.34940695347313
5677,29,20,20,17,16,4001,21,17,9,8,CCN(CC)S1:C(N=O):C:S(C=CC=CC=CC2(C(F)(F)F)CC([O][Na])N[SH]2[O][Na]):C:C:1C(F)(F)F,549.4578534137298,19.329395323190223
6585,33,4,19,7,3,5172,26,18,18,15,CCOC(=O)C1CC(C(=O)OCC)[SH](C=CC(=O)CC(=O)C=CC2(OC)CSC(C(=O)[O][Na])C2CC)C1=C(C#N)C#N,549.4561591535742,19.778582899193715
2525,13,7,17,23,15,6447,33,3,13,19,CCNC1:C(C=CC=CCC2C[SH](C)C(NC(C)=O)C2C(=O)[O][Na]):C(OC):C:C:S:1C(F)(F)F,549.4164283006323,30.317033954329318
4200,21,6,10,24,16,5005,26,10,3,6,CC1C([N+](=O)O)C[SH](C=CC=CC=CC2:C:S(C(C)C):C(S(=O)(=O)[O][Na]):C:S:2[N+](=O)O)C1S(=O)(=O)[O][Na],549.3447139845696,18.70041931929204
8759,44,8,4,24,4,6281,32,13,10,1,CCC1:S:N(N=O):C(C=CS2(NC(C)=O)CNC(S(=O)(=O)[O][Na])C2N(C)C):C:C:1C(C)C,549.3028556035466,14.936550195606804
9262,47,19,20,18,17,239,2,17,26,12,CCOC(=O)C1:C:S([O][Na]):C(C(=O)[O][Na]):O:C:1C=CC=CC=CC=CC1(C(F)(F)F):C:C(O):C:C(=O):C:1,549.0812818373215,15.682360120086825
5290,27,19,23,25,14,8876,45,16,9,2,CCNN1CC(=N)C(OS2:C:C([SH](=O)=O):C:C(N(CC)CC):S:2CN(CC(=O)O)CC(=O)O)N1C(=O)[O][Na],548.9069476361876,27.897054237020225
2018,11,19,2,1,17,6445,33,19,9,8,CCN(CC)C1SC(N=O)CC1(C=CC=CC=CC=CC1:C:C(N(C)C):N:C([SH](=O)=O):C:1C(=O)[O][Na])C(=O)[O][Na],548.8869977982911,9.758396674301506
6900,35,17,6,20,3,8837,45,14,22,2,O=C(C=CC1([O][Na])CNC([N+](=O)O)C1C(F)(F)F)CC(=O)C=CS1(C(=O)O):C:C([SH](=O)=O):C:C(S(=O)(=O)O):S:1,548.8633661471794,20.829293081946698
1025,6,22,15,25,13,892,5,10,5,9,CCN(CC)C1:C:C(Cl):C(S(=O)(=O)[O][Na]):S(C=CC=CC2:B(S(=O)(=O)O):C:C(=C(C#N)C#N):C:C:2=N):C:1,548.8174372684523,11.907818218959168
1255,7,23,15,19,16,1206,7,18,15,10,CCNC1:C(C=CC=CC=CC2(C(=O)OCC):C:C(S(=O)(=O)[O][Na]):O:C(=C(C#N)C#N):C:2):C(C(=O)[O][Na]):O:C:C:1=C(C#N)C#N,548.782323174162,21.773926738499593
1888,10,1,26,13,20,2545,13,4,10,2,CCC1(C=CC(C)=CC2:C:N(NC(C)=O):C(=O):C:C:2N(C)C):C:C([SH](=O)=O):S:C:C:1S(=O)(=O)[O][Na],548.6918726461031,8.866917788594277
2583,13,1,6,14,13,939,5,4,10,24,CCS1(C=CC=CC2:C(N(C)C):C:C([N+](=O)O):S:C:2C(=O)O):C:C(C(C)C):C:C:C:1S(=O)(=O)[O][Na],548.6709023110946,24.25206388242179
7832,40,19,10,10,3,6361,32,11,20,13,CC(=O)NC1C([O][Na])NCS1(N)C=CC(=O)CC(=O)C=CC1:O:O:C(C(=O)[O][Na]):C(S(=O)(=O)[O][Na]):C:1S(=O)(=O)[O][Na],548.662128505756,36.1603094018604
2524,13,26,15,17,2,7584,38,14,15,11,N#CC(C#N)=C1CC(N)C(C(=O)O)(C(=O)C=CC2:C(C(F)(F)F):S(=C(C#N)C#N):C:C:C:2=O)S1,548.4809889179471,26.784513959634253
6634,34,4,4,19,16,3027,16,24,20,16,CCC1N(CC)CCC1(C=CC=CC=CN1:C:C(CN(CC(=O)O)CC(=O)O):N:C([O][Na]):C:1C(C)C)C(=O)[O][Na],548.3123237807919,20.223250090114288
6039,31,17,3,7,16,6538,33,1,20,5,COC1(C=CC=CC=CC2(N(C)C)CSC([O][Na])C2Cl)OCN(C(F)(F)F)C1C,548.2681454317074,20.769778093577308
5761,29,18,12,10,17,5797,29,20,4,12,CCOC(=O)[SH]1N(O)CCC1(C=CC=CC=CC=CS1([O][Na])NC(CC)CC1O)S(=O)(=O)[O][Na],548.1828741629279,18.12851919646952
3591,18,5,16,7,15,2024,11,19,25,23,CCNC1:C:C(CC=CC=CC2:N:C(Cl):C(CN(CC(=O)O)CC(=O)O):S:C:2OC):C:N(C(=O)[O][Na]):C:1=N,548.1642447205209,29.63903641046495
2551,13,1,4,3,4,9419,48,10,9,24,CCN(CC)[SH]1CC(C(C)C)[SH](C=CC2:C:C(N(C)C):C:S(CC):C:2C)C1S(=O)(=O)[O][Na],548.1111117790781,23.59442463356269
3427,18,11,16,6,20,6295,32,5,3,17,CC(C=C[SH]1CN(Cl)C(C)C1C(F)(F)F)=CC1:C([N+](=O)O):S:C:C(CN(CC(=O)O)CC(=O)O):N:1N,547.998587014964,24.654560612393453
281,2,23,10,3,16,2252,12,3,19,26,CCNC1:C(C=CC=CC=CC2:C:C(=O):C:C(C(=O)[O][Na]):N:2C):C:C(C):C:C:1S(=O)(=O)[O][Na],547.9967311175071,12.177243081536416
8607,44,6,15,22,4,4432,23,17,6,19,N#CC(C#N)=S1:C:C(S(=O)(=O)O):C:C(C=CC2(C(F)(F)F)CC(C(=O)[O][Na])C([N+](=O)O)C2):N:1[N+](=O)O,547.7577683485254,32.908952630410774
1888,10,1,26,13,16,8927,45,19,13,12,CC(=O)NC1:C:S:S(C=CC=CC=CC2:C:N(NC(C)=O):C(=O):C:C:2N(C)C)(C(=O)[O][Na]):C:C:1O,547.6443790267306,21.361706453622393
9456,48,4,11,10,15,209,2,21,25,16,CC[SH]1C[SH](N)CC1(C=CC=CCC1(Br):C:C:C:C(CN(CC(=O)O)CC(=O)O):C:1=N)S(=O)(=O)[O][Na],547.6337442928815,16.62261907000149
2882,15,16,9,20,3,2306,12,16,8,16,CCN(CC)S1:C:C([O][Na]):C:C(C=CC(=O)CC(=O)C=CC2:C:C(CN(CC(=O)O)CC(=O)O):C(N=O):C:N:2CN(CC(=O)O)CC(=O)O):C:1CN(CC(=O)O)CC(=O)O,547.6222764252263,27.87944808471723
3,1,15,5,2,7,4458,23,1,3,10,CC1CC(S(=O)(=O)[O][Na])C(N=CC2=CC(=C(C#N)C#N)C(Cl)=C2[SH](=O)=O)C1N(C)C,547.6222320842024,20.218141326435724
8657,44,3,24,15,17,4526,23,12,14,25,CC(C)C1:C:C(=C(C#N)C#N):C(C=CC=CC=CC=CC2(O)C(=N)CCC2C(=O)O):N(C):S:1,547.5306496846655,15.823019176508701
3527,18,4,20,2,7,2847,15,24,18,10,CCOC(=O)C1:C(S(=O)(=O)[O][Na]):C:C:C(N=CC2:C:S:C([SH](=O)=O):C([O][Na]):N:2CC):S:1C(C)C,547.5238464287221,10.611057634175733
9589,48,8,24,10,20,5699,29,6,18,22,CCOC(=O)C1CC(S(=O)(=O)O)S(C=CC(C)=CC2(S(=O)(=O)[O][Na])C[SH](C(C)C)C[SH]2N=O)([N+](=O)O)N1,547.3950243934905,19.586707882847044
7153,36,21,25,20,15,4439,23,4,16,14,CCC1(CC=CC=CC2([O][Na])C(=N)COC2Br)CCC(CN(CC(=O)O)CC(=O)O)C1C(=O)O,547.2367878456755,26.898436580442965
739,4,15,19,10,2,5723,29,11,25,26,N#CC(C#N)=C1:C:C(C(=O)[O][Na]):C(S(=O)(=O)[O][Na]):C(C=CC(=O)S2(N)NC(=N)CC2=O):O:1,547.1600426249373,25.098454935871455
1877,10,6,10,16,17,6669,34,3,22,13,CC(=O)NC1CCN(S(=O)(=O)O)C1(C)C=CC=CC=CC=CC1:C(CN(CC(=O)O)CC(=O)O):N:C:C(S(=O)(=O)[O][Na]):C:1[N+](=O)O,547.0530188977389,30.33287058940737
240,2,4,14,24,18,2940,15,21,20,7,CCC1:C(NCC2:C:C:C(OC):C([O][Na]):S:2Br):C:C(C(C)C):C:C:1C(=O)O,546.9266430575121,32.98820983544128
1816,10,23,17,14,20,1920,10,13,6,10,CCNC1:C(C=C(C)C=CC2(NC(C)=O):C:C:N(S(=O)(=O)[O][Na]):C:C:2[N+](=O)O):C:N:C(C(=O)O):C:1C(F)(F)F,546.865275991548,7.123903870702878
8892,45,9,16,5,12,2457,13,14,20,22,CCN(CC)S1:C(C#CC#CC2:C:C(C(=O)O):S([O][Na]):C(S(=O)(=O)O):C:2):C(Cl):C:C:S:1CN(CC(=O)O)CC(=O)O,546.7494492589204,28.451113413228416
4413,23,11,13,19,16,1747,9,6,21,13,CC(=O)NC1:C:C(Br):O:C(C=CC=CC=CC2(C(=O)[O][Na])C(N)CCC2NC(C)=O)([N+](=O)O):C:1,546.5418761729694,20.180973845466248
5202,27,18,19,14,2,6776,34,14,15,16,CCOC(=O)N1CC(C(=O)[O][Na])C(C=CC(=O)C2(C(=O)O)NC(=C(C#N)C#N)CC2CN(CC(=O)O)CC(=O)O)(C(=O)O)N1,546.527847606491,46.57898014608359
9451,48,26,1,20,20,6213,32,15,23,26,CCNC1NC(=C(C#N)C#N)[SH](C=CC(C)=CC2([O][Na])C[SH](N(C)C)C(=O)S2)C1=O,546.4996630257385,11.035457894958295
7402,38,19,5,1,15,4541,23,2,2,6,CN(C)C1C[SH](Cl)C(C(=O)[O][Na])C1C=CC=CCC1([SH](=O)=O)CC([N+](=O)O)C([SH](=O)=O)C1,546.4873589705473,10.750241637068983
8967,45,3,13,19,3,2640,14,23,7,17,CCNC1:S:C(OC):C(C(F)(F)F):C:C:1C=CC(=O)CC(=O)C=CC1:C(C(=O)[O][Na]):C:C:S(NC(C)=O):S:1C,546.434198788925,24.74873171979708
5458,28,19,7,3,20,6469,33,8,19,25,COC1CC(C)(C=C(C)C=CC2C[SH](N=O)C(C(=O)[O][Na])C2=N)ON1C(=O)[O][Na],546.3861432919803,17.992465942448206
3512,18,24,17,19,4,167,1,25,23,8,CCNC1=CC(=N)C(C=CC2:N:C:C(C(C)C):S(C(F)(F)F):C:2C(=O)[O][Na])=C1N=O,546.3368444201111,17.30010986144707
2907,15,15,22,3,20,1992,10,20,20,24,CC(C=CC1:C:C([O][Na]):N([O][Na]):C(C(C)C):C:1)=CC1:C:S(=C(C#N)C#N):C:C(S(=O)(=O)O):C:1C,546.1593529589654,24.70750026035439
5060,26,4,3,8,15,9469,48,19,16,16,CCC1SC(C=CC=CCS2(C(=O)[O][Na])CC(CN(CC(=O)O)CC(=O)O)[SH](CN(CC(=O)O)CC(=O)O)C2)(N=O)CC1C,546.0212341420297,23.64405833444804
947,5,16,14,22,15,6561,33,8,19,19,O=NC1SC(C(=O)[O][Na])C(C(=O)[O][Na])C1CC=CC=CC1:C(S(=O)(=O)O):C:C:C(C(=O)O):S:1CN(CC(=O)O)CC(=O)O,545.9896594424969,32.92341345542587
5601,29,15,20,25,17,2631,14,9,23,2,CCNC1:S:C(N(CC)CC):C(C=CC=CC=CC=CC2C(=N)C([O][Na])NS2=C(C#N)C#N):C:C:1[SH](=O)=O,545.9767418303171,14.40348458149736
5630,29,10,15,8,13,6941,35,2,9,13,CCN(CC)N1CC(C=CC=CC2SN(S(=O)(=O)[O][Na])C(=C(C#N)C#N)C2N=O)([SH](=O)=O)CC1NC(C)=O,545.955208394462,15.160122557541344
2647,14,8,21,8,20,291,2,10,4,16,CCC1:C(CN(CC(=O)O)CC(=O)O):C:C:C(C=CC(C)=CC2:C(N=O):C:S:C(Br):C:2N=O):C:1S(=O)(=O)[O][Na],545.9320874757061,22.474246897331867
2938,15,1,23,17,15,2388,12,6,4,2,CCNS1:C:C:C(C(F)(F)F):C(C=CC=CCC2([N+](=O)O):C:C([SH](=O)=O):C:C:N:2CC):C:1N(C)C,545.9173778750306,12.644936508340393
8929,45,21,2,19,17,2776,14,25,10,25,N=C1:C:C(C=CC=CC=CC=CC2:C:C(C(=O)[O][Na]):C([SH](=O)=O):S(Br):S:2):C:S(=N):C:1S(=O)(=O)[O][Na],545.8010856036287,16.00753450180286
4186,21,24,10,25,12,867,5,24,24,2,CC(C)C1:S:C(C#CC#CS2:C:C:C([SH](=O)=O):C(C(C)C):C:2C(C)C):C:S(=N):C:1S(=O)(=O)[O][Na],545.7736764697786,17.67618924717773
2286,12,1,10,9,18,1767,9,22,21,15,CCN(CC)C1:C:C(NCC2:C:C(=C(C#N)C#N):C(Br):C(S(=O)(=O)O):O:2):C(N(C)C):N:C:1S(=O)(=O)[O][Na],545.6952919760319,5.741814756692538
2677,14,23,9,20,3,5319,27,11,18,12,CCNC1:C(C=CC(=O)CC(=O)C=CN2C(O)C(C(=O)OCC)CN2N):C:C([O][Na]):S:C:1N(CC)CC,545.6493053904609,15.060071597632646
1101,6,15,21,3,3,809,5,5,20,24,CC1:C:C(C=CC(=O)CC(=O)C=CS2(Cl):C:C:C([O][Na]):C(C(C)C):C:2):B:C(=C(C#N)C#N):C:1Br,545.5105649488097,17.426345834961953
5482,28,3,6,10,16,2461,13,23,16,15,CCNC1(C=CC=CC=CC2ON(C)C([N+](=O)O)C2S(=O)(=O)[O][Na]):C:C:S(=C(C#N)C#N):C(CN(CC(=O)O)CC(=O)O):C:1,545.467787002044,46.56078029694099
8867,45,5,12,16,3,3577,18,19,8,4,CCC1:C:N(C=CC(=O)CC(=O)C=CC2:C(CN(CC(=O)O)CC(=O)O):C(O):C:S:S:2Cl):C(C(=O)[O][Na]):C:S:1N=O,545.4546120699913,28.73385389717622
1196,6,25,9,13,15,5256,27,19,1,25,CCN(CC)C1:C(NC(C)=O):C(C=CC=CCN2NC(C(=O)[O][Na])C(N(C)C)C2=N):B:C:C:1=N,545.2708746266425,14.741415703792882
8776,44,24,18,17,4,6239,32,17,11,20,CCOC(=O)C1:S:N(C(C)C):C(C=CS2(C(F)(F)F)CCN([O][Na])C2N):C:C:1C(F)(F)F,545.2630507325629,11.497899446232655
8845,45,12,9,16,3,386,2,23,21,19,CCNC1(C=CC(=O)CC(=O)C=CC2:S:S:C(O):C(N(CC)CC):C:2CN(CC(=O)O)CC(=O)O):C:C:C(C(=O)[O][Na]):C(Br):C:1,545.2559891211029,10.08469049666158
886,5,5,5,6,20,1992,10,20,20,24,CC(C=CC1:C:C([O][Na]):N([O][Na]):C(C(C)C):C:1)=CC1:S:C:C(Cl):C(Cl):C:1[N+](=O)O,545.1733588750392,15.66781873460934
7183,36,21,1,23,17,6577,33,8,3,19,CCNC1C(C=CC=CC=CC=CC2C[SH](N=O)C(C)C2C(=O)[O][Na])C(Br)OC1N(C)C,545.0094608404954,20.857956011807783
67,1,11,25,7,17,6299,32,14,25,9,CCN(CC)N1CCS(C=CC=CC=CC=CC2=C(OC)C(=N)C=C2N)(C(=O)O)C1=N,544.9669261585402,17.149369281057155
2821,15,14,25,24,3,2625,14,15,3,24,CC1:S:C(=C(C#N)C#N):C(C=CC(=O)CC(=O)C=CC2:C(C(=O)O):S:C:C(=N):C:2C(C)C):C:C:1C(C)C,544.9366791781604,17.420571972065964
286,2,4,20,16,3,2597,13,6,26,12,CCC1:C:C(C=CC(=O)CC(=O)C=CC2:C:C:S(O):C(=O):C:2[N+](=O)O):C(CN(CC(=O)O)CC(=O)O):C([O][Na]):C:1,544.8550184170705,24.257656238015098
2411,13,4,13,20,15,4016,21,18,15,25,CCOC(=O)S1(CC=CC=CC2:C(CC):C:C:S(NC(C)=O):C:2[O][Na]):C:C:S(=N):C:C:1=C(C#N)C#N,544.8047983581423,17.818497831805125
1964,10,25,20,13,20,8429,43,3,25,9,CCN(CC)C1:C:C(=N):N(C):N(C=CC(C)=CC2:C(NC(C)=O):N:C:C([O][Na]):C:2=N):C:1,544.7680788247075,13.123972554262926
7166,36,17,5,18,3,9545,48,15,16,19,CCOC(=O)C1C(Cl)OC(C(F)(F)F)C1C=CC(=O)CC(=O)C=C[SH]1(=C(C#N)C#N)CC(C(=O)[O][Na])SC1CN(CC(=O)O)CC(=O)O,544.7647424954714,25.49453997860181
5221,27,17,13,11,17,2965,15,9,19,26,CCN(CC)C1:S:C(C=CC=CC=CC=CC2C(N)C(NC(C)=O)NN2C(F)(F)F):C:C(=O):C:1C(=O)[O][Na],544.7279189628495,16.940334854663167
5754,29,8,3,19,15,2042,11,18,16,26,CCOC(=O)C1(CC=CC=CC2(C(=O)[O][Na])CC(C)N[SH]2N=O):C:C:C(=O):N:C:1CN(CC(=O)O)CC(=O)O,544.3931864503463,42.03727109503954
129,1,13,3,26,6,2803,15,8,19,9,CCN(CC)C1:C:C(=CC2=CC(NC(C)=O)=C(C)C2=O):S:C(N=O):C:1C(=O)[O][Na],544.3545672441262,9.106509175876852
8817,45,25,14,6,16,4413,23,11,13,19,CC(=O)NC1CCC(N)(C=CC=CC=CC2:C([N+](=O)O):C(C(=O)O):C:S:S:2=N)C1C(=O)[O][Na],544.313191061505,23.069028559455738
5043,26,25,17,16,10,2218,12,13,13,10,CC(=O)NC1:C(S(=O)(=O)[O][Na]):C:C:C(=C2C(CN(CC(=O)O)CC(=O)O)C(C(F)(F)F)CS2=N):N:1NC(C)=O,544.304704587307,29.903698769403746
5072,26,10,14,22,3,4531,23,5,10,20,O=C(C=CC1SC(S(=O)(=O)[O][Na])C(C(=O)O)C1S(=O)(=O)O)CC(=O)C=CC1(Cl)CC([O][Na])CC1S(=O)(=O)[O][Na],544.0651937490737,14.458441957863215
8752,44,1,17,15,20,9668,49,21,16,25,CC(C=CN1ON(Br)C(CN(CC(=O)O)CC(=O)O)C1=N)=CC1:C:C:C(=C(C#N)C#N):S(C(F)(F)F):N:1N(C)C,543.8698089178373,18.47395149346619
7134,36,2,20,19,13,9537,48,12,1,15,CN(C)C1SC(O)[SH](C=CC=CC2(C(=O)[O][Na])CC([O][Na])OC2[SH](=O)=O)C1=C(C#N)C#N,543.8527181997895,12.476578786253073
879,5,10,14,3,3,6253,32,9,25,5,CCN(CC)S1(C=CC(=O)CC(=O)C=CC2:S:C(S(=O)(=O)[O][Na]):C(C(=O)O):C:C:2C)CC(Cl)NC1=N,543.8146981956536,26.442895985935937
5430,28,23,16,12,17,6716,34,5,18,24,CCNN1OC(O)(C=CC=CC=CC=CC2(Cl)NCC(C(=O)OCC)C2C(C)C)CC1CN(CC(=O)O)CC(=O)O,543.7848964185523,12.033751195429899
8088,41,5,14,20,15,1176,6,20,9,22,CCN(CC)C1:C:C([O][Na]):B(CC=CC=CC2:C:C([O][Na]):C(C(=O)O):N(Cl):O:2):C:C:1S(=O)(=O)O,543.7021200217824,21.04486387217974
2298,12,16,21,24,3,4152,21,24,1,10,CC(C)C1:C(Br):C:N(CN(CC(=O)O)CC(=O)O):C:C:1C=CC(=O)CC(=O)C=CS1(C(C)C):C:C(N(C)C):S:C(S(=O)(=O)[O][Na]):C:1,543.6848356943135,23.54447898649299
4629,24,11,13,9,3,5304,27,20,4,14,CCC1CN([O][Na])N(C=CC(=O)CC(=O)C=CC2(N(CC)CC)CCC(NC(C)=O)N2N)C1C(=O)O,543.4291353752002,20.009338426354102
4107,21,10,22,9,3,7116,36,11,26,11,CCN(CC)S1:C:C(C=CC(=O)CC(=O)C=CC2(N)OC(=O)CC2N):S(S(=O)(=O)[O][Na]):C:C:1S(=O)(=O)O,543.3152886710834,26.32776378478924
4131,21,15,21,12,7,2461,13,23,16,15,CCNC1(N=CC2:C:S(O):C(Br):C(=C(C#N)C#N):S:2):C:C:S(=C(C#N)C#N):C(CN(CC(=O)O)CC(=O)O):C:1,543.2856607849737,31.26780600138625
8854,45,21,24,25,7,6974,35,10,25,16,CC(C)C1:C(=N):C:C(C=NC2(S(=O)(=O)[O][Na])C(=N)NCC2CN(CC(=O)O)CC(=O)O):S:S:1Br,543.2227253909679,39.217337652906025
2945,15,25,10,15,15,2514,13,18,25,17,CCOC(=O)C1:C:S(=N):C(C(F)(F)F):C:C:1CC=CC=CC1:C(=C(C#N)C#N):C:C(S(=O)(=O)[O][Na]):S:C:1=N,543.1159707060928,8.376408579551093
938,5,23,21,9,8,947,5,16,14,22,CCNC1:S:C(=CC=S2(CN(CC(=O)O)CC(=O)O):C:C(S(=O)(=O)O):C:C:C:2C(=O)O):C:C(N(CC)CC):C:1Br,543.0704324000939,16.951609903789144
5152,26,18,18,7,17,8822,45,25,21,18,CCOC(=O)C1:C:C:C:S(=N)(C=CC=CC=CC=CC2(OC)CC(C(=O)OCC)C[SH]2C(=O)OCC):S:1Br,543.0414171911513,23.82790972410801
2889,15,10,12,5,12,4073,21,21,17,14,O=C(O)C1:S:C:C:S(Br)(C#CC#CC2:C(Cl):C:C:S(O):C:2S(=O)(=O)[O][Na]):C:1C(F)(F)F,543.032642451414,16.61063188945499
266,2,22,22,13,17,2838,15,10,19,11,CC(=O)NC1:C:C(C=CC=CC=CC=CC2:C:C(N):C(C(=O)[O][Na]):C(S(=O)(=O)[O][Na]):S:2):C(S(=O)(=O)O):C(S(=O)(=O)O):C:1,543.0140531117418,15.063161611195605
1386,7,18,2,15,17,8952,45,25,1,13,CCOC(=O)C1:C(C=CC=CC=CC=CS2(=N):C:C(NC(C)=O):C:C(N(C)C):S:2):C:O:C(=C(C#N)C#N):C:1[SH](=O)=O,542.9300150002501,23.43966310922666
5917,30,10,19,4,2,8966,45,23,1,20,CCNS1:C(N(C)C):C:C([O][Na]):C:S:1C(=O)C=CC1(CC)CN(C(=O)[O][Na])C(S(=O)(=O)[O][Na])N1,542.8992173339202,26.599273853076376
4544,23,7,10,20,16,4493,23,17,8,8,COC1CCC(C=CC=CC=CC2(C(F)(F)F)C(N=O)CCC2N=O)([O][Na])C1S(=O)(=O)[O][Na],542.8908349671381,11.360923180320135
7554,38,22,10,14,13,8825,45,2,10,22,O=C(O)C1(C=CC=CS2([SH](=O)=O):C:C(S(=O)(=O)O):C:C(S(=O)(=O)[O][Na]):S:2)CSC(S(=O)(=O)O)C1S(=O)(=O)[O][Na],542.885634969819,18.70036940186169
3201,17,8,4,9,17,6914,35,17,24,17,CCC1:C:O:C(N(CC)CC):C(C=CC=CC=CC=CC2(C(F)(F)F)CN(C(C)C)CC2C(F)(F)F):N:1N=O,542.7516919677792,17.975079289326874
8753,44,19,6,21,3,4503,23,25,15,6,N#CC(C#N)=C1CC(=N)C(C=CC(=O)CC(=O)C=CC2:C(Br):C:C:S([N+](=O)O):N:2C(=O)[O][Na])C1[N+](=O)O,542.7490569837328,20.781971212710708
4581,23,20,19,7,16,9428,48,20,13,11,COC1(C=CC=CC=CS2([O][Na])CSC(NC(C)=O)C2N)CC([O][Na])C(C(=O)[O][Na])C1,542.6869082970437,10.020403922838597
7555,38,10,2,19,17,6905,35,10,7,20,CON1C([O][Na])CC(C=CC=CC=CC=CC2C[SH](S(=O)(=O)[O][Na])C([SH](=O)=O)C2C(=O)[O][Na])C1S(=O)(=O)[O][Na],542.5853109098815,13.803449174540324
8497,43,9,5,17,3,2211,12,19,13,14,CCN(CC)N1:N:C(Cl):C:C(C(F)(F)F):C:1C=CC(=O)CC(=O)C=CC1:C:C:C(C(=O)O):C(NC(C)=O):N:1C(=O)[O][Na],542.5123746259276,23.084508455888475
6758,34,7,19,13,3,8812,45,4,15,23,CCNC1:C:S(C=CC(=O)CC(=O)C=CC2(NC(C)=O)CCN(C(=O)[O][Na])C2OC):S(CC):C:C:1=C(C#N)C#N,542.4556631313424,20.78585566316777
4022,21,2,3,14,17,2549,13,14,3,12,CC1:C:S([SH](=O)=O):C(C=CC=CC=CC=CC2:C:C(O):S(C):C(C(=O)O):C:2):C:S:1C(=O)O,542.3610604575285,27.684568104992614
4612,24,13,12,17,13,2943,15,8,19,17,CC(=O)NC1CC(O)C(C=CC=CC2:C:C(C(F)(F)F):C:C(C(=O)[O][Na]):S:2N=O)(C(F)(F)F)N1,542.3366374479344,30.2723372926303
5606,29,16,9,4,20,4429,23,13,22,19,CCN(CC)N1CCC(C=C(C)C=CC2CC(NC(C)=O)C(S(=O)(=O)O)C2C(=O)[O][Na])(CC)[SH]1CN(CC(=O)O)CC(=O)O,542.3325559292139,37.88376537181833
5075,26,2,6,8,3,7301,37,14,10,23,CCNC1C(C=CC(=O)CC(=O)C=CC2SC([SH](=O)=O)C([N+](=O)O)C2N=O)C(C(=O)O)OC1S(=O)(=O)[O][Na],542.2776478429795,34.5906168403813
5677,29,20,20,17,20,8456,43,12,10,5,CC(C=CN1:C:C(Cl):C(S(=O)(=O)[O][Na]):C:N:1O)=CC1(C(F)(F)F)CC([O][Na])N[SH]1[O][Na],542.2746327501451,11.393570399690917
2806,15,4,19,6,11,6349,32,17,5,5,CCC1:C(C#CS2(C(F)(F)F)CC(Cl)N(Cl)C2):C:C([N+](=O)O):C:S:1C(=O)[O][Na],542.2308335469035,22.67103593368803
5921,30,18,16,20,8,8849,45,21,14,8,CCOC(=O)C1NC(=CC=S2:C:C(N=O):C(C(=O)O):C(Br):S:2)C([O][Na])N1CN(CC(=O)O)CC(=O)O,542.1851375964741,35.093477151571065
5659,29,21,5,16,3,5843,30,14,12,19,O=C(O)CN(CC(=O)O)CC1(C=CC(=O)CC(=O)C=CN2CC(C(=O)[O][Na])N(O)C2C(=O)O)SN(Br)CC1Cl,542.1780065560486,30.015872314724977
8971,45,11,21,12,3,4171,21,2,6,11,NC1:C:S(C=CC(=O)CC(=O)C=CC2:C:C:C(O):S(Br):S:2N):C:C([SH](=O)=O):S:1[N+](=O)O,542.1316739780667,17.46538562426338
6878,35,21,13,10,18,923,5,9,14,12,CCN(CC)C1:C(C(=O)O):C(O):C:C:S:1CNC1(S(=O)(=O)[O][Na])CN(NC(C)=O)CC1Br,541.8322332549839,38.357294947500115
2903,15,16,6,5,14,2472,13,19,8,14,O=NS1:C(C(=O)O):C:C(OC2:C:S(CN(CC(=O)O)CC(=O)O):C([N+](=O)O):C:C:2Cl):C:C:1C(=O)[O][Na],541.7001555294718,24.3364502618798
3856,20,10,15,8,7,9504,48,19,15,13,CC(=O)NC1C(=C(C#N)C#N)SC(C(=O)[O][Na])[SH]1N=CC1:O:C(S(=O)(=O)[O][Na]):C:S(=C(C#N)C#N):C:1N=O,541.6236182688717,32.08421623792608
493,3,21,9,24,17,2971,15,18,12,15,CCOC(=O)S1:C(O):C:C(=C(C#N)C#N):C:C:1C=CC=CC=CC=CC1:N:C(Br):C:C(N(CC)CC):C:1C(C)C,541.5528736727886,14.566171969796011
1032,6,6,16,18,17,7495,38,17,3,25,CCOC(=O)C1:C:C(C=CC=CC=CC=CC2C(=N)CC(C)[SH]2C(F)(F)F):B:C([N+](=O)O):C:1CN(CC(=O)O)CC(=O)O,541.5215848750205,20.026874630878
3003,16,16,24,4,12,7464,38,10,18,10,CCOC(=O)C1CC(S(=O)(=O)[O][Na])C(C#CC#CC2:C:N(CC):C(C(C)C):C:N:2CN(CC(=O)O)CC(=O)O)[SH]1S(=O)(=O)[O][Na],541.4463704246436,30.05587712416463
7432,38,10,26,11,3,5623,29,15,17,25,N#CC(C#N)=[SH]1(C=CC(=O)CC(=O)C=CC2C[SH](S(=O)(=O)[O][Na])C(=O)C2N)NCC(C(F)(F)F)C1=N,541.432620386083,29.69851121138891
1087,6,13,24,3,17,2636,14,20,8,8,CC(=O)NC1:C:B:C(C=CC=CC=CC=CC2:C:C(N=O):C:S(N=O):C:2[O][Na]):C(C):C:1C(C)C,541.3954513918236,11.125228528665906
3181,16,11,25,8,17,7424,38,23,25,19,CCNC1(C=CC=CC=CC=CC2:C:N(N=O):C(=N):C(N):N:2)CCC(C(=O)[O][Na])S1=N,541.3262081789696,25.553560723819814
432,3,11,14,20,13,5054,26,15,24,24,CC(C)C1CC(C(C)C)[SH](C=CC=CC2:C([O][Na]):C:C(C(=O)O):C:N:2N)(=C(C#N)C#N)C1,541.3162240386903,21.704711916921656
9594,48,6,17,22,15,6772,34,16,18,19,CCOC(=O)C1CC(C(=O)[O][Na])C(CC=CC=CC2C(S(=O)(=O)O)[SH](C(F)(F)F)C[SH]2[N+](=O)O)N1CN(CC(=O)O)CC(=O)O,541.3005233364215,20.957500253467988
8295,42,21,13,13,15,5069,26,3,20,24,CC(=O)NC1:C(C=CC=CCS2(C)CCC([O][Na])C2C(C)C):O:S:C(Br):C:1NC(C)=O,541.2344667296753,27.81605818411526
2007,11,3,11,21,3,1196,6,25,9,13,CCN(CC)C1:C(NC(C)=O):C:B(C=CC(=O)CC(=O)C=CC2:C:C(C):N:C(N):C:2Br):C:C:1=N,541.0651566822827,12.232330165445287
2194,11,2,5,2,17,388,2,21,15,11,N#CC(C#N)=C1:C(N):C:C:C:C:1(Br)C=CC=CC=CC=CC1:C([SH](=O)=O):C:N(Cl):C:C:1[SH](=O)=O,541.0306832928549,34.58134059408065
9490,48,9,9,19,20,2936,15,2,6,2,CCN(CC)C1SCC(C=C(C)C=CC2([SH](=O)=O):C:C([SH](=O)=O):C([N+](=O)O):C:S:2)(C(=O)[O][Na])[SH]1N(CC)CC,540.9913718523853,21.37014554164179
2365,12,24,14,11,13,4264,22,9,9,25,CCN(CC)C1=CC(=N)C(C=CC=CC2:C:C(N):C(C(=O)O):N:C:2C(C)C)=C1N(CC)CC,540.9710587717292,12.25118308948405
1151,6,22,23,26,15,2281,12,20,10,23,CCNC1:C:B(S(=O)(=O)O):C(C=CC=CCC2:C:C(NCC):C(S(=O)(=O)[O][Na]):C:N:2[O][Na]):C(=O):C:1,540.8692185822457,9.711501095505863
911,5,16,3,9,3,2810,15,9,6,17,CCN(CC)C1:C(C):C:C(CN(CC(=O)O)CC(=O)O):S:C:1C=CC(=O)CC(=O)C=CC1:C:C(C(F)(F)F):C([N+](=O)O):C:S:1N(CC)CC,540.843050463395,25.980386445610584
4562,23,23,22,19,15,1169,6,14,3,9,CCNC1C(C=CC=CCB2:C:C(N(CC)CC):C:C(C):C:2C(=O)O)C(C(=O)[O][Na])CC1S(=O)(=O)O,540.8377762092174,26.60926717341272
830,5,25,10,16,20,4090,21,3,9,7,CCN(CC)C1:C:S:C(OC):C:S:1(C)C=CC(C)=CC1:S:C:C(=N):C(S(=O)(=O)[O][Na]):C:1CN(CC(=O)O)CC(=O)O,540.824553515097,22.067313920052825
9500,48,15,17,22,9,2578,13,15,19,26,N#CC(C#N)=C1:C:S(C(=O)[O][Na]):C(=O):C:C:1C1(S(=O)(=O)O)C(C(F)(F)F)SCS1=C(C#N)C#N,540.7589437669493,14.043265089911843
5613,29,21,6,11,12,8624,44,8,22,15,N#CC(C#N)=C1:C:C:N(C#CC#CC2C(N)C([N+](=O)O)N[SH]2Br):S(N=O):C:1S(=O)(=O)O,540.7256442070022,35.48846033285109
2684,14,21,12,16,3,2716,14,26,14,9,CCN(CC)C1:C:C(C=CC(=O)CC(=O)C=CC2:C:C(CN(CC(=O)O)CC(=O)O):S:C(O):C:2Br):C(=O):S:C:1C(=O)O,540.6880203900062,24.56314144080932
952,5,16,7,22,17,1493,8,16,4,1,CCC1:O:C(CN(CC(=O)O)CC(=O)O):C(C=CC=CC=CC=CC2:C:C(S(=O)(=O)O):C(OC):C:S:2CN(CC(=O)O)CC(=O)O):C:C:1N(C)C,540.556583310337,20.390963960109
6971,35,10,17,6,3,6896,35,13,3,24,CC(=O)NC1(C=CC(=O)CC(=O)C=CC2([N+](=O)O)C(C(F)(F)F)NCC2S(=O)(=O)[O][Na])CC(C(C)C)N(C)C1,540.5490874273697,20.211544753995227
1496,8,11,25,15,16,8824,45,14,16,26,N#CC(C#N)=C1:C(C=CC=CC=CS2:C:C(=O):C:C(CN(CC(=O)O)CC(=O)O):S:2C(=O)O):C:C(N):O:C:1=N,540.4913845586933,24.443410907617086
8558,43,17,3,16,18,7557,38,10,14,21,CN1:C(CN(CC(=O)O)CC(=O)O):C:C:C(NCC2(S(=O)(=O)[O][Na])CCC(Br)[SH]2C(=O)O):N:1C(F)(F)F,540.4452790389156,32.27580928819532
5055,26,16,10,20,20,910,5,15,4,11,CCC1:C:C(N):C:S(C=CC(C)=CC2SC(CN(CC(=O)O)CC(=O)O)C(S(=O)(=O)[O][Na])C2[O][Na]):C:1=C(C#N)C#N,540.4028839804579,21.991359643115075
9733,49,7,20,4,17,4483,23,7,21,22,CCC1(C=CC=CC=CC=CC2(OC)CC(S(=O)(=O)O)CC2Br)CN([O][Na])ON1OC,540.4021195230099,19.01109073325147
4566,23,22,14,14,17,6413,33,24,12,6,CC(C)C1C(C=CC=CC=CC=CC2C(C(=O)O)C(C(=O)O)CC2S(=O)(=O)O)CC([N+](=O)O)[SH]1O,540.3956843434783,19.7744328363097
246,2,23,22,19,3,3007,16,15,13,25,CCNC1:C:C(C=CC(=O)CC(=O)C=CN2:C:C(=N):N:C(NC(C)=O):C:2=C(C#N)C#N):C(C(=O)[O][Na]):C:C:1S(=O)(=O)O,540.3694394352781,31.685095317312207
1289,7,4,14,19,20,2481,13,23,10,5,CCNC1:C:C(C=CC(C)=CC2:C(CC):C:C(C(=O)O):O:C:2C(=O)[O][Na]):C:C(Cl):S:1S(=O)(=O)[O][Na],540.358833088503,21.291978613237884
1773,9,15,14,14,17,843,5,4,5,26,CCC1:C(Cl):C:C(=O):C:S:1C=CC=CC=CC=CC1:C:C(C(=O)O):C(C(=O)O):O:C:1=C(C#N)C#N,540.3419793862461,21.612852283907156
5065,26,1,4,12,15,2478,13,16,20,21,CCC1C(N(C)C)CSC1(O)C=CC=CCC1(CN(CC(=O)O)CC(=O)O):C:C:S(Br):C:C:1[O][Na],540.2254764255892,15.781157397032334
3748,19,20,12,19,17,2668,14,17,22,22,O=C([O][Na])C1:O:C(O):C([O][Na]):O:C:1C=CC=CC=CC=CC1:C:C(S(=O)(=O)O):C(S(=O)(=O)O):S:C:1C(F)(F)F,540.1601958065429,14.637553446195707
4460,23,13,23,8,20,9424,48,15,20,18,CCNC1C(N=O)CC(C=C(C)C=C[SH]2(=C(C#N)C#N)C([O][Na])SCC2C(=O)OCC)C1NC(C)=O,540.1093674988422,25.145388743274054
5819,30,14,10,19,16,8847,45,7,5,11,COS1:C(Cl):C:C(N):C:S:1C=CC=CC=CC1(C(=O)[O][Na])CNC(S(=O)(=O)[O][Na])N1C(=O)O,540.0623406666426,14.24750832629915
2792,14,25,11,19,15,1044,6,5,19,15,N#CC(C#N)=C1:C:B(CC=CC=CC2:C:C(=N):S(N):C:C:2C(=O)[O][Na]):C(Cl):C:C:1C(=O)[O][Na],539.9723728503944,11.592824987331515
9513,48,11,5,20,19,6929,35,16,15,12,N#CC(C#N)=C1NCC(CN(CC(=O)O)CC(=O)O)(C(=N)C2([O][Na])C(Cl)SC[SH]2N)C1O,539.9240207899865,46.74117033220105
2761,14,26,13,26,3,8720,44,12,23,15,CCNC1:C:C(=C(C#N)C#N):C:N(C=CC(=O)CC(=O)C=CC2:C:C(=O):S:C(NC(C)=O):C:2=O):S:1O,539.8652552294168,28.602955640602048
2384,12,6,26,12,17,2699,14,17,10,12,O=C1:C:C(O):C(C=CC=CC=CC=CC2(C(F)(F)F):C:C(O):C:S:C:2S(=O)(=O)[O][Na]):C([N+](=O)O):N:1,539.781418715584,22.881355793269996
1754,9,8,15,26,3,2787,14,22,15,16,N#CC(C#N)=C1:O:C(N=O):C(C=CC(=O)CC(=O)C=CC2(S(=O)(=O)O):C:C(CN(CC(=O)O)CC(=O)O):C:S(=C(C#N)C#N):C:2):C:C:1=O,539.7499020443299,40.83746102609508
6079,31,15,19,14,15,5658,29,10,26,12,N#CC(C#N)=C1OC(C=CC=CCS2(S(=O)(=O)[O][Na])CC(O)C(=O)N2)C(C(=O)O)N1C(=O)[O][Na],539.7498776284383,29.74707282427483
7429,38,24,15,17,3,2478,13,16,20,21,CC(C)C1SCC(=C(C#N)C#N)C1(C=CC(=O)CC(=O)C=CC1(CN(CC(=O)O)CC(=O)O):C:C:S(Br):C:C:1[O][Na])C(F)(F)F,539.7046712892168,28.12584568694306
7589,38,19,6,3,3,3082,16,23,12,16,CCNC1:C(O):N:C(CN(CC(=O)O)CC(=O)O):C:N:1C=CC(=O)CC(=O)C=CC1C(C(=O)[O][Na])SC([N+](=O)O)C1C,539.6692532693996,27.191297314178716
2045,11,17,3,23,13,873,5,8,9,20,CCNC1:C(C):N:C:C(C(F)(F)F):C:1C=CC=CS1:C:C:C([O][Na]):C(N(CC)CC):C:1N=O,539.6127232765539,12.363056191576039
6940,35,10,14,18,15,2584,13,21,7,23,CCNC1:C:C(Br)(CC=CC=CC2C(C(=O)OCC)NC(C(=O)O)C2S(=O)(=O)[O][Na]):C(OC):C:S:1,539.4903947400156,30.582128386365188
4005,21,4,15,21,17,7312,37,11,23,10,CCNC1OC(N)C(C=CC=CC=CC=CC2:C(Br):S(=C(C#N)C#N):C:C:S:2CC)C1S(=O)(=O)[O][Na],539.4799736843477,29.33913252919721
2198,11,3,19,16,2,2895,15,24,5,21,CC1:C(C=CC(=O)C2:C:C(Br):C:C(Cl):S:2C(C)C):C:C(CN(CC(=O)O)CC(=O)O):N:C:1C(=O)[O][Na],539.4319336538563,19.945498978594227
7535,38,10,3,1,13,2273,12,4,18,20,CCOC(=O)C1:C([O][Na]):C:C:C(C=CC=CC2(N(C)C)CC(C)SC2S(=O)(=O)[O][Na]):N:1CC,539.3866841934669,13.382906015813782
2556,13,25,24,15,7,2915,15,12,22,1,CC(C)C1:C:S(=C(C#N)C#N):C:C(C=NC2(O):C:C:C(N(C)C):C(S(=O)(=O)O):S:2):C:1=N,539.336067159233,26.073543307806823
3489,18,6,23,19,13,2099,11,9,12,19,CCNC1:C:S(C(=O)[O][Na]):C:C(C=CC=CC2(N(CC)CC):C:N:C(O):C(C(=O)[O][Na]):C:2):N:1[N+](=O)O,539.3338345608297,24.136990882584637
7357,37,4,4,24,16,9522,48,5,10,6,CCC1OCC(C=CC=CC=CS2(Cl)CC[SH]([N+](=O)O)C2S(=O)(=O)[O][Na])(C(C)C)C1CC,539.3166390561795,17.825346318337555
4476,23,19,10,18,16,1248,7,6,7,2,CCOC(=O)C1(C=CC=CC=CC2([N+](=O)O):C:C(OC):O:C([SH](=O)=O):C:2)CCC(C(=O)[O][Na])C1S(=O)(=O)[O][Na],539.175712528755,13.870776118816543
4541,23,2,2,6,17,7475,38,19,22,25,N=C1CCC(C=CC=CC=CC=CC2C([N+](=O)O)C([SH](=O)=O)CC2[SH](=O)=O)(C(=O)[O][Na])[SH]1S(=O)(=O)O,538.9841491057018,35.16500112956999
9420,48,19,12,11,16,4106,21,17,17,15,N#CC(C#N)=S1:C:C:S(C=CC=CC=CC2C(N)SC(O)[SH]2C(=O)[O][Na])(C(F)(F)F):C:C:1C(F)(F)F,538.9712926406221,21.478945420863454
2512,13,11,9,22,15,9423,48,25,1,4,CCC1C[SH](=N)(CC=CC=CC2:C(N):C:C:S(N(CC)CC):C:2S(=O)(=O)O)C[SH]1N(C)C,538.936021846238,16.192855941747652
3598,18,1,16,8,12,1304,7,18,20,20,CCOC(=O)C1(C#CC#CC2:C:S(N=O):C(CN(CC(=O)O)CC(=O)O):C(N(C)C):N:2):C:C([O][Na]):O:C:C:1[O][Na],538.8911330290998,35.477526307638406
1358,7,24,4,19,16,4040,21,18,9,3,CCOC(=O)C1:C:S(N(CC)CC):C(C):C:S:1C=CC=CC=CC1:C(C(=O)[O][Na]):O:C:C(CC):C:1C(C)C,538.8026845556662,12.29490980958928
2065,11,18,7,14,3,7490,38,21,10,18,CCOC(=O)C1:C:N:C(OC):C(C(=O)O):C:1C=CC(=O)CC(=O)C=CC1(Br)CC(C(=O)OCC)C(S(=O)(=O)[O][Na])S1,538.8006057922447,21.499707609608453
1260,7,10,1,12,3,6445,33,19,9,8,CCN(CC)C1SC(N=O)CC1(C=CC(=O)CC(=O)C=CC1:C(S(=O)(=O)[O][Na]):C:C(N(C)C):O:C:1O)C(=O)[O][Na],538.7838378395797,26.715160531622868
2957,15,9,16,17,20,2106,11,23,19,18,CCNC1(C=CC(C)=CC2:C:C(C(F)(F)F):C(CN(CC(=O)O)CC(=O)O):S:C:2N(CC)CC):C:C:C:N(C(=O)OCC):C:1C(=O)[O][Na],538.7020730790057,18.76676044619866
3551,18,2,9,22,15,984,5,16,1,2,CCN(CC)C1:C([SH](=O)=O):N:C(C=CC=CCS2:C:C(CN(CC(=O)O)CC(=O)O):C(N(C)C):C([SH](=O)=O):C:2):C:S:1S(=O)(=O)O,538.6627464411841,29.495003442533665
547,3,2,26,16,3,2048,11,14,10,7,COC1:C:C(C=CC(=O)CC(=O)C=CC2:C:C:C(CN(CC(=O)O)CC(=O)O):C(=O):N:2[SH](=O)=O)(C(=O)O):C:N:C:1S(=O)(=O)[O][Na],538.5414625038436,27.09136778225424
871,5,19,5,19,3,5091,26,21,12,24,CC(C)C1C[SH](C=CC(=O)CC(=O)C=CC2:C:C:C(C(=O)[O][Na]):C(Cl):S:2C(=O)[O][Na])C(Br)C1O,538.5148407355271,23.82695932405573
8754,44,8,17,12,15,8816,45,6,9,19,CCN(CC)C1:C(C(=O)[O][Na]):C:S(CC=CC=CC2:C(O):C(C(F)(F)F):C:S:N:2N=O):S:C:1[N+](=O)O,538.4975090610833,8.877794809994528
8546,43,5,21,24,3,4157,21,4,7,23,CCNC1:C:S(C=CC(=O)CC(=O)C=CC2:N:N(Cl):C:C(Br):C:2C(C)C):C:C(CC):S:1OC,538.433247001666,26.684138780881263
9476,48,3,9,12,13,5686,29,16,10,8,CCN(CC)[SH]1C[SH](C)C(C=CC=CS2(CN(CC(=O)O)CC(=O)O)NC(S(=O)(=O)[O][Na])CC2N=O)C1O,538.4043776554967,16.23815983603147
8308,42,6,14,15,20,6466,33,20,18,8,CCOC(=O)[SH]1CC(C=CC(C)=CC2:O:S:C([N+](=O)O):C(C(=O)O):C:2=C(C#N)C#N)([O][Na])CC1N=O,538.3948404890403,22.598084432014524
2886,15,20,7,7,2,5647,29,21,8,5,COC1:C:C(C=CC(=O)S2(Br)CCC(Cl)N2N=O):C([O][Na]):S(OC):C:1,538.2607004371035,19.548596627088564
3027,16,24,20,16,16,2442,13,5,22,5,CC(C)C1:N:C(C=CC=CC=CC2(Cl):C:C(Cl):S:C:C:2S(=O)(=O)O):C(CN(CC(=O)O)CC(=O)O):N:C:1[O][Na],538.2440220565884,7.559906019596975
3119,16,16,13,26,17,1496,8,11,25,15,CC(=O)NN1:C:C:N(CN(CC(=O)O)CC(=O)O):C(C=CC=CC=CC=CC2:C:C(=C(C#N)C#N):C(=N):O:C:2N):C:1=O,538.227646079491,8.98730119361285
6266,32,15,3,23,3,2982,15,19,20,23,CCNC1:C:C:C:C(C=CC(=O)CC(=O)C=CC2CN(NCC)C(C)S2=C(C#N)C#N)(C(=O)[O][Na]):S:1[O][Na],538.2245694666894,21.40527149977456
5107,26,23,14,13,7,898,5,13,9,6,CCN[SH]1C(C=NS2:C:C([N+](=O)O):C:C(N(CC)CC):C:2NC(C)=O)CC(NC(C)=O)C1C(=O)O,538.1248215028581,15.252067694093848
4570,23,4,22,20,20,3082,16,23,12,16,CCNC1:C(O):N:C(CN(CC(=O)O)CC(=O)O):C:N:1C=CC(C)=CC1CC([O][Na])C(S(=O)(=O)O)C1CC,538.080540063532,25.52887169571591
2773,14,15,25,10,13,5084,26,8,16,24,CC(C)C1CCS(C=CC=CC2:C(S(=O)(=O)[O][Na]):C:S:C(=N):C:2=C(C#N)C#N)(N=O)C1CN(CC(=O)O)CC(=O)O,537.9926442628936,31.2839723819466
8897,45,11,18,9,13,5089,26,20,20,26,CCOC(=O)C1:C(N(CC)CC):C:C(C=CC=C[SH]2CC([O][Na])C([O][Na])C2=O):S:S:1N,537.9852362191652,7.355612278267959
808,5,19,14,24,20,1989,10,18,11,12,CCOC(=O)C1:C(C=CC(C)=CC2:C(C(C)C):C:C(C(=O)O):C:S:2C(=O)[O][Na]):C:C:N(O):C:1N,537.8937643825806,23.613600547402058
3172,16,16,18,20,3,4104,21,21,5,14,CCOC(=O)C1:C([O][Na]):N:C:C(C=CC(=O)CC(=O)C=CS2(Br):C:C:S(C(=O)O):C(Cl):C:2):N:1CN(CC(=O)O)CC(=O)O,537.8330836125685,26.334880307636904
9043,46,21,19,24,17,6419,33,6,19,16,CC(C)C1:C(C(=O)[O][Na]):N:C(Br):O:C:1C=CC=CC=CC=CC1([N+](=O)O)CC(CN(CC(=O)O)CC(=O)O)[SH](C(=O)[O][Na])C1,537.816093711778,16.833922139209207
2882,15,16,9,20,9,6822,35,5,11,5,CCN(CC)S1:C:C([O][Na]):C:C(C2C(Cl)CN(N)C2Cl):C:1CN(CC(=O)O)CC(=O)O,537.7742878557082,36.785240263922205
213,2,2,6,16,13,5623,29,15,17,25,N#CC(C#N)=[SH]1(C=CC=CC2:C:C([SH](=O)=O):C:C([N+](=O)O):C:2CN(CC(=O)O)CC(=O)O)NCC(C(F)(F)F)C1=N,537.6680309569244,35.8441255185313
9292,47,23,21,15,13,1216,7,10,24,18,CCNC1:O:C(C=CC=CC2(S(=O)(=O)[O][Na]):C:C(C(=O)OCC):O:C(C(C)C):C:2):C(=C(C#N)C#N):C(Br):S:1,537.6505992973296,23.870607700537644
2633,14,23,13,12,8,4588,23,20,24,21,CCNC1:C:C(=CC=C2C([O][Na])CC(C(C)C)C2Br):C(O):C(NC(C)=O):S:1,537.552490982915,18.810894669976783
5482,28,3,6,10,15,6473,33,17,20,3,CC1C(CC=CC=CC2ON(C)C([N+](=O)O)C2S(=O)(=O)[O][Na])C[SH](C(F)(F)F)C1[O][Na],537.5505379903391,16.543289972435403
2931,15,20,13,25,16,6657,34,12,9,15,CCN(CC)C1C(=C(C#N)C#N)C(C=CC=CC=CC2:C([O][Na]):S:C(NC(C)=O):C:C:2=N)NC1O,537.5447860738775,17.096474406053307
2246,12,4,19,1,20,2826,15,3,3,17,CCC1:C(C=C(C)C=CC2(C):C:C:C(C(F)(F)F):C(C):S:2):C(N(C)C):C:C:N:1C(=O)[O][Na],537.3443326536801,23.630519349346162
1054,6,18,11,5,16,7542,38,15,9,20,CCOC(=O)B1:C(N):C:C(Cl):C:C:1C=CC=CC=CC1C([O][Na])CC(N(CC)CC)S1=C(C#N)C#N,537.3335863066781,9.290659388498637
5805,30,22,5,16,13,1938,10,8,24,19,CC(C)C1:C:N(C(=O)[O][Na]):C:C:C:1(C=CC=CC1(CN(CC(=O)O)CC(=O)O)CN(Cl)C(S(=O)(=O)O)N1)N=O,537.3067602606689,30.343024265719148
9190,46,25,17,13,17,4280,22,15,18,13,CCOC(=O)C1=C(NC(C)=O)C=C(C=CC=CC=CC=CC2:O:C(=N):N(C(F)(F)F):C:C:2NC(C)=O)C1=C(C#N)C#N,537.2947158919944,23.34607287400579
3364,17,11,2,10,1,275,2,14,9,4,CCC1:C:C:C(N=NC2:C(S(=O)(=O)[O][Na]):O:C([SH](=O)=O):C:N:2N):C(C(=O)O):C:1N(CC)CC,537.2869269506251,14.952490659205132
960,5,21,7,20,15,5602,29,2,19,11,COC1:C:S(Br):C(C=CC=CC[SH]2CC(N)C(C(=O)[O][Na])N2[SH](=O)=O):C:C:1[O][Na],537.2081734431358,25.01797534018676
1962,10,18,10,11,3,2342,12,22,8,9,CCOC(=O)C1:C:C:C(C=CC(=O)CC(=O)C=CC2(S(=O)(=O)O):C:C:C:C(N(CC)CC):N:2N=O):C(N):N:1S(=O)(=O)[O][Na],537.1774910821889,26.23082965370307
319,2,11,21,1,17,1918,10,4,18,14,CCOC(=O)C1:C:C(C=CC=CC=CC=CC2:C(N(C)C):C:C:C(Br):C:2N)(CC):C:C(C(=O)O):N:1,537.1713709283001,11.21458797180556
676,4,14,25,18,17,5115,26,18,18,5,CCOC(=O)C1:C(C=CC=CC=CC=C[SH]2C(C(=O)OCC)CC(C(=O)OCC)C2Cl):O:C:C(C(=O)O):C:1=N,537.1450755310643,13.97319462107315
5049,26,24,1,14,13,2803,15,8,19,9,CCN(CC)C1:C:C(C=CC=CC2(C(=O)O)C(N(C)C)CC[SH]2C(C)C):S:C(N=O):C:1C(=O)[O][Na],537.0528347624706,15.429803031586546
2720,14,26,5,11,20,5127,26,19,9,15,CCN(CC)C1CC(C(=O)[O][Na])[SH](C=CC(C)=CC2:C:C:S(=O):C(Cl):C:2N)C1=C(C#N)C#N,537.0315365538461,17.319133387596562
7424,38,23,25,19,3,6907,35,18,3,9,CCNC1C(C=CC(=O)CC(=O)C=CC2(C(=O)OCC)C(C)NCC2N(CC)CC)CC(C(=O)[O][Na])S1=N,537.0065338356878,25.65241512696262
2771,14,22,6,22,9,2578,13,15,19,26,N#CC(C#N)=C1:C:S(C(=O)[O][Na]):C(=O):C:C:1C1:C:C:S(S(=O)(=O)O):C([N+](=O)O):C:1S(=O)(=O)O,536.997329636961,18.413660224527266
8993,45,19,9,18,9,7598,38,24,23,15,CCN[SH]1C(=C(C#N)C#N)CCC1(C1:C(C(=O)OCC):C:C:S(N(CC)CC):S:1C(=O)[O][Na])C(C)C,536.9664843551056,24.228796702616435
8969,45,6,15,9,6,5629,29,2,4,3,CCC1CN[SH](=CC2:S:S([N+](=O)O):C:C(=C(C#N)C#N):C:2N(CC)CC)([SH](=O)=O)C1C,536.9419339885889,19.022256593388704
3264,17,13,22,19,20,4085,21,13,5,2,CC(=O)NC1:C(Cl):S([SH](=O)=O):C:C:S:1C=CC(C)=CC1:C(C(=O)[O][Na]):O:C:C(S(=O)(=O)O):N:1NC(C)=O,536.9390859716084,19.9531295890716
6599,33,19,23,12,19,8873,45,21,25,15,CCNC1SCC(C(=O)[O][Na])C1(O)C(=N)S1(Br):C:C:C(=C(C#N)C#N):C(=N):S:1,536.9341512719226,27.43993957730941
2343,12,9,6,9,17,2677,14,23,9,20,CCNC1(C=CC=CC=CC=CC2:C(N(CC)CC):N:C:C([N+](=O)O):C:2N(CC)CC):C:C:C([O][Na]):S:C:1N(CC)CC,536.9241345937502,23.665990860766073
4527,23,6,26,21,16,5216,27,7,20,20,CON1CC([O][Na])C([O][Na])N1C=CC=CC=CC1CC([N+](=O)O)C(=O)C1Br,536.8530063414778,20.934618049508156
971,5,5,17,15,19,9596,48,21,20,15,N#CC(C#N)=C1CS(Br)(C(=N)C2:S:C(Cl):C(C(F)(F)F):C:C:2=C(C#N)C#N)C[SH]1[O][Na],536.8262321806684,23.6562238253134
8025,41,9,23,1,20,878,5,20,19,22,CCNC1:C(N(CC)CC):N:O:C(C=C(C)C=CS2([O][Na]):C:C:C(C(=O)[O][Na]):C(S(=O)(=O)O):C:2):C:1N(C)C,536.7994455006071,17.435639464463662
4037,21,25,1,16,3,2533,13,24,15,2,CC(C)C1:C(C=CC(=O)CC(=O)C=CC2:C(CN(CC(=O)O)CC(=O)O):S:C:C(N(C)C):S:2=N):C:C:S([SH](=O)=O):C:1=C(C#N)C#N,536.7603065439803,19.03969725965228
4469,23,19,7,23,15,2413,13,13,25,25,CCNC1(C=CC=CCC2:C:C:S(=N):C(=N):C:2NC(C)=O)CCC(OC)C1C(=O)[O][Na],536.7377914257825,18.177686843392586
1024,6,12,3,24,17,2447,13,9,4,15,CCC1:S:C(=C(C#N)C#N):C:C(C=CC=CC=CC=CC2:B(O):C:C(C):C:C:2C(C)C):C:1N(CC)CC,536.7104867199016,6.715666289903671
1811,10,16,4,20,20,1861,10,24,11,7,CCN1:C:C:C(CN(CC(=O)O)CC(=O)O):C(C=C(C)C=CC2:C:C(OC):N:C(N):C:2C(C)C):C:1[O][Na],536.6780252896168,24.376970232787684
2024,11,19,25,23,13,6715,34,16,24,20,CCNC1:C(C=CC=CC2C([O][Na])C(C(C)C)CN2CN(CC(=O)O)CC(=O)O):C:C:N(C(=O)[O][Na]):C:1=N,536.6505882720694,27.269500052902185
6594,33,23,2,8,11,2508,13,9,24,19,CCNC1CC(C#CC2:C:C:S(C(=O)[O][Na]):C(C(C)C):C:2N(CC)CC)(N=O)C[SH]1[SH](=O)=O,536.5797005013073,29.898335207516155
2186,11,10,8,18,13,8508,43,5,24,17,CCOC(=O)C1:C(N=O):N:C:C(S(=O)(=O)[O][Na]):C:1C=CC=CN1:C:C(C(F)(F)F):C(C(C)C):C:N:1Cl,536.5344939595894,14.693986506818293
5222,27,22,5,14,20,6634,34,4,4,19,CCN1CCC(C(=O)[O][Na])C1(C=CC(C)=CC1(C(=O)O)CCN(Cl)N1S(=O)(=O)O)CC,536.5114340465029,23.364382089262193
2890,15,15,20,11,3,2276,12,3,5,15,CC1:N:C(C=CC(=O)CC(=O)C=CC2:C:C(N):C([O][Na]):S(=C(C#N)C#N):C:2):C:C(=C(C#N)C#N):C:1Cl,536.4834615763668,25.740416367459897
8185,41,1,20,19,16,5878,30,11,11,26,CN(C)N1:O:C(C=CC=CC=CN2CC(=O)N(N)C2N):C(C(=O)[O][Na]):C:C:1[O][Na],536.478915049786,18.603649966111735
2898,15,16,20,23,1,9537,48,12,1,15,CCNC1:C:C(N=N[SH]2C(=C(C#N)C#N)C(N(C)C)SC2O):C:S(CN(CC(=O)O)CC(=O)O):C:1[O][Na],536.4571799482778,39.94033554204939
6568,33,22,7,22,12,2786,14,8,6,23,CCNC1:C:C(C#CC#CC2C(S(=O)(=O)O)C[SH](OC)C2S(=O)(=O)O):C(N=O):S([N+](=O)O):C:1,536.4002070524709,18.34542736845522
1404,8,22,2,20,8,7325,37,18,13,15,CCOC(=O)C1OC(NC(C)=O)C(=C(C#N)C#N)C1=CC=C1:C([O][Na]):C:O:C([SH](=O)=O):C:1S(=O)(=O)O,536.3558740158514,22.23288770639661
5625,29,17,9,10,3,7107,36,22,21,26,CCN(CC)C1CN(C(F)(F)F)SC1(C=CC(=O)CC(=O)C=CC1(S(=O)(=O)O)OCC(Br)C1=O)S(=O)(=O)[O][Na],536.3308321783752,14.890134764182243
6703,34,2,19,11,13,5686,29,16,10,8,NC1(C=CC=CS2(CN(CC(=O)O)CC(=O)O)NC(S(=O)(=O)[O][Na])CC2N=O)CC(C(=O)[O][Na])NC1[SH](=O)=O,536.2743411530233,30.101791620147196
1071,6,8,10,22,13,6432,33,11,9,19,CCN(CC)C1[SH](C(=O)[O][Na])CCC1(N)C=CC=CC1:B(N=O):C:C(S(=O)(=O)[O][Na]):C:C:1S(=O)(=O)O,536.1533404881045,21.41890414735304
3102,16,23,7,24,15,7505,38,8,19,13,CCNN1:C:C(OC):N:C(C(C)C):C:1C=CC=CCC1(N=O)CC(NC(C)=O)C[SH]1C(=O)[O][Na],536.0598214553268,7.936083871815484
8833,45,15,13,12,3,243,2,6,15,9,CCN(CC)C1:C:C(C=CC(=O)CC(=O)C=CC2:S:S:C(=C(C#N)C#N):C(NC(C)=O):C:2O):C([N+](=O)O):C:C:1=C(C#N)C#N,536.0491498031581,8.797097262094546
6079,31,15,19,14,20,6279,32,1,11,5,CC(C=C[SH]1C(Cl)CN(N)C1N(C)C)=CC1OC(=C(C#N)C#N)N(C(=O)[O][Na])C1C(=O)O,536.0409873462725,17.42736927258454
225,2,22,10,6,20,4264,22,9,9,25,CCN(CC)C1=CC(=N)C(C=CC(C)=CC2:C:C([N+](=O)O):C:C(S(=O)(=O)[O][Na]):C:2S(=O)(=O)O)=C1N(CC)CC,535.9769342474634,21.8901574005428
5064,26,9,20,24,15,8516,43,7,11,9,CCN(CC)C1:C:C:N(CC=CC=CC2(C(C)C)CC([O][Na])C(N(CC)CC)S2):N(OC):C:1N,535.9595410536568,19.333221383389102
2374,12,7,5,24,3,7474,38,4,20,20,CCC1SC(C=CC(=O)CC(=O)C=CC2:C:C(C(C)C):C:N(Cl):C:2OC)C([O][Na])C1[O][Na],535.8246285784296,10.105141265514748
7220,37,13,11,21,17,4444,23,10,12,24,CC(=O)NC1C(N)OC(Br)C1C=CC=CC=CC=CC1(S(=O)(=O)[O][Na])CC(C(C)C)CC1O,535.7949448083043,16.190203238721466
2303,12,4,14,3,3,5794,29,15,8,6,CCC1:N:C(C(=O)O):C(C):C:C:1C=CC(=O)CC(=O)C=C[SH]1(=C(C#N)C#N)CCC([N+](=O)O)N1N=O,535.7587791373765,11.157207126042884
1120,6,26,9,5,17,4445,23,19,7,1,CCN(CC)C1:C:C(Cl):C(C=CC=CC=CC=CC2(C(=O)[O][Na])CC(OC)CC2N(C)C):B:C:1=O,535.6331178348626,18.051317999312346
5058,26,14,12,6,17,4089,21,13,1,1,CC(=O)NS1(C=CC=CC=CC=CC2([N+](=O)O)CC(O)C[SH]2C(=O)O):C:C(N(C)C):S:C:C:1N(C)C,535.5981885427472,17.833440546897734
3550,18,23,18,25,16,4067,21,20,11,3,CCNC1:N:C(C=CC=CC=CS2([O][Na]):C:C(C):S:C(N):C:2):C(=N):S:C:1C(=O)OCC,535.5890324743887,15.883515607427658
6926,35,14,18,5,13,6447,33,3,13,19,CCOC(=O)C1NC(Cl)C(C=CC=CC2C[SH](C)C(NC(C)=O)C2C(=O)[O][Na])C1C(=O)O,535.5400328388818,25.349750853929343
5322,27,10,15,17,3,7315,37,13,4,18,CCOC(=O)C1CC(C=CC(=O)CC(=O)C=CC2(C(F)(F)F)NNC(S(=O)(=O)[O][Na])C2=C(C#N)C#N)(NC(C)=O)C(CC)O1,535.5224746953525,21.415106698717988
335,2,6,25,3,20,5185,26,1,19,18,CCOC(=O)C1C[SH](C=CC(C)=CC2:C:C([N+](=O)O):C(=N):C:C:2C)C(N(C)C)C1C(=O)[O][Na],535.4394746059877,15.117397535177295
8737,44,9,23,17,3,2925,15,6,14,20,CCNS1:C:C(C(F)(F)F):C:C(C=CC(=O)CC(=O)C=CC2:C:C:C([O][Na]):C(C(=O)O):S:2[N+](=O)O):N:1N(CC)CC,535.4264769138672,22.85664075131059
5952,30,6,24,21,16,8979,45,19,12,20,CC(C)C1NC(Br)C(C=CC=CC=CS2(C(=O)[O][Na]):C:C:C([O][Na]):C(O):S:2)N1[N+](=O)O,535.3597177163808,21.734993394376236
1945,10,24,7,26,17,6445,33,19,9,8,CCN(CC)C1SC(N=O)CC1(C=CC=CC=CC=CC1:C:C(C(C)C):C(OC):N:C:1=O)C(=O)[O][Na],535.3189541389036,17.510838400941758
2909,15,11,20,7,15,165,1,16,19,26,COC1:C(C=CC=CCC2=C(CN(CC(=O)O)CC(=O)O)C=C(C(=O)[O][Na])C2=O):C:S:C(N):C:1[O][Na],535.2336301371582,7.303064144023169
389,2,22,1,19,18,1120,6,26,9,5,CCN(CC)C1:C:C(Cl):C:B(CNC2:C:C(C(=O)[O][Na]):C:C(N(C)C):C:2S(=O)(=O)O):C:1=O,535.0401087639304,9.822649186355992
4613,24,3,22,21,3,5642,29,12,15,5,CN1CC(S(=O)(=O)O)C(Br)C1C=CC(=O)CC(=O)C=CS1(O)NC(=C(C#N)C#N)CC1Cl,534.8949475328295,24.799278054122873
2653,14,1,21,17,2,4528,23,10,25,17,CN(C)C1:C(C=CC(=O)C2(S(=O)(=O)[O][Na])CCC(C(F)(F)F)C2=N):C:C:S(C(F)(F)F):C:1Br,534.6777281566071,24.14272918317424
334,2,1,21,14,13,5756,29,11,1,18,CCOC(=O)C1CN(N(C)C)S(N)(C=CC=CC2:C:C:C(N(C)C):C(Br):C:2C(=O)O)C1,534.659016923996,24.251062921546406
4065,21,13,1,3,18,5642,29,12,15,5,CC(=O)NC1:S:C(NCS2(O)NC(=C(C#N)C#N)CC2Cl):C(C):S:C:1N(C)C,534.6295752320376,12.704701113607902
2594,13,25,1,19,15,2438,13,22,3,16,CC1:C:S:C(CN(CC(=O)O)CC(=O)O):C:C:1(CC=CC=CC1:C:C(=N):C(N(C)C):S:C:1C(=O)[O][Na])S(=O)(=O)O,534.4972411704437,22.17956867656763
9513,48,11,5,20,2,1805,10,8,6,15,N#CC(C#N)=C1:C:C(C(=O)C=CC2([O][Na])C(Cl)SC[SH]2N):C:C(N=O):N:1[N+](=O)O,534.4549827413598,24.564698769203122
3672,19,18,2,11,15,2940,15,21,20,7,CCOC(=O)C1:O:C(C=CC=CCC2:C:C:C(OC):C([O][Na]):S:2Br):C(N):O:C:1[SH](=O)=O,534.4222371273731,33.67606551129638
3466,18,18,6,17,5,8915,45,6,14,21,CCOC(=O)N1:C:C([N+](=O)O):S:C(C(F)(F)F):C:1N=S1:C:C(Br):C(C(=O)O):C([N+](=O)O):S:1,534.405750605852,14.604870425131912
4449,23,11,2,24,19,5822,30,20,15,18,CCOC(=O)C1C(=C(C#N)C#N)NC([O][Na])N1C(=N)C1CC(N)C([SH](=O)=O)C1C(C)C,534.3969344725101,36.14906564734758
3370,17,16,18,22,3,8604,44,21,17,4,CCOC(=O)C1:C(S(=O)(=O)O):O:C:C(C=CC(=O)CC(=O)C=CN2:C:C(CC):C(C(F)(F)F):C(Br):S:2):N:1CN(CC(=O)O)CC(=O)O,534.3624374522748,24.013775932318005
4086,21,9,18,22,3,2670,14,15,7,7,CCOC(=O)C1:C:S(N(CC)CC):C(C=CC(=O)CC(=O)C=CC2:C:C(OC):C:S(OC):C:2=C(C#N)C#N):C(S(=O)(=O)O):S:1,534.2894909343045,37.5176818603738
1041,6,15,22,5,16,1899,10,19,6,10,N#CC(C#N)=C1:B:C(C=CC=CC=CC2:C:C:N(S(=O)(=O)[O][Na]):C([N+](=O)O):C:2C(=O)[O][Na]):C:C(Cl):C:1S(=O)(=O)O,534.2025334416728,13.208066730255547
8653,44,16,13,4,19,6863,35,3,22,24,CCC1:C:C(NC(C)=O):S:N(CN(CC(=O)O)CC(=O)O):C:1C(=N)C1(C)CC(C(C)C)N(S(=O)(=O)O)C1,534.168000884841,8.256209953700727
5819,30,14,10,19,7,2880,15,14,23,6,CCNC1:S:C(N=CC2(C(=O)[O][Na])CNC(S(=O)(=O)[O][Na])N2C(=O)O)(C(=O)O):C:C:C:1[N+](=O)O,534.1355679850229,37.06052608514322
9015,46,9,24,10,15,5126,26,2,9,10,CCN(CC)C1:N:C(C(C)C):C(S(=O)(=O)[O][Na]):C(C=CC=CCS2([SH](=O)=O)CCC(N(CC)CC)C2S(=O)(=O)[O][Na]):O:1,534.0816511829477,27.127976332130537
7432,38,10,26,11,16,5702,29,12,20,5,NC1C(=O)[SH](S(=O)(=O)[O][Na])CC1C=CC=CC=CS1(O)NCC([O][Na])C1Cl,534.0582266462385,10.599107572961758
7505,38,8,19,13,3,4477,23,24,20,17,CC(=O)NC1C[SH](C(=O)[O][Na])C(N=O)C1C=CC(=O)CC(=O)C=CC1C(C(C)C)C([O][Na])CC1C(F)(F)F,534.0222116748929,9.836022892328446
5997,30,20,15,9,20,8839,45,12,26,22,CCN(CC)C1(C=C(C)C=CS2(O):C:C(S(=O)(=O)O):C(=O):C:S:2)CNC(=C(C#N)C#N)N1[O][Na],534.0073687476857,22.23429980736226
9416,48,15,6,3,16,2432,13,15,4,7,CCC1:C(=C(C#N)C#N):C(C=CC=CC=CC2(C)SC(=C(C#N)C#N)SC2[N+](=O)O):C:C:S:1OC,533.9735998775266,16.53604427009791
8979,45,19,12,20,6,4420,23,9,15,7,CCN(CC)C1C(=CC2:C:C([O][Na]):C(O):S:S:2C(=O)[O][Na])CC(OC)C1=C(C#N)C#N,533.9311160069716,16.051914079901024
5805,30,22,5,16,17,8487,43,23,24,14,CCNN1:C(C(C)C):C:C(C(=O)O):C:N:1C=CC=CC=CC=CC1(CN(CC(=O)O)CC(=O)O)CN(Cl)C(S(=O)(=O)O)N1,533.8570008129756,15.165430998349091
7555,38,10,2,19,3,7341,37,9,25,10,CCN(CC)C1OC(=N)C(S(=O)(=O)[O][Na])C1C=CC(=O)CC(=O)C=CC1C[SH](S(=O)(=O)[O][Na])C([SH](=O)=O)C1C(=O)[O][Na],533.7897886947856,12.924402540816274
5646,29,17,20,4,3,5956,30,5,9,3,CCN(CC)N1C(C)CN(C=CC(=O)CC(=O)C=CC2(CC)CC([O][Na])N[SH]2C(F)(F)F)C1Cl,533.7761381140858,7.055737524057194
5187,26,13,5,6,3,6916,35,23,14,13,CCNN1CC(C=CC(=O)CC(=O)C=CC2([N+](=O)O)SCC(NC(C)=O)C2Cl)C(NC(C)=O)C1C(=O)O,533.757282571458,24.90972750145317
5889,30,23,20,22,17,2071,11,20,13,3,CCNN1CNC([O][Na])C1(C=CC=CC=CC=CC1([O][Na]):C:C(C):C:N(NC(C)=O):C:1)S(=O)(=O)O,533.7455182845164,15.846606720597437
3191,16,9,14,2,16,4171,21,2,6,11,CCN(CC)N1:C(C=CC=CC=CS2:C:C(N):S([N+](=O)O):C([SH](=O)=O):C:2):C:N([SH](=O)=O):C:C:1C(=O)O,533.7092556017171,25.151525330474165
8964,45,18,25,23,16,6665,34,6,10,2,CCNC1:C:C:S(=N):S(C(=O)OCC):C:1C=CC=CC=CC1([N+](=O)O)C([SH](=O)=O)CCN1S(=O)(=O)[O][Na],533.6840495612203,25.34632126663428
6556,33,23,20,4,1,2891,15,9,4,9,CCNC1C([O][Na])SC(CC)C1N=NC1(N(CC)CC):C:C(N(CC)CC):C:C(CC):S:1,533.5087274453042,8.615398610914305
239,2,17,26,12,3,7586,38,14,19,18,CCOC(=O)C1C(C(=O)[O][Na])CSC1(C=CC(=O)CC(=O)C=CC1:C(O):C:C(=O):C:C:1C(F)(F)F)C(=O)O,533.4941380682047,19.359900220676607
7561,38,19,1,26,16,8950,45,21,15,20,CN(C)[SH]1CC(=O)C(C=CC=CC=CS2(Br):C:C([O][Na]):C:C(=C(C#N)C#N):S:2)C1C(=O)[O][Na],533.2851865720063,17.24578430558768
5099,26,15,8,5,13,8897,45,11,18,9,CCOC(=O)C1:C(N(CC)CC):C:C:S(C=CC=CC2C(Cl)C(N=O)CS2=C(C#N)C#N):S:1N,533.1934694368335,27.07314104296103
6987,35,4,16,12,3,8521,43,11,9,19,CCC1CC(O)(C=CC(=O)CC(=O)C=CN2:C:C:C(C(=O)[O][Na]):C(N(CC)CC):N:2N)CN1CN(CC(=O)O)CC(=O)O,533.1660705788624,35.807181115386705
396,2,5,1,26,3,1879,10,14,13,19,CC(=O)NN1:C:C(C(=O)O):C(C=CC(=O)CC(=O)C=CC2:C(Cl):C:C:C(N(C)C):C:2=O):C:C:1C(=O)[O][Na],533.1603741936262,15.43405400391255
1879,10,14,13,19,3,8617,44,4,17,12,CCS1:C(C(F)(F)F):C(O):C:C:N:1C=CC(=O)CC(=O)C=CC1:C:C(C(=O)O):C:N(NC(C)=O):C:1C(=O)[O][Na],533.0673840521803,27.982435274883358
2072,11,8,6,13,20,5082,26,9,14,7,CCN(CC)S1(C=CC(C)=CC2:C:C(N=O):N:C([N+](=O)O):C:2NC(C)=O)CC(OC)C(C(=O)O)C1,532.9795822685048,12.84302663271199
277,2,14,11,4,2,4531,23,5,10,20,CCC1:C:C(N):C:C(C(=O)O):C:1C=CC(=O)C1(Cl)CC([O][Na])CC1S(=O)(=O)[O][Na],532.9704743438006,17.914210763113598
7347,37,23,11,13,15,2024,11,19,25,23,CCNC1:C:C(CC=CC=CC2(NC(C)=O)CC(NCC)OC2N):C:N(C(=O)[O][Na]):C:1=N,532.964020243131,9.161411121505576
5898,30,1,18,24,20,8911,45,20,14,15,CCOC(=O)N1C(C(C)C)C(C=C(C)C=CS2([O][Na]):C:C(=C(C#N)C#N):C:C:S:2C(=O)O)NC1N(C)C,532.9106115420107,26.450040089811736
248,2,15,25,14,15,7396,37,13,16,26,CC(=O)NC1OC(CN(CC(=O)O)CC(=O)O)C(=O)C1CC=CC=CC1:C:C:C(C(=O)O):C(=N):C:1=C(C#N)C#N,532.9033978608061,31.036816786208757
1191,6,3,9,20,16,7504,38,13,13,5,CCN(CC)C1:C:B(C):C(C=CC=CC=CC2(NC(C)=O)C(Cl)CC[SH]2NC(C)=O):C:C:1[O][Na],532.8710201307131,14.117670104472491
3492,18,16,3,1,13,5160,26,15,13,26,CC(=O)NC1C(=O)CC[SH]1(C=CC=CC1:N:C(CN(CC(=O)O)CC(=O)O):C(C):S:C:1N(C)C)=C(C#N)C#N,532.5147857124333,15.798142849513045
3530,18,8,17,19,15,2477,13,6,9,19,CCN(CC)S1:C:C:C(CC=CC=CC2:C(C(=O)[O][Na]):S(C(F)(F)F):C:C:N:2N=O)([N+](=O)O):C:C:1C(=O)[O][Na],532.4751540151141,21.175887101560477
5384,27,24,24,6,16,6713,34,2,9,20,CCN(CC)C1CN([SH](=O)=O)C(C=CC=CC=CC2([N+](=O)O)CC(C(C)C)N(C(C)C)N2)C1[O][Na],532.3801834027655,24.887365133310997
2446,13,14,20,19,15,4419,23,25,25,25,N=C1CC(CC=CC=CC2:C:C(C(=O)O):C:S([O][Na]):C:2C(=O)[O][Na])C(=N)C1=N,532.3615338398209,36.79703567216549
849,5,16,10,17,17,225,2,22,10,6,O=C(O)CN(CC(=O)O)CS1:C:C(S(=O)(=O)[O][Na]):C:C(C(F)(F)F):C:1C=CC=CC=CC=CC1(S(=O)(=O)O):C:C:C([N+](=O)O):C:C:1S(=O)(=O)[O][Na],532.3349521301324,22.4691610185859
5517,28,23,20,19,18,6827,35,24,21,23,CCNC1CN(Br)C(C(C)C)C1CNC1(C(=O)[O][Na])CC([O][Na])N(NCC)O1,532.2849652500333,27.77372116178112
9015,46,9,24,10,16,5237,27,20,24,9,CCN(CC)C1:N:C(C(C)C):C(S(=O)(=O)[O][Na]):C(C=CC=CC=CN2C(N(CC)CC)CC(C(C)C)N2[O][Na]):O:1,532.2832620281935,14.458066931877843
5726,29,14,13,3,3,6713,34,2,9,20,CCN(CC)C1CN([SH](=O)=O)C(C=CC(=O)CC(=O)C=CC2(C)CC(NC(C)=O)N(C(=O)O)S2)C1[O][Na],532.235181351849,16.516143765757974
3931,20,20,4,8,17,7543,38,23,9,10,CCNC1SC(C=CC=CC=CC=CC2:C:S(N=O):C(CC):C([O][Na]):O:2)C(S(=O)(=O)[O][Na])C1N(CC)CC,532.2032354340956,11.371276157082198
5537,28,17,16,11,13,2464,13,19,24,15,CC(C)S1:C:C:C(C=CC=CC2(N)CC(CN(CC(=O)O)CC(=O)O)N(C(F)(F)F)O2)(C(=O)[O][Na]):C:C:1=C(C#N)C#N,532.0547992964457,33.43689678188641
3421,18,10,22,11,20,2460,13,1,16,26,CC(C=CC1:C:C(N(C)C):S(CN(CC(=O)O)CC(=O)O):C(=O):C:1)=CC1:C(N):S:C(S(=O)(=O)O):C:N:1S(=O)(=O)[O][Na],532.0332419896537,22.162790422397908
8535,43,9,25,21,17,3277,17,5,12,20,CCN(CC)N1:N:C(=N):C:C(Br):C:1C=CC=CC=CC=CN1:C:C([O][Na]):O:C(O):C:1Cl,531.979809482608,20.532886120549247
57,1,8,25,2,12,8586,43,1,13,10,CC(=O)NC1:C:N(N(C)C):N(C#CC#CC2=C([SH](=O)=O)C(=N)C(N=O)=C2):C:C:1S(=O)(=O)[O][Na],531.8906042120718,10.301162098885236
2516,13,22,16,10,3,1941,10,4,5,13,CCC1(C=CC(=O)CC(=O)C=CC2:C:S:C(S(=O)(=O)[O][Na]):C(CN(CC(=O)O)CC(=O)O):C:2S(=O)(=O)O):C:C:N(NC(C)=O):C:C:1Cl,531.868443325246,23.110693163367866
5944,30,19,22,10,15,5145,26,3,15,17,CC1C[SH](CC=CC=CC2CN(S(=O)(=O)[O][Na])C(S(=O)(=O)O)N2C(=O)[O][Na])C(C(F)(F)F)C1=C(C#N)C#N,531.8663964426622,18.91938615920746
4168,21,16,1,24,3,2719,14,23,8,9,CCNC1(C=CC(=O)CC(=O)C=CC2:S:C:C(CN(CC(=O)O)CC(=O)O):S(N(C)C):C:2C(C)C):C:C(N(CC)CC):C:S:C:1N=O,531.843262627705,26.57070820193335
8435,43,4,7,20,16,5751,29,1,10,21,CCN1:N:C(C=CC=CC=C[SH]2NC(N(C)C)C(S(=O)(=O)[O][Na])C2Br):C([O][Na]):C:C:1OC,531.8257809803026,9.191447586732728
5078,26,15,13,9,11,60,1,21,2,15,CCN(CC)C1(C#CC2=CC(=C(C#N)C#N)C([SH](=O)=O)=C2Br)SC(=C(C#N)C#N)CC1NC(C)=O,531.7699410919467,12.571263733623518
9569,48,20,26,1,7,3092,16,16,11,17,CN(C)C1(C=NN2:C:C(C(F)(F)F):N(N):C:C:2CN(CC(=O)O)CC(=O)O)C(=O)SC[SH]1[O][Na],531.7185093029798,37.181529103195004
8258,42,16,26,20,11,6424,33,21,16,11,NC1CSC(CN(CC(=O)O)CC(=O)O)C1(Br)C#CC1:O:S(CN(CC(=O)O)CC(=O)O):C:C(=O):C:1[O][Na],531.6767128451789,33.09670204619784
221,2,9,10,4,13,3138,16,19,8,2,CCC1:C(C=CC=CN2:C:C([SH](=O)=O):N:C(N=O):C:2C(=O)[O][Na]):C:C(N(CC)CC):C:C:1S(=O)(=O)[O][Na],531.6704720814222,25.212719777880185
2406,13,19,22,14,2,4468,23,6,25,16,N=C1CCC(CN(CC(=O)O)CC(=O)O)C1(C(=O)C=CC1:C(C(=O)[O][Na]):C:C:S(S(=O)(=O)O):C:1C(=O)O)[N+](=O)O,531.6048424378539,42.571405607977475
4497,23,9,7,1,13,7411,38,14,7,10,CCN(CC)C1CC(OC)CC1(C=CC=CC1(C(=O)O)CC(S(=O)(=O)[O][Na])C[SH]1OC)N(C)C,531.435806997675,20.14593362940424
3579,18,4,9,12,16,9464,48,12,5,1,CCC1:C:S(N(CC)CC):C(O):C(C=CC=CC=C[SH]2CC(N(C)C)[SH](Cl)C2O):N:1,531.4117578499478,34.26916752983396
6615,34,14,10,9,20,9427,48,14,2,25,CCN(CC)C1CC(C=C(C)C=CS2(C(=O)O)CCS(=N)C2[SH](=O)=O)C(C(=O)O)N1S(=O)(=O)[O][Na],531.3675723351272,34.907385135808646
6451,33,22,19,8,15,2490,13,18,12,21,CCOC(=O)C1(CC=CC=CC2(N=O)CC[SH](S(=O)(=O)O)C2C(=O)[O][Na]):C:C:S:C(Br):C:1O,531.335482767095,12.783673310805256
909,5,7,6,20,7,3203,17,3,10,14,COS1:C(C=NN2:C:C(C(=O)O):O:C(S(=O)(=O)[O][Na]):C:2C):C:C:C([O][Na]):C:1[N+](=O)O,531.3330852279475,26.694550704550966
5805,30,22,5,16,18,8503,43,9,9,2,CCN(CC)C1:C:C([SH](=O)=O):C:N(CNC2(CN(CC(=O)O)CC(=O)O)CN(Cl)C(S(=O)(=O)O)N2):N:1N(CC)CC,531.3182431373574,12.582655306899568
8931,45,15,6,19,3,2716,14,26,14,9,CCN(CC)C1:C:C(C=CC(=O)CC(=O)C=CC2:C:C(C(=O)[O][Na]):C:S([N+](=O)O):S:2=C(C#N)C#N):C(=O):S:C:1C(=O)O,531.3132411096337,34.731994721521716
1050,6,5,16,26,15,6651,34,15,21,7,COC1C(CC=CC=CC2:B:C(Cl):C(CN(CC(=O)O)CC(=O)O):C(=O):C:2)NC(=C(C#N)C#N)C1Br,531.2984342215557,23.40416855258093
8200,41,10,11,16,7,6684,34,5,26,17,NC1:C:N(S(=O)(=O)[O][Na]):O:C(C=NC2(Cl)NC(=O)CC2C(F)(F)F):C:1CN(CC(=O)O)CC(=O)O,531.256331946952,38.68887748984994
4760,24,14,8,2,3,5258,27,1,18,20,CCOC(=O)C1C(N(C)C)NN(C=CC(=O)CC(=O)C=CC2C([SH](=O)=O)C(N=O)CN2C(=O)O)C1[O][Na],531.2485936376577,31.906204992992283
2228,12,19,13,26,8,9490,48,9,9,19,CCN(CC)C1SCC(C(=O)[O][Na])[SH]1(=CC=C1:C(C(=O)[O][Na]):N:C:C(NC(C)=O):C:1=O)N(CC)CC,531.215556485218,11.330783063814794
9417,48,24,21,1,20,9566,48,7,24,19,COS1(C=CC(C)=CC2C(N(C)C)SC(Br)[SH]2C(C)C)CSC(C(C)C)C1C(=O)[O][Na],531.2028367310667,25.31991139313686
5100,26,15,5,23,1,5778,29,16,25,17,CCNC1(N=N[SH]2C(C(F)(F)F)CC(=N)N2CN(CC(=O)O)CC(=O)O)CC(Cl)C(=C(C#N)C#N)S1,531.1430805857965,30.863294049896016
5846,30,20,11,2,3,2248,12,16,22,19,NC1NC([SH](=O)=O)C(C=CC(=O)CC(=O)C=CC2:C:C(C(=O)[O][Na]):C:C(S(=O)(=O)O):N:2CN(CC(=O)O)CC(=O)O)N1[O][Na],531.1032347189245,31.77294766625342
6420,33,16,17,24,9,805,5,4,19,6,CCC1:C:C(C(=O)[O][Na]):C([N+](=O)O):C:S:1C1(C(C)C)CC[SH](CN(CC(=O)O)CC(=O)O)C1C(F)(F)F,530.9918161714645,33.06509520601997
1125,6,17,4,26,3,2167,11,14,1,10,CCC1:C:C(=O):C(C=CC(=O)CC(=O)C=CC2(C(=O)O):C:C(S(=O)(=O)[O][Na]):C:N:C:2N(C)C):B:C:1C(F)(F)F,530.9373397294432,33.096557493131826
2640,14,23,7,17,17,2733,14,13,21,8,CCNC1:C:C(C=CC=CC=CC=CC2:C:C(N=O):C(Br):S(NC(C)=O):C:2):C(C(F)(F)F):C(OC):S:1,530.9115713952176,16.75684062627862
1575,8,7,26,2,17,5080,26,4,20,19,CCC1C[SH](C=CC=CC=CC=CC2:C([SH](=O)=O):C:O:C(=O):C:2OC)C(C(=O)[O][Na])C1[O][Na],530.8837726312731,12.007975168256094
4020,21,19,2,10,3,4532,23,21,17,24,CC(C)C1CC(C(F)(F)F)C(Br)C1C=CC(=O)CC(=O)C=CC1:C(S(=O)(=O)[O][Na]):S([SH](=O)=O):C:C:S:1C(=O)[O][Na],530.8169288920147,11.766600110469525
2162,11,5,20,13,17,5202,27,18,19,14,CCOC(=O)N1CC(C(=O)[O][Na])C(C(=O)O)N1C=CC=CC=CC=CC1:C:C(Cl):N([O][Na]):C(NC(C)=O):C:1,530.8023598259053,15.822044842700707
4492,23,12,16,20,3,1509,8,21,10,19,O=C(O)CN(CC(=O)O)CC1C([O][Na])CC(C=CC(=O)CC(=O)C=CC2:C:C(C(=O)[O][Na]):C(S(=O)(=O)[O][Na]):O:C:2Br)C1O,530.771473662254,29.56507346081185
9360,47,23,6,14,3,4005,21,4,15,21,CCNC1:O:C(C=CC(=O)CC(=O)C=CS2(CC):C:C:S(=C(C#N)C#N):C(Br):C:2):C(C(=O)O):C([N+](=O)O):S:1,530.7008570459477,21.472498857230526
4734,24,5,16,22,17,3068,16,17,23,18,CCNC1:C(C(F)(F)F):N(C=CC=CC=CC=CC2(S(=O)(=O)O)NC(Cl)CC2CN(CC(=O)O)CC(=O)O):C:C:N:1C(=O)OCC,530.467224873713,10.53647980109885
9438,48,3,10,3,20,6323,32,9,16,11,CCN(CC)C1N(CN(CC(=O)O)CC(=O)O)CC(N)[SH]1C=CC(C)=CC1C(C)SC(S(=O)(=O)[O][Na])[SH]1C,530.4074743031637,16.078696877358517
540,3,20,25,13,20,6314,32,24,23,6,CCNC1N([N+](=O)O)CCS1(C=CC(C)=CC1:C:C(NC(C)=O):C(=N):C:N:1[O][Na])C(C)C,530.3998256266007,15.758808412102159
2325,12,19,23,11,3,4144,21,19,3,12,CCNN1:C(N):C:C:C(C=CC(=O)CC(=O)C=CS2:C:C(O):S:C(C):C:2C(=O)[O][Na]):C:1C(=O)[O][Na],530.3847577273602,29.765672542242644
248,2,15,25,14,2,459,3,17,26,20,N#CC(C#N)=C1:C(C=CC(=O)N2:C:C([O][Na]):C(=O):C:C:2C(F)(F)F):C:C:C(C(=O)O):C:1=N,530.307785372965,14.999710779902381
6427,33,16,4,22,15,993,5,19,9,3,CCN(CC)C1:C(C):C:C:C:S:1(CC=CC=CC1CC(CN(CC(=O)O)CC(=O)O)[SH](CC)C1S(=O)(=O)O)C(=O)[O][Na],530.2901652168812,19.83319793397256
6713,34,2,9,20,15,2979,15,2,19,5,CCN(CC)C1CN([SH](=O)=O)CC1(C=CC=CCC1([SH](=O)=O):C:C:C(Cl):C:S:1C(=O)[O][Na])[O][Na],530.2741645410854,13.894411471707354
6900,35,17,6,20,5,924,5,10,22,23,CCNC1:C:C(S(=O)(=O)O):C:S(=NC2([O][Na])CNC([N+](=O)O)C2C(F)(F)F)(S(=O)(=O)[O][Na]):C:1,530.2215959965279,24.300562019560086
1389,7,1,6,5,13,2464,13,19,24,15,CC(C)S1:C:C:C(C=CC=CC2:C:O:C(Cl):C([N+](=O)O):C:2N(C)C)(C(=O)[O][Na]):C:C:1=C(C#N)C#N,530.195522144513,19.037557723762568
9416,48,15,6,3,3,1245,7,14,9,26,CCN(CC)C1:C(=O):O:C:C:C:1(C=CC(=O)CC(=O)C=CC1(C)SC(=C(C#N)C#N)SC1[N+](=O)O)C(=O)O,530.1479522266802,15.904195888779158
5399,27,17,6,5,3,2939,15,21,16,26,O=C(O)CN(CC(=O)O)CS1:C(=O):C:C:C:C:1(Br)C=CC(=O)CC(=O)C=CC1(Cl)NNC(C(F)(F)F)C1[N+](=O)O,530.104730713787,27.914376233640226
3496,18,18,20,14,20,5629,29,2,4,3,CCOC(=O)N1:C:C([O][Na]):S:C(C(=O)O):C:1C=C(C)C=CS1([SH](=O)=O)NCC(CC)C1C,530.002847173266,13.920456873372412
3200,16,13,16,21,11,6694,34,23,8,19,CCNN1C(N=O)CC(C(=O)[O][Na])C1C#CC1:C:N(Br):C(CN(CC(=O)O)CC(=O)O):C:N:1NC(C)=O,529.9794002764158,35.89353165793731
5246,27,10,20,25,13,4027,21,16,21,10,N=C1C(C=CC=CS2(CN(CC(=O)O)CC(=O)O):C:C(S(=O)(=O)[O][Na]):S:C:C:2Br)NN(S(=O)(=O)[O][Na])C1[O][Na],529.9552937790028,23.74259810237458
9286,47,5,25,1,16,6430,33,18,23,25,CCNC1SCC(=N)C1(C=CC=CC=CC1:O:C:S(Cl):C(=N):C:1N(C)C)C(=O)OCC,529.9156563578587,28.238871884352672
2570,13,5,21,9,3,5758,29,12,13,5,CCN(CC)C1:S:C:C(C=CC(=O)CC(=O)C=CS2(O)NC(NC(C)=O)CC2Cl):C(Cl):C:1Br,529.7737709300902,9.813038270569148
7464,38,10,18,10,12,1073,6,9,26,6,CCOC(=O)C1CC(C#CC#CB2:C:C([N+](=O)O):C(=O):C:C:2N(CC)CC)(S(=O)(=O)[O][Na])C[SH]1S(=O)(=O)[O][Na],529.7289463667263,24.173705635353283
4644,24,1,25,5,17,4012,21,22,24,4,CCC1:C:S(C=CC=CC=CC=CC2NC(N(C)C)C(=N)C2Cl)(S(=O)(=O)O):C:C(C(C)C):S:1,529.7032410530793,30.656941671454312
6362,32,19,20,6,1,8615,44,24,2,16,CC(C)C1:S:N(N=NC2CN([N+](=O)O)C([O][Na])[SH]2C(=O)[O][Na]):C:C(CN(CC(=O)O)CC(=O)O):C:1[SH](=O)=O,529.6871366174189,37.06313346306092
9216,47,6,18,23,3,2917,15,13,18,2,CCNC1:C:S(C(=O)OCC):C([N+](=O)O):O:C:1C=CC(=O)CC(=O)C=CC1:C:C([SH](=O)=O):C(C(=O)OCC):C(NC(C)=O):S:1,529.6668767002699,23.833969584116492
2675,14,8,17,11,15,1076,6,10,18,5,CCOC(=O)C1:C:C(S(=O)(=O)[O][Na]):B(CC=CC=CC2:C:C(N):S(C(F)(F)F):C:C:2N=O):C:C:1Cl,529.6608165311192,19.39614358070425
3996,20,1,17,24,3,1331,7,10,13,8,CC(=O)NC1:C:C(C=CC(=O)CC(=O)C=CC2:O:C(N(C)C):C:S(C(F)(F)F):C:2C(C)C)(S(=O)(=O)[O][Na]):C:C(N=O):O:1,529.6405960402393,36.82588048429268
6794,34,2,23,21,16,6657,34,12,9,15,CCNN1C(Br)CC(C=CC=CC=CC2NC(O)C(N(CC)CC)C2=C(C#N)C#N)C1[SH](=O)=O,529.6383334728725,10.998818123647608
8274,42,4,26,12,3,4033,21,24,3,21,CCC1:S:O:C(C=CC(=O)CC(=O)C=CS2(C(C)C):C:C:S(Br):C:C:2C):C(O):C:1=O,529.4901584146339,27.939826990841624
8329,42,8,17,20,10,2379,12,13,22,6,CC(=O)NN1:C(S(=O)(=O)O):C([N+](=O)O):C:C:C:1=C1:C:C([O][Na]):C(C(F)(F)F):S(N=O):O:1,529.4482635871494,27.582596324428845
2267,12,2,24,10,20,2650,14,16,6,14,CC(C=CC1(CN(CC(=O)O)CC(=O)O):C:C(C(=O)O):C:S:C:1[N+](=O)O)=CC1:C([SH](=O)=O):N:C:C(C(C)C):C:1S(=O)(=O)[O][Na],529.341896023042,40.733763353286854
2743,14,19,23,16,15,4011,21,1,11,3,CCNC1:S:C(CN(CC(=O)O)CC(=O)O):C:C(C=CC=CCS2(N(C)C):C:C(C):S:C(N):C:2):C:1C(=O)[O][Na],529.3376557741327,20.190917393840962
5156,26,20,3,18,20,7546,38,1,23,10,CCNC1C(S(=O)(=O)[O][Na])CC(C=CC(C)=CC2(C(=O)OCC)CC(C)C[SH]2[O][Na])[SH]1N(C)C,529.3139977427838,20.10385193410308
5052,26,10,9,2,20,1889,10,24,19,11,CCN(CC)C1CC(C=C(C)C=CC2:C:C(N):N(C(=O)[O][Na]):C:C:2C(C)C)([SH](=O)=O)SC1S(=O)(=O)[O][Na],529.210811747758,23.36032484206309
411,3,19,4,4,13,2282,12,6,14,19,CCC1:C:C:N(C(=O)[O][Na]):C(C=CC=CC2:C:C(C(=O)[O][Na]):C(C(=O)O):C([N+](=O)O):N:2):C:1CC,529.1270846749127,23.065047131704237
3,1,15,5,2,16,2775,14,1,11,12,CN(C)C1(C=CC=CC=CC2=CC(=C(C#N)C#N)C(Cl)=C2[SH](=O)=O):C:C(O):C:S:C:1N,529.1113760755647,25.88047347612652
3564,18,8,23,18,18,2858,15,15,22,10,CCNS1:C:C(N=O):N:C(NCC2:C:C(S(=O)(=O)[O][Na]):C(S(=O)(=O)O):C(=C(C#N)C#N):S:2):C:1C(=O)OCC,529.0755722834099,16.28426891041289
1046,6,23,8,17,3,6721,34,18,10,26,CCNB1:C(N=O):C:C:C(C(F)(F)F):C:1C=CC(=O)CC(=O)C=CC1(C(=O)OCC)C(=O)CCN1S(=O)(=O)[O][Na],529.0727688753468,30.596760618737207
8911,45,20,14,15,17,5627,29,7,6,6,COS1(C=CC=CC=CC=CC2:C(=C(C#N)C#N):C:C:S(C(=O)O):S:2[O][Na])NC([N+](=O)O)CC1[N+](=O)O,529.0502567864664,17.267123574126767
4984,25,7,3,2,15,5131,26,20,26,15,COC1COC(C=CC=CC[SH]2CC(=C(C#N)C#N)C(=O)C2[O][Na])([SH](=O)=O)C1C,529.0040198899502,20.928705834127033
3810,20,19,24,20,17,5121,26,5,8,4,CCC1CCC(N=O)S1(Cl)C=CC=CC=CC=CC1:O:C(C(=O)[O][Na]):C:S(C(C)C):C:1[O][Na],528.9868624620273,10.045564873093358
2910,15,21,23,11,20,1741,9,5,17,13,CCNC1:C(N):C:C(C=C(C)C=CC2(Cl):C:C(NC(C)=O):C:C(C(F)(F)F):O:2):C:S:1Br,528.9129059088838,26.571557445006437
6383,32,5,13,19,2,4420,23,9,15,7,CCN(CC)C1C(=C(C#N)C#N)C(OC)CC1C(=O)C=CC1SC(Cl)N(NC(C)=O)C1C(=O)[O][Na],528.8958850041944,18.88639996160936
4757,24,19,19,1,15,1916,10,9,23,16,CCNC1:C(N(CC)CC):C(CC=CC=CC2(N(C)C)NC(C(=O)[O][Na])CC2C(=O)[O][Na]):C:C:N:1CN(CC(=O)O)CC(=O)O,528.8915742456782,20.127736094279825
2684,14,21,12,16,13,5746,29,3,20,12,CN1C([O][Na])C(O)C[SH]1C=CC=CC1:C:C(CN(CC(=O)O)CC(=O)O):S:C(O):C:1Br,528.8698804376725,15.538672384278991
9626,49,16,26,2,3,491,3,5,15,8,N#CC(C#N)=C1:C:C(N=O):C:N(C=CC(=O)CC(=O)C=CC2([SH](=O)=O)C(=O)NON2CN(CC(=O)O)CC(=O)O):C:1Cl,528.7780278255998,32.55652203492359
5889,30,23,20,22,16,2056,11,20,20,6,CCNN1CNC([O][Na])C1(C=CC=CC=CC1:C:C:C([N+](=O)O):N([O][Na]):C:1[O][Na])S(=O)(=O)O,528.7595173032634,16.881618592298
7412,38,13,18,23,16,2430,13,20,1,13,CCNC1(C=CC=CC=CC2([O][Na]):C:C:S(N(C)C):C(NC(C)=O):C:2)CC(C(=O)OCC)[SH](NC(C)=O)C1,528.745135777247,10.932587780843695
8601,44,21,1,23,8,9546,48,10,12,21,CCNC1:C:C:C(=CC=[SH]2(S(=O)(=O)[O][Na])CC(Br)[SH](O)C2):N(Br):S:1N(C)C,528.7387504221733,13.608455163088726
8609,44,5,9,12,20,8827,45,7,19,25,CCN(CC)S1:C(O):C:C:C(C=C(C)C=CS2:C:C:C(=N):C(C(=O)[O][Na]):S:2OC):N:1Cl,528.7380289941946,8.278302589105806
5389,27,9,22,24,17,5750,29,4,7,16,CCN(CC)N1CC(S(=O)(=O)O)C(C=CC=CC=CC=CS2(CC)NC(OC)CC2CN(CC(=O)O)CC(=O)O)(C(C)C)N1,528.5772962086202,24.040533093110593
1965,10,12,1,2,3,2024,11,19,25,23,CCNC1:C:C(C=CC(=O)CC(=O)C=CC2:C:N([SH](=O)=O):C:C(N(C)C):C:2O):C:N(C(=O)[O][Na]):C:1=N,528.5613779638953,20.138648594174835
7999,40,3,8,10,3,2366,12,9,9,2,CCN(CC)C1:C:C([SH](=O)=O):C:C(C=CC(=O)CC(=O)C=CC2:O:O:C(C):C(N=O):C:2S(=O)(=O)[O][Na]):N:1N(CC)CC,528.5588243217264,35.72877806875086
2446,13,14,20,19,7,1375,7,6,6,6,O=C(O)C1:C:C(C=NC2([N+](=O)O):C:C([N+](=O)O):O:C:C:2[N+](=O)O):C(C(=O)[O][Na]):S([O][Na]):C:1,528.549578549424,20.225185991724075
9609,49,1,18,16,17,4413,23,11,13,19,CCOC(=O)N1CC(C=CC=CC=CC=CC2(N)CCC(NC(C)=O)C2C(=O)[O][Na])(CN(CC(=O)O)CC(=O)O)N(N(C)C)O1,528.5319155868925,27.769576327404685
8844,45,24,4,9,3,891,5,2,25,23,CCNC1:C:C(=N):C([SH](=O)=O):S(C=CC(=O)CC(=O)C=CC2:S:S(C(C)C):C(CC):C:C:2N(CC)CC):C:1,528.4434730551584,27.156711513658916
1247,7,8,11,25,13,928,5,19,7,15,COC1:C:C(C(=O)[O][Na]):S(C=CC=CC2:C(N=O):C(N):C:O:C:2=N):C:C:1=C(C#N)C#N,528.3721028034377,10.2939468349047
4137,21,21,11,11,3,2455,13,14,20,13,CC(=O)NC1:C:C(C=CC(=O)CC(=O)C=CC2:S:C:C(Br):S(N):C:2N)(C(=O)O):C:C:S:1[O][Na],528.2981568197099,23.033153083891047
2119,11,21,24,14,2,4473,23,8,10,10,CC(C)C1:N:C:C(C(=O)O):C(C=CC(=O)C2CC(N=O)C(S(=O)(=O)[O][Na])C2S(=O)(=O)[O][Na]):C:1Br,528.1743765312206,20.018910204470117
4488,23,10,14,21,13,6350,32,26,10,6,O=C(O)C1CC(Br)(C=CC=C[SH]2CC([N+](=O)O)N(S(=O)(=O)[O][Na])C2=O)CC1S(=O)(=O)[O][Na],528.1199032947619,24.746621275108904
2670,14,15,7,7,16,7409,38,2,6,19,COC1:C:S(OC):C(=C(C#N)C#N):C:C:1C=CC=CC=CC1([SH](=O)=O)SCC([N+](=O)O)C1C(=O)[O][Na],528.1016886565707,25.833965160205235
4080,21,8,8,23,18,900,5,4,12,10,CCNC1:S:C(N=O):C(N=O):S:C:1NCS1:C:C(CC):C(O):C(S(=O)(=O)[O][Na]):C:1,528.0690027570787,25.6110381074307
851,5,1,9,6,16,2534,13,9,23,14,CCNC1:C:S:C(C(=O)O):C:C:1(C=CC=CC=CC1:C([N+](=O)O):C(N(CC)CC):C:C:S:1N(C)C)N(CC)CC,528.044971060559,14.395355963362471
6765,34,13,19,14,13,5879,30,10,19,25,CC(=O)NC1N(C(=O)[O][Na])CCC1(C=CC=CN1CN(S(=O)(=O)[O][Na])C(C(=O)[O][Na])C1=N)C(=O)O,528.0421327147303,34.61767490559114
9562,48,4,7,13,3,1967,10,25,8,21,CC[SH]1C[SH](OC)C(NC(C)=O)C1C=CC(=O)CC(=O)C=CC1:C:C:N(Br):C(N=O):C:1=N,528.0364680073706,17.99343489075219
4702,24,2,17,4,20,9592,48,19,11,9,CCN(CC)C1C[SH](N)CS1(C=CC(C)=CC1(CC)CC(C(F)(F)F)CN1[SH](=O)=O)C(=O)[O][Na],527.9370450726657,18.15058341461491
8964,45,18,25,23,13,9487,48,18,21,20,CCNC1:C:C:S(=N):S(C(=O)OCC):C:1C=CC=CS1(C(=O)OCC)C([O][Na])CSC1Br,527.9247931845255,14.925402704017943
2309,12,4,16,4,3,489,3,17,18,21,CCOC(=O)C1:C(Br):C:C:N(C=CC(=O)CC(=O)C=CC2:C:N(CC):C:C(CN(CC(=O)O)CC(=O)O):C:2CC):C:1C(F)(F)F,527.8313230931595,19.848571316894645
5693,29,18,5,24,3,2580,13,20,6,26,CCOC(=O)N1CC(Cl)C(C=CC(=O)CC(=O)C=CC2:C:C(=O):S([N+](=O)O):C:C:2[O][Na])(C(C)C)S1,527.7823330152448,20.268076401177638
5039,26,3,17,21,3,5016,26,13,15,24,CC(=O)NC1C[SH](C=CC(=O)CC(=O)C=CC2C(Br)CC(C(F)(F)F)[SH]2C)C(C(C)C)C1=C(C#N)C#N,527.6262616307462,19.433486846356566
2557,13,12,14,21,11,6792,34,11,10,16,NC1(C#CC2:C:C(O):C:S(C(=O)O):C:2Br)CCC(CN(CC(=O)O)CC(=O)O)N1S(=O)(=O)[O][Na],527.5844667116963,27.022095448195742
8609,44,5,9,12,16,6343,32,22,18,20,CCOC(=O)C1NC([O][Na])CS1(C=CC=CC=CC1:C:C:C(O):S(N(CC)CC):N:1Cl)S(=O)(=O)O,527.5618890809201,18.48341529455338
1167,6,23,8,13,16,2766,14,23,10,26,CCNB1:C:C(N=O):C(NC(C)=O):C:C:1C=CC=CC=CC1:C:C(=O):C(S(=O)(=O)[O][Na]):S(NCC):C:1,527.4894145793435,29.90526629348398
403,3,14,13,6,16,989,5,3,8,14,CC(=O)NC1:C([N+](=O)O):C:C(C=CC=CC=CS2:C:C(C):C(N=O):C(C(=O)O):C:2):N:C:1C(=O)O,527.4878484035709,21.218997185132523
2506,13,17,18,6,18,8864,45,14,20,17,CCOC(=O)S1:C:C(C(F)(F)F):C:C(NCS2:C:C:C(C(F)(F)F):C([O][Na]):S:2C(=O)O):C:1[N+](=O)O,527.4322551781702,12.15208231074476
8959,45,16,19,23,3,2650,14,16,6,14,CCNC1:C(C(=O)[O][Na]):C:S(CN(CC(=O)O)CC(=O)O):S:C:1C=CC(=O)CC(=O)C=CC1(CN(CC(=O)O)CC(=O)O):C:C(C(=O)O):C:S:C:1[N+](=O)O,527.3972367779252,28.680886103299486
7954,40,13,12,14,20,4683,24,14,10,15,CC(=O)NC1:O:O:C(C=C(C)C=CN2CC(=C(C#N)C#N)C(S(=O)(=O)[O][Na])C2C(=O)O):C(C(=O)O):C:1O,527.3044810419312,48.45624315867233
5448,28,3,15,12,17,508,3,19,18,21,CCOC(=O)C1:C(Br):C:C:N(C=CC=CC=CC=CC2(O)ONC(C)C2=C(C#N)C#N):C:1C(=O)[O][Na],527.2779600497751,28.29802615728324
4883,25,14,6,4,16,7470,38,2,16,11,CCC1C(C=CC=CC=CC2([SH](=O)=O)SCC(CN(CC(=O)O)CC(=O)O)C2N)OC(C(=O)O)C1[N+](=O)O,527.2517275119657,31.01648078880502
6503,33,19,12,25,3,1390,7,9,24,4,CCC1:C:C(C=CC(=O)CC(=O)C=CC2CS(=N)C(O)C2C(=O)[O][Na]):C(N(CC)CC):C(C(C)C):O:1,527.2473697186929,21.821104865012952
6525,33,26,21,17,3,3171,16,9,21,11,CCN(CC)C1:C(Br):N(N):C:C:N:1C=CC(=O)CC(=O)C=CC1(C(F)(F)F)C[SH](Br)CC1=O,527.239244208062,20.533224156849325
1773,9,15,14,14,13,2836,15,25,22,9,CCN(CC)C1:C:C(C=CC=CC2:C:C(C(=O)O):C(C(=O)O):O:C:2=C(C#N)C#N):S:C(=N):C:1S(=O)(=O)O,527.1943773139734,15.43887283676986
4955,25,14,9,21,13,6432,33,11,9,19,CCN(CC)C1[SH](C(=O)[O][Na])CCC1(N)C=CC=CC1(Br)OC(C(=O)O)CC1N(CC)CC,527.1532583598753,19.832524676892746
2317,12,13,11,3,3,4432,23,17,6,19,CC(=O)NC1:N:C:C(C=CC(=O)CC(=O)C=CC2(C(F)(F)F)CC(C(=O)[O][Na])C([N+](=O)O)C2):C(C):C:1N,527.1392749422519,11.188099250665877
3998,20,23,17,22,2,2417,13,13,19,15,CCNC1:C:S(C(F)(F)F):C(S(=O)(=O)O):C(C=CC(=O)C2:C:C(=C(C#N)C#N):S(C(=O)[O][Na]):C:C:2NC(C)=O):O:1,527.0205790494524,33.031905906094806
2878,15,18,16,20,13,2853,15,3,23,10,CCNS1:C(S(=O)(=O)[O][Na]):C:C:C:C:1(C)C=CC=CC1:C:C([O][Na]):C(CN(CC(=O)O)CC(=O)O):S(C(=O)OCC):C:1,526.9411161369108,17.895549137559637
7320,37,24,4,20,3,2074,11,11,13,7,CCC1OCC(C(C)C)C1(C=CC(=O)CC(=O)C=CC1:C:C(OC):C(NC(C)=O):N:C:1N)[O][Na],526.9218519773547,12.435943615114644
2200,11,26,11,12,16,7532,38,4,10,4,CCC1C(C=CC=CC=CC2:C:C(O):N(N):C:C:2=O)[SH](CC)CC1S(=O)(=O)[O][Na],526.8691627335634,12.396698529998183
8557,43,2,18,20,9,8942,45,3,6,17,CCOC(=O)N1:C:C:C([O][Na]):C(S2(C):C:C:C(C(F)(F)F):C([N+](=O)O):S:2):N:1[SH](=O)=O,526.868532818419,20.19971289556616
9517,48,23,6,23,8,5788,29,8,21,20,CCNC1C(=CC=[SH]2(N=O)CCC([O][Na])N2Br)[SH](NCC)C[SH]1[N+](=O)O,526.8529401373198,27.77685345097624
2368,12,25,23,10,16,868,5,25,13,9,CCNC1:N:C(=N):C(C=CC=CC=CS2:C:C(N(CC)CC):C(NC(C)=O):C:C:2=N):C:C:1S(=O)(=O)[O][Na],526.8359669842627,25.350579576701392
1042,6,16,2,12,17,5389,27,9,22,24,CCN(CC)N1CC(S(=O)(=O)O)C(C(C)C)N1C=CC=CC=CC=CC1:B:C(CN(CC(=O)O)CC(=O)O):C:C([SH](=O)=O):C:1O,526.6315743282894,22.368220133908196
2082,11,5,24,25,10,2309,12,4,16,4,CCC1:C:C(=C2:C(Cl):C(C(C)C):N:C:C:2=N):N(CC):C:C:1CN(CC(=O)O)CC(=O)O,526.6040898015327,23.528674200769863
871,5,19,5,19,7,7489,38,14,11,5,NC1C(C(=O)O)SC(N=CC2:C:C:C(C(=O)[O][Na]):C(Cl):S:2C(=O)[O][Na])C1Cl,526.5437028978616,10.338159186683368
8590,43,20,1,8,4,4429,23,13,22,19,CC(=O)NC1CC(C=CC2:C(N=O):C:C:N(N(C)C):N:2[O][Na])C(C(=O)[O][Na])C1S(=O)(=O)O,526.4500990102208,22.861623063435967
3143,16,5,1,20,20,2038,11,10,22,19,CC(C=CC1(S(=O)(=O)[O][Na]):C:N:C(S(=O)(=O)O):C(C(=O)[O][Na]):C:1)=CC1:C([O][Na]):N:C(N(C)C):C:N:1Cl,526.3854533703139,23.084600108678057
4401,23,25,15,14,16,2375,12,16,1,18,CCOC(=O)C1:C:C(C=CC=CC=CC2CC(=N)C(=C(C#N)C#N)C2C(=O)O):N:C(CN(CC(=O)O)CC(=O)O):C:1N(C)C,526.2750722582913,20.645466977719437
2882,15,16,9,20,14,5892,30,18,20,7,CCOC(=O)C1N(OC2:C:C([O][Na]):C:S(N(CC)CC):C:2CN(CC(=O)O)CC(=O)O)CC(OC)N1[O][Na],526.2407871460455,35.906171681325304
209,2,21,25,16,16,1423,8,24,25,19,CC(C)C1:O:C(=N):C(C(=O)[O][Na]):C:C:1C=CC=CC=CC1:C:C:C(CN(CC(=O)O)CC(=O)O):C(=N):C:1Br,526.2287127931469,23.87291508788895
8332,42,18,1,19,4,8899,45,17,25,15,CCOC(=O)C1:S:O:C(C=CS2(C(F)(F)F):C:C(=C(C#N)C#N):C:C(=N):S:2):C(C(=O)[O][Na]):C:1N(C)C,526.1659451260768,18.691856660338434
2446,13,14,20,19,2,6257,32,7,15,24,COS1(C(=O)C=CC2:C:C(C(=O)O):C:S([O][Na]):C:2C(=O)[O][Na])C(=C(C#N)C#N)NCC1C(C)C,526.1422376175713,25.804459769264223
4086,21,9,18,22,3,2727,14,5,23,6,CCNS1:C:C(Cl)(C=CC(=O)CC(=O)C=CC2:C(S(=O)(=O)O):S:C(C(=O)OCC):C:S:2N(CC)CC):C:C:C:1[N+](=O)O,526.1315019501699,25.98336258158887
8738,44,1,15,7,15,2863,15,17,1,6,COC1:C:C:S(=C(C#N)C#N):N(N(C)C):C:1C=CC=CCC1(C(F)(F)F):C:C:C([N+](=O)O):C(N(C)C):S:1,526.0915764924673,14.565842681906231
552,3,12,3,20,13,5653,29,9,5,10,CCN(CC)S1(C=CC=CC2:C([O][Na]):C(C):C:C:N:2O)C(S(=O)(=O)[O][Na])CCN1Cl,526.0516146197143,8.688833164995076
3853,20,20,23,4,20,237,2,10,26,8,CCNC1:C([O][Na]):O:C(C=C(C)C=CC2(S(=O)(=O)[O][Na]):C:C:C(=O):C(N=O):C:2):C:S:1CC,525.9670849925745,17.135753067235765
8538,43,18,5,7,17,353,2,23,14,25,CCNC1(C=CC=CC=CC=CC2:C:C:C(OC):N(Cl):N:2C(=O)OCC):C:C:C(=N):C:C:1C(=O)O,525.9249881847351,27.196320733729085
2774,14,2,15,16,14,7545,38,2,20,15,N#CC(C#N)=C1C([O][Na])CSC1(OC1:C:C([SH](=O)=O):S(=C(C#N)C#N):C:C:1CN(CC(=O)O)CC(=O)O)[SH](=O)=O,525.7761693529003,28.204261102778837
1848,10,13,14,10,16,2178,11,19,18,26,CCOC(=O)N1:C:C(=O):C:C(C=CC=CC=CC2:C:C(NC(C)=O):C:N(C(=O)O):C:2S(=O)(=O)[O][Na]):C:1C(=O)[O][Na],525.7183611275943,19.621123994218475
9573,48,14,13,7,15,9424,48,15,20,18,CCOC(=O)C1CSC([O][Na])[SH]1(CC=CC=CC1(OC)CSC(NC(C)=O)[SH]1C(=O)O)=C(C#N)C#N,525.6555489545588,17.778408056801698
2437,13,17,10,26,13,860,5,3,16,2,CC1:C(CN(CC(=O)O)CC(=O)O):C:C([SH](=O)=O):C:S:1C=CC=CC1:C(C(F)(F)F):C:C(S(=O)(=O)[O][Na]):S:C:1=O,525.6479179262697,18.82251388615863
5620,29,9,17,26,20,6945,35,23,19,2,CCNC1(C=CC(C)=CC2SN(N(CC)CC)C(C(F)(F)F)C2=O)CC([SH](=O)=O)N(C(=O)[O][Na])C1,525.5899844267442,18.86853490387353
9010,46,19,23,14,15,4445,23,19,7,1,CCNN1:C:C(C(=O)O):C(C=CC=CCC2(C(=O)[O][Na])CC(OC)CC2N(C)C):O:C:1C(=O)[O][Na],525.5726737662887,18.347725543154482
2844,15,15,6,19,9,4056,21,17,9,12,CCN(CC)C1:C(C(F)(F)F):S(C2:C:C(C(=O)[O][Na]):C([N+](=O)O):S:C:2=C(C#N)C#N):C:C:S:1O,525.5654092603454,20.128284553271744
806,5,16,16,13,1,4366,22,10,25,10,CC(=O)NC1:C(CN(CC(=O)O)CC(=O)O):C:C(CN(CC(=O)O)CC(=O)O):S:C:1N=NC1=C(S(=O)(=O)[O][Na])C(=N)C=C1S(=O)(=O)[O][Na],525.559800842198,38.171544586469025
8988,45,24,8,15,14,9555,48,10,21,24,CC(C)C1C[SH](Br)CS1(OC1:C:C(=C(C#N)C#N):C(N=O):S(C(C)C):S:1)S(=O)(=O)[O][Na],525.5477259539408,13.634267522513763
5657,29,26,20,19,16,493,3,21,9,24,CCN(CC)C1:C:C(Br):N(C=CC=CC=CC2C(C(=O)[O][Na])CN([O][Na])S2=O):C:C:1C(C)C,525.5150535728316,24.280491291846104
6453,33,6,20,12,20,4584,23,9,26,3,CCN(CC)C1(C=CC(C)=CC2(O)C[SH]([O][Na])CC2[N+](=O)O)C(=O)CCC1C,525.5062497300635,24.597979600208674
9167,46,13,17,19,3,6386,32,26,19,25,CC(=O)NC1:N:C(C(F)(F)F):C(C(=O)[O][Na]):C(C=CC(=O)CC(=O)C=C[SH]2(=O)CNC(C(=O)[O][Na])C2=N):O:1,525.433540005072,23.191926299128703
83,1,15,6,3,20,2216,12,24,26,16,CC(C=CC1:C:C(CN(CC(=O)O)CC(=O)O):C(=O):C(C(C)C):N:1)=CC1=CC(=C(C#N)C#N)C([N+](=O)O)=C1C,525.3939627114563,18.091742542232712
2993,15,1,26,20,15,328,2,1,10,11,CN(C)C1:S:C:C(=O):C([O][Na]):C:1C=CC=CCC1(N(C)C):C:C:C(S(=O)(=O)[O][Na]):C(N):C:1,525.3773791991423,12.998997844732102
4683,24,14,10,15,20,6845,35,18,7,13,CCOC(=O)C1(C=CC(C)=CC2NC(C(=O)O)C(S(=O)(=O)[O][Na])C2=C(C#N)C#N)CCN(NC(C)=O)C1OC,525.3393430342105,18.51796301487199
889,5,3,22,10,15,2730,14,14,23,5,CCNS1:C:C(Cl):C:C(CC=CC=CC2:C(S(=O)(=O)[O][Na]):C(S(=O)(=O)O):C:C:S:2C)(C(=O)O):C:1,525.2982874240009,27.234476087756132
4345,22,5,4,15,2,8989,45,17,9,14,CCC1=CC(Cl)=C(C=CC(=O)S2(C(F)(F)F):C:C:C(C(=O)O):C:S:2N(CC)CC)C1=C(C#N)C#N,525.2116878064805,32.27489069561556
6521,33,22,20,18,12,2935,15,8,9,13,CCOC(=O)C1(C#CC#CC2(N=O):C:C:C(NC(C)=O):C(N(CC)CC):S:2)CC[SH](S(=O)(=O)O)C1[O][Na],525.1922861970766,20.9789418288177
9225,47,2,18,8,15,5703,29,20,18,24,CCOC(=O)C1C(C(C)C)C[SH](CC=CC=CC2:O:C([SH](=O)=O):S(C(=O)OCC):C:C:2N=O)N1[O][Na],525.1890953565717,29.301616389507256
4608,24,15,2,15,11,2935,15,8,9,13,CCN(CC)C1:S:C(C#CC2NC(=C(C#N)C#N)C([SH](=O)=O)C2=C(C#N)C#N)(N=O):C:C:C:1NC(C)=O,525.1083914167664,25.71300897812919
6752,34,14,2,12,17,8709,44,6,2,24,CC(C)C1:C:N(C=CC=CC=CC=CC2(O)CN(C(=O)O)CC2[SH](=O)=O):S:C([N+](=O)O):C:1[SH](=O)=O,525.0499644635981,31.693106029786804
2918,15,7,9,16,3,4019,21,1,24,5,CCN(CC)C1:C:S:C(OC):C(C=CC(=O)CC(=O)C=CS2(N(C)C):C:C:S(Cl):C(C(C)C):C:2):C:1CN(CC(=O)O)CC(=O)O,524.9758077958966,29.210824821376768
932,5,22,20,14,17,7452,38,9,20,2,CCN(CC)C1SC(C=CC=CC=CC=CC2:S:C(S(=O)(=O)O):C:C([O][Na]):C:2C(=O)O)C([SH](=O)=O)C1[O][Na],524.9138720976517,16.561560448271187
4176,21,19,18,13,15,9777,49,1,24,24,CCOC(=O)C1:C:S:C(NC(C)=O):C(C=CC=CCN2ON(N(C)C)C(C(C)C)C2C(C)C):S:1C(=O)[O][Na],524.8775627587211,19.986622988100073
868,5,25,13,9,9,2639,14,18,11,10,CCOC(=O)S1:C:C(C2:S:C(=N):C:C(NC(C)=O):C:2N(CC)CC):C:C(S(=O)(=O)[O][Na]):C:1N,524.8753812363385,7.709071363821863
4059,21,14,21,21,3,2527,13,16,21,13,CC(=O)NC1:C:C(C=CC(=O)CC(=O)C=CC2:S:C(C(=O)O):C:S(Br):C:2Br):C(CN(CC(=O)O)CC(=O)O):C:S:1Br,524.8282961683366,17.985462525195388
7687,39,26,1,9,3,2371,12,10,18,1,CCOC(=O)C1:C(N(C)C):C:C:C(C=CC(=O)CC(=O)C=CC2:O:C(=O):O:C(N(C)C):C:2N(CC)CC):N:1S(=O)(=O)[O][Na],524.8135920556873,20.4624214406806
5839,30,13,22,6,3,5138,26,6,13,21,CC(=O)NC1CCC(Br)S1(C=CC(=O)CC(=O)C=CC1C([N+](=O)O)N(S(=O)(=O)O)CN1NC(C)=O)[N+](=O)O,524.7987458926352,33.242922528210194
7543,38,23,9,10,1,1763,9,5,4,9,CCNC1SCC(N=NC2(Cl):C:C:C(N(CC)CC):C(CC):O:2)(S(=O)(=O)[O][Na])C1N(CC)CC,524.7835877550253,18.556265259899455
2527,13,16,21,13,6,991,5,25,14,19,CC(=O)NC1:C(C=S2:C:C(C(=O)[O][Na]):C:C(C(=O)O):C:2=N):C:C(CN(CC(=O)O)CC(=O)O):C:S:1Br,524.7790507581116,29.864442800982356
2011,11,2,13,2,20,2423,13,7,16,10,COC1(C=CC(C)=CC2:C:C([SH](=O)=O):N:C(NC(C)=O):C:2[SH](=O)=O):C:C:S(S(=O)(=O)[O][Na]):C(CN(CC(=O)O)CC(=O)O):C:1,524.5889123697696,31.909597286642747
2892,15,24,7,24,17,1989,10,18,11,12,CCOC(=O)C1:C(C=CC=CC=CC=CC2:C:S:C(C(C)C):C(OC):C:2C(C)C):C:C:N(O):C:1N,524.5787911607258,8.54811149392349
4631,24,5,14,17,11,7472,38,14,15,15,N#CC(C#N)=C1CC(=C(C#N)C#N)[SH](C(=O)O)C1C#CC1(C(F)(F)F)CC(C(=O)O)CN1Cl,524.5616186310856,24.29416591223585
4589,23,20,3,2,16,2606,14,1,24,23,CCNC1:C:C:C(C=CC=CC=CC2([SH](=O)=O)CC(C)C([O][Na])C2):C(N(C)C):S:1C(C)C,524.5210932616872,27.20829064664909
2048,11,14,10,7,20,8929,45,21,2,19,COC1:C(S(=O)(=O)[O][Na]):N:C:C(C(=O)O):C:1C=C(C)C=CS1:C:C:C(C(=O)[O][Na]):C([SH](=O)=O):S:1Br,524.4998017285395,19.984433216481673
4467,23,5,1,2,17,4009,21,12,13,15,CC(=O)NC1:C(O):S(C=CC=CC=CC=CC2C(Cl)CC(N(C)C)C2[SH](=O)=O):C:C:S:1=C(C#N)C#N,524.4862925820854,33.55043015556665
1423,8,24,25,19,3,2691,14,7,24,9,CCN(CC)C1:C:C:C(C=CC(=O)CC(=O)C=CC2:C:C(C(C)C):O:C(=N):C:2C(=O)[O][Na]):C(OC):S:1C(C)C,524.4169033687065,10.01051562424792
9639,49,6,1,16,3,2608,14,10,16,21,CN(C)N1CC(C=CC(=O)CC(=O)C=CC2:C:C(Br):C(CN(CC(=O)O)CC(=O)O):S:C:2S(=O)(=O)[O][Na])(CN(CC(=O)O)CC(=O)O)N([N+](=O)O)O1,524.4024271875631,38.56412511578736
5789,29,9,12,26,20,5216,27,7,20,20,CCN(CC)N1SC(C=C(C)C=CN2C([O][Na])C([O][Na])CN2OC)C(=O)C1O,524.3934736354006,17.472566413178942
8742,44,18,2,10,18,6894,35,22,14,20,CCOC(=O)N1:S:C([SH](=O)=O):C(S(=O)(=O)[O][Na]):C:C:1NCC1(S(=O)(=O)O)CC([O][Na])N(C(=O)O)C1,524.3123535992585,18.719010802121957
5348,27,24,7,10,20,6465,33,3,12,4,CCC1C(C=CC(C)=CC2(S(=O)(=O)[O][Na])NN(C(C)C)CC2OC)C[SH](C)C1O,524.2935949999276,21.745994837279618
7902,40,1,20,4,20,6947,35,26,7,2,CCC1:C(C=C(C)C=CC2CC([SH](=O)=O)N(OC)C2=O):O:O:C(N(C)C):C:1[O][Na],524.2566722679145,21.260292501913863
1167,6,23,8,13,3,7129,36,21,4,22,CCNB1:C:C(N=O):C(NC(C)=O):C:C:1C=CC(=O)CC(=O)C=CC1(Br)OCC(CC)C1S(=O)(=O)O,524.2090879185232,20.326394495806262
5168,26,4,12,23,3,4078,21,18,26,6,CCNC1CC(O)[SH](CC)C1C=CC(=O)CC(=O)C=CS1:C:C([N+](=O)O):S:C(=O):C:1C(=O)OCC,524.1846806049069,33.190720757144085
935,5,22,22,4,17,3512,18,24,17,19,CCC1:C(S(=O)(=O)O):C:C(S(=O)(=O)O):S:C:1C=CC=CC=CC=CN1:C:C(C(=O)[O][Na]):S(C(F)(F)F):C(C(C)C):C:1,524.138290919895,25.332775828010046
3380,17,20,16,21,7,6207,32,17,21,21,O=C(O)CN(CC(=O)O)CC1:C(Br):O:C:C(C=NS2(C(F)(F)F)CN(Br)CC2Br):N:1[O][Na],524.1060602953537,33.37440581985613
2736,14,15,16,17,13,5128,26,10,24,3,CC(C)C1CCC(C)S1(C=CC=CC1:C:C:S(C(F)(F)F):C(CN(CC(=O)O)CC(=O)O):C:1=C(C#N)C#N)S(=O)(=O)[O][Na],524.0463240274224,38.09742242105087
5681,29,21,20,4,16,2063,11,21,23,23,CCNC1:N(NCC):C:C:C:C:1(Br)C=CC=CC=CC1(CC)CC([O][Na])N[SH]1Br,524.0245242625921,10.135646713427363
7159,36,18,6,14,12,2349,12,19,9,8,CCOC(=O)C1OCC(C#CC#CC2(C(=O)[O][Na]):C:C(N=O):C:C:N:2N(CC)CC)(C(=O)O)C1[N+](=O)O,524.0172764737222,33.904018171025896
1272,7,20,19,7,17,5681,29,21,20,4,CCC1CC([O][Na])NS1(Br)C=CC=CC=CC=CC1:C(OC):O:C:C(C(=O)[O][Na]):C:1[O][Na],523.9945115371552,2.3056686882047996
1356,7,5,14,9,17,8929,45,21,2,19,CCN(CC)C1:O:C:C(C(=O)O):C(Cl):C:1C=CC=CC=CC=CS1:C:C:C(C(=O)[O][Na]):C([SH](=O)=O):S:1Br,523.9743765151987,21.57763356036706
2503,13,22,2,10,15,6336,32,9,12,17,CCN(CC)S1(CC=CC=CC2:C:S(S(=O)(=O)[O][Na]):C([SH](=O)=O):C:C:2S(=O)(=O)O)C(O)NCC1C(F)(F)F,523.8801203635433,19.83473569575846
2922,15,25,1,1,3,8453,43,16,18,10,CCOC(=O)C1:C:N(CN(CC(=O)O)CC(=O)O):N(C=CC(=O)CC(=O)C=CC2:C(N(C)C):C:C:S(N(C)C):C:2=N):C:C:1S(=O)(=O)[O][Na],523.7697116570978,22.887661079554555
4015,21,18,19,5,17,4079,21,13,14,8,CCOC(=O)C1:C:S:C(C=CC=CC=CC=CS2:C:C(N=O):S:C(C(=O)O):C:2NC(C)=O):C(Cl):S:1C(=O)[O][Na],523.7556597437134,23.93986582813665
4627,24,15,19,9,17,2679,14,19,20,2,CCN(CC)C1C(C=CC=CC=CC=CC2(C(=O)[O][Na]):C:S:C([O][Na]):C([SH](=O)=O):C:2)NC(=C(C#N)C#N)C1C(=O)[O][Na],523.7544819284665,12.713077707609685
825,5,2,16,21,7,7401,38,10,26,10,O=C(O)CN(CC(=O)O)CC1:C:C:S([SH](=O)=O):C(C=NC2(S(=O)(=O)[O][Na])CC(S(=O)(=O)[O][Na])C(=O)S2):C:1Br,523.7362324515658,32.165536379838635
1558,8,13,4,10,8,6519,33,1,7,5,CCC1:O:C(NC(C)=O):C:C(=CC=C2CC(Cl)[SH](OC)C2N(C)C):C:1S(=O)(=O)[O][Na],523.67009349331,16.668114804621382
3553,18,5,22,10,18,5006,26,2,15,19,N#CC(C#N)=C1CCC(C(=O)[O][Na])S1(CNC1:C(S(=O)(=O)[O][Na]):S:C:C(S(=O)(=O)O):N:1Cl)[SH](=O)=O,523.6536710153765,28.38158478880685
8426,43,16,14,7,17,1163,6,4,6,10,CCC1:B(C=CC=CC=CC=CC2:C:C:C(OC):N(C(=O)O):N:2CN(CC(=O)O)CC(=O)O):C:C:C(S(=O)(=O)[O][Na]):C:1[N+](=O)O,523.5595593194445,31.445573529882168
5238,27,6,15,7,3,392,2,10,9,7,CCN(CC)C1:C:C(C=CC(=O)CC(=O)C=CC2(OC)CC(=C(C#N)C#N)N([N+](=O)O)N2)(S(=O)(=O)[O][Na]):C:C:C:1OC,523.5395315665652,30.32048902616804
8881,45,5,19,14,2,2487,13,10,6,23,CCNC1:C:C(C(=O)C=CC2:C:C(C(=O)O):C:S(C(=O)[O][Na]):S:2Cl)(S(=O)(=O)[O][Na]):C([N+](=O)O):C:S:1,523.5286342159792,31.216795568789983
912,5,18,19,13,19,5058,26,14,12,6,CCOC(=O)S1:C(C(=N)S2(C(=O)O)CC(O)CC2[N+](=O)O):C:C(NC(C)=O):C:C:1C(=O)[O][Na],523.5268053880657,23.565805751076493
1759,9,20,7,20,17,4125,21,20,24,6,COC1:C:C([O][Na]):C(C=CC=CC=CC=CS2([O][Na]):C:C:S([N+](=O)O):C:C:2C(C)C):C([O][Na]):O:1,523.4976530695067,8.760630502743723
3748,19,20,12,19,20,6595,33,25,8,19,CC(C=CC1C(=N)SC(N=O)C1C(=O)[O][Na])=CC1:O:C([O][Na]):C(O):O:C:1C(=O)[O][Na],523.3318526641572,22.033359577699542
2471,13,16,9,21,15,2607,14,24,11,26,CCN(CC)C1:C(Br):S:C:C(C=CC=CCC2:C:C(=O):C(N):S(C(C)C):C:2):C:1CN(CC(=O)O)CC(=O)O,523.2926019548297,10.602176286877377
5682,29,5,22,16,17,1011,6,16,8,17,O=NC1:C(CN(CC(=O)O)CC(=O)O):C:B(C=CC=CC=CC=CC2C(CN(CC(=O)O)CC(=O)O)C(S(=O)(=O)O)N[SH]2Cl):C:C:1C(F)(F)F,523.2890540329208,24.7794590539776
7452,38,9,20,2,2,2353,12,21,16,1,CCN(CC)C1SCC(C=CC(=O)C2(Br):C:C:C(N(C)C):C:N:2CN(CC(=O)O)CC(=O)O)([SH](=O)=O)C1[O][Na],523.2615227402646,28.024839541095112
1919,10,13,8,18,17,4398,22,25,9,12,CCOC(=O)C1:C(C=CC=CC=CC=CC2=C(O)C(N(CC)CC)=CC2=N):C:C:C(NC(C)=O):N:1N=O,523.2076821955835,10.795176954057816
5682,29,5,22,16,3,33,1,18,15,7,CCOC(=O)C1=CC(=C(C#N)C#N)C(OC)=C1C=CC(=O)CC(=O)C=CC1C(CN(CC(=O)O)CC(=O)O)C(S(=O)(=O)O)N[SH]1Cl,523.1574149609788,17.75011568393123
4707,24,19,26,4,13,5838,30,2,18,6,CCOC(=O)N1C([N+](=O)O)CN(C=CC=CC2C(CC)C(=O)CN2C(=O)[O][Na])C1[SH](=O)=O,523.1339667295591,28.224024730478828
2872,15,4,17,19,3,9511,48,3,13,1,CCC1:S:C:C(C=CC(=O)CC(=O)C=C[SH]2CC(N(C)C)[SH](NC(C)=O)C2C):C(C(=O)[O][Na]):C:1C(F)(F)F,523.1040029258935,23.679319358462195
4610,24,20,14,26,15,8431,43,13,2,6,CC(=O)NN1:C([SH](=O)=O):C:C([N+](=O)O):C:N:1CC=CC=CC1C(=O)CC(C(=O)O)N1[O][Na],523.094882858805,26.60109269710498
5325,27,3,23,16,3,2907,15,15,22,3,CCNC1CNN(C)C1(C=CC(=O)CC(=O)C=CC1:C:C(C):C(S(=O)(=O)O):C:S:1=C(C#N)C#N)CN(CC(=O)O)CC(=O)O,523.02732250308,28.88723321510848
6631,34,19,7,4,14,7402,38,19,5,1,CCC1(OC2(C(=O)[O][Na])CC(N(C)C)C[SH]2Cl)CN(C(=O)[O][Na])CC1OC,522.9977723521542,36.73761868117066
8818,45,18,22,14,3,348,2,10,21,12,CCOC(=O)S1:S:C:C(S(=O)(=O)O):C(C(=O)O):C:1C=CC(=O)CC(=O)C=CC1:C:C(O):C(Br):C(S(=O)(=O)[O][Na]):C:1,522.9908672678814,8.503013553500693
8827,45,7,19,25,1,4116,21,22,16,14,COS1:S:C(N=NS2:C:C:S(C(=O)O):C(CN(CC(=O)O)CC(=O)O):C:2S(=O)(=O)O):C:C(=N):C:1C(=O)[O][Na],522.9497592905371,37.06545937681603
2747,14,7,16,16,15,1849,10,20,21,16,COC1:C(CN(CC(=O)O)CC(=O)O):S:C:C(CN(CC(=O)O)CC(=O)O):C:1C=CC=CCC1([O][Na]):C:C:N(CN(CC(=O)O)CC(=O)O):C(Br):C:1,522.9423297284659,22.45022816786658
6722,34,19,22,3,11,8735,44,23,15,23,CCNC1:C:N(C#CC2(C)CC(S(=O)(=O)O)NC2C(=O)[O][Na]):S(NCC):C:C:1=C(C#N)C#N,522.8971536632148,21.813264004507
4664,24,24,17,15,15,894,5,2,2,5,CC(C)N1C(C=CC=CCS2:C:C(Cl):C:C([SH](=O)=O):C:2[SH](=O)=O)C(=C(C#N)C#N)CC1C(F)(F)F,522.8576623402969,30.990628787684066
4705,24,6,20,18,2,8821,45,23,4,18,CCNS1:C:C(CC):C(C(=O)OCC):C:S:1C(=O)C=CC1CC(C(=O)OCC)C([O][Na])N1[N+](=O)O,522.8314214337945,24.35965499463141
8389,42,10,9,9,18,95,1,25,2,24,CCN(CC)C1:C:C(NCC2=C(C(C)C)C([SH](=O)=O)=CC2=N):O:S(S(=O)(=O)[O][Na]):C:1N(CC)CC,522.7678724538767,22.68597434119457
6445,33,19,9,8,20,5017,26,14,2,22,CCN(CC)C1SC(N=O)C(C=C(C)C=CS2(C(=O)O)CC(S(=O)(=O)O)CC2[SH](=O)=O)C1C(=O)[O][Na],522.7481208425011,24.745564886627673
9512,48,25,2,22,16,1564,8,16,7,19,COC1:O:C:C(C(=O)[O][Na]):C:C:1(C=CC=CC=CC1(S(=O)(=O)O)SC(=N)SC1[SH](=O)=O)CN(CC(=O)O)CC(=O)O,522.7406823540152,15.783119140047077
8873,45,21,25,15,19,1357,7,4,16,10,CCC1:C(C(=N)C2:C:C(=C(C#N)C#N):C(=N):S:S:2Br):C:C(S(=O)(=O)[O][Na]):O:C:1CN(CC(=O)O)CC(=O)O,522.7002275632326,27.80993395837737
7426,38,26,22,1,11,2734,14,15,21,19,CN(C)C1C(C#CC2:C:C(C(=O)[O][Na]):C(Br):S:C:2=C(C#N)C#N)C(=O)SC1S(=O)(=O)O,522.666635648911,25.180958404892266
5917,30,10,19,4,15,4792,24,16,1,2,CCC1(C=CC=CCN2C(CN(CC(=O)O)CC(=O)O)C(N(C)C)CC2[SH](=O)=O)CN(C(=O)[O][Na])C(S(=O)(=O)[O][Na])N1,522.6424928221224,24.568497186239583
6659,34,25,24,14,12,904,5,3,16,19,CC1:C(CN(CC(=O)O)CC(=O)O):C:C(C(=O)[O][Na]):C:S:1C#CC#CC1(C(=O)O)CC(C(C)C)NC1=N,522.623808117911,37.63049626226176
6999,35,10,14,13,13,3174,16,1,3,15,CC(=O)NC1(C=CC=CN2:C:C(=C(C#N)C#N):N(C):C:C:2N(C)C)C(C(=O)O)NCC1S(=O)(=O)[O][Na],522.602299336437,25.60609162039162
9417,48,24,21,1,18,5790,29,10,9,6,CCN(CC)C1C([N+](=O)O)[SH](CNC2C(N(C)C)SC(Br)[SH]2C(C)C)NC1S(=O)(=O)[O][Na],522.5549621971345,30.884793973909158
8547,43,7,9,10,20,8962,45,11,2,4,CCC1:C:C([SH](=O)=O):S(N):S(C=CC(C)=CC2:C(S(=O)(=O)[O][Na]):C:C(N(CC)CC):N:N:2OC):C:1,522.5436350425978,32.468816774786575
4143,21,18,17,20,20,6585,33,4,19,7,CCOC(=O)S1:C(C=C(C)C=CC2(CC)C(OC)CSC2C(=O)[O][Na]):C:S:C([O][Na]):C:1C(F)(F)F,522.5411255848028,11.127022718202715
3128,16,10,25,1,15,4185,21,20,7,13,COC1:C:S(CC=CC=CC2:C:N:C(N(C)C):C(=N):N:2S(=O)(=O)[O][Na])([O][Na]):C:C:S:1NC(C)=O,522.5226545265326,12.582171800192661
5206,27,8,15,14,18,9411,48,10,14,23,CCNC1C(C(=O)O)[SH](S(=O)(=O)[O][Na])C[SH]1CNC1C(C(=O)O)C(=C(C#N)C#N)NN1N=O,522.4975292202905,22.632099731234625
3017,16,11,24,2,3,7410,38,17,11,21,CC(C)N1:C:C:N(N):C(C=CC(=O)CC(=O)C=CC2(C(F)(F)F)CC(Br)C(N)S2):C:1[SH](=O)=O,522.4597412597419,22.163690293972092
1876,10,13,24,16,20,4023,21,15,12,19,CC(=O)NC1:C(C=C(C)C=CS2(=C(C#N)C#N):C:C(C(=O)[O][Na]):S:C:C:2O):C:N:C(CN(CC(=O)O)CC(=O)O):C:1C(C)C,522.3682678622872,28.595490569129094
8803,45,9,21,13,3,7574,38,2,18,16,CCOC(=O)[SH]1C(CN(CC(=O)O)CC(=O)O)CCC1(C=CC(=O)CC(=O)C=CC1:S:S(N(CC)CC):C(Br):C:C:1NC(C)=O)[SH](=O)=O,522.3623058724359,24.1800537085797
1404,8,22,2,20,15,923,5,9,14,12,CCN(CC)C1:C(C(=O)O):C(O):C:C:S:1CC=CC=CC1:C([O][Na]):C:O:C([SH](=O)=O):C:1S(=O)(=O)O,522.3460540070034,20.280752910989282
8541,43,7,19,7,20,7297,37,10,16,25,COC1:C(C(=O)[O][Na]):C:N:N(OC):C:1C=C(C)C=CC1(S(=O)(=O)[O][Na])C(=N)COC1CN(CC(=O)O)CC(=O)O,522.2674190512241,35.78519660584133
2811,15,23,18,23,13,6520,33,11,25,2,CCNC1:C:C(C=CC=CC2C(N)SC(=N)C2[SH](=O)=O):C(NCC):S(C(=O)OCC):C:1,522.155081858348,8.942202974612051
9457,48,5,14,24,3,5147,26,12,15,13,CC(=O)NC1C[SH](C=CC(=O)CC(=O)C=CC2SC(Cl)[SH](C(=O)O)C2C(C)C)C(O)C1=C(C#N)C#N,522.1256669489273,20.030256248614883
138,1,21,15,3,6,946,5,26,15,4,CCC1:C:C:S(=O)(=CC2=C(C)C(=C(C#N)C#N)C=C2Br):C:C:1=C(C#N)C#N,522.1103344676052,14.111870468932066
4798,24,16,21,9,4,6574,33,18,23,17,CCN[SH]1CC(C(F)(F)F)C(C=CC2NC(CN(CC(=O)O)CC(=O)O)C(Br)C2N(CC)CC)C1C(=O)OCC,522.0910059196316,13.139344648138563
1082,6,2,20,17,16,6366,32,25,18,13,CCOC(=O)C1NCC(NC(C)=O)[SH]1(=N)C=CC=CC=CC1:B:C([SH](=O)=O):C([O][Na]):C:C:1C(F)(F)F,522.0500572562777,19.518857435914818
6910,35,20,5,11,20,2726,14,24,1,20,CC(C=CC1:C:C([O][Na]):C(N(C)C):S:C:1C(C)C)=CC1(N)CC([O][Na])NC1Cl,522.034689613567,17.60685458727347
523,3,19,14,10,17,3057,16,20,22,21,O=C(O)C1:C:C(S(=O)(=O)[O][Na]):C(C=CC=CC=CC=CN2:C:C(Br):N(S(=O)(=O)O):C:C:2[O][Na]):N(C(=O)[O][Na]):C:1,522.0215797407296,16.42406661841238
219,2,21,7,19,2,2951,15,4,3,1,CCS1:C(C):C:C(N(C)C):C:C:1C(=O)C=CC1:C(C(=O)[O][Na]):C:C:C(OC):C:1Br,521.9769168123771,13.005243910640083
5661,29,21,3,6,17,6622,34,18,12,21,CCOC(=O)N1CC(O)C(Br)C1C=CC=CC=CC=CC1([N+](=O)O)CCN(C)[SH]1Br,521.971076599232,22.179439113277688
6613,34,3,11,2,17,5794,29,15,8,6,CC1NCC(C=CC=CC=CC=C[SH]2(=C(C#N)C#N)CCC([N+](=O)O)N2N=O)([SH](=O)=O)C1N,521.9434188111615,19.857399364771755
5839,30,13,22,6,17,6618,34,3,5,2,CC(=O)NN1CN(S(=O)(=O)O)C([N+](=O)O)C1C=CC=CC=CC=CC1NC(C)C(Cl)C1[SH](=O)=O,521.8950775645224,29.487664293894312
989,5,3,8,14,3,3260,17,12,19,15,CC1:C:S:C(C=CC(=O)CC(=O)C=CN2:C:C(=C(C#N)C#N):O:C(C(=O)[O][Na]):C:2O):C(C(=O)O):C:1N=O,521.8639399675043,28.928238517650072
6808,35,16,1,3,3,6778,34,21,9,15,CCN(CC)C1CNC(Br)(C=CC(=O)CC(=O)C=CC2(C)CCN(CN(CC(=O)O)CC(=O)O)C2N(C)C)C1=C(C#N)C#N,521.8425306009282,14.694996788114732
9237,47,12,16,21,3,1969,10,14,13,24,CC(=O)NC1:C:C(C=CC(=O)CC(=O)C=CC2:C:C(Br):S(CN(CC(=O)O)CC(=O)O):C(O):O:2)(C(=O)O):C:C:N:1C(C)C,521.804947244861,29.098249068776372
6976,35,9,9,25,4,2927,15,6,10,14,CCN(CC)C1NC(=N)C(C=CC2:C:C(C(=O)O):C(S(=O)(=O)[O][Na]):C:S:2[N+](=O)O)C1N(CC)CC,521.7935391246909,19.809866780158096
3313,17,17,23,10,20,2007,11,3,11,21,CCNC1:O:C(S(=O)(=O)[O][Na]):C(C=C(C)C=CC2:C:C(Br):C(N):N:C:2C):N:C:1C(F)(F)F,521.7388224951738,29.810484319698315
8865,45,1,7,21,16,319,2,11,21,1,COC1:C:C(Br):C(C=CC=CC=CC2(N):C:C(N(C)C):C:C:C:2Br):S:S:1N(C)C,521.7354124208997,33.22515613281044
9472,48,16,4,20,17,2057,11,9,3,2,CCN(CC)C1:C(C=CC=CC=CC=CC2([O][Na])C[SH](CC)C(CN(CC(=O)O)CC(=O)O)S2):C:C([SH](=O)=O):C:N:1C,521.7093785616637,16.94295304080562
526,3,7,5,24,15,4121,21,4,10,7,CCS1(CC=CC=CC2:N:C(OC):C(Cl):C:C:2C(C)C):C:C:S(OC):C:C:1S(=O)(=O)[O][Na],521.7016258180058,17.605339135221033
2480,13,22,2,21,5,974,5,19,12,4,CCC1:C:S(=NC2:C:C(S(=O)(=O)O):C([SH](=O)=O):S(Br):C:2)(C(=O)[O][Na]):C:C:C:1O,521.6961332112518,18.908729735785972
4742,24,12,8,10,17,3122,16,3,24,16,CC1:C(C(C)C):N:C(CN(CC(=O)O)CC(=O)O):C:N:1C=CC=CC=CC=CC1NC(O)C(N=O)C1S(=O)(=O)[O][Na],521.6890069005307,31.559483899951232
5051,26,20,3,5,3,2238,12,8,16,22,CC1C[SH]([O][Na])C(C=CC(=O)CC(=O)C=CC2(N=O):C:C(S(=O)(=O)O):C(CN(CC(=O)O)CC(=O)O):C:N:2)C1Cl,521.6760953451927,33.021845517569915
2581,13,10,13,1,19,7320,37,24,4,20,CCC1OCC(C(=N)C2:C:S(N(C)C):C:C(NC(C)=O):C:2S(=O)(=O)[O][Na])(C(C)C)C1[O][Na],521.6569202664397,13.843794663340821
3278,17,16,13,25,17,297,2,10,21,23,CCNC1:C:C(C=CC=CC=CC=CC2:C(=N):O:C(NC(C)=O):C:N:2CN(CC(=O)O)CC(=O)O)(S(=O)(=O)[O][Na]):C:C:C:1Br,521.6529203262778,20.278659612747553
3585,18,21,1,15,20,2331,12,20,11,3,CC(C=CC1([O][Na]):C:C:C(C):C:N:1N)=CC1:C(=C(C#N)C#N):S:C(N(C)C):C:N:1Br,521.6527021871127,15.456288406452355
4781,24,3,16,20,17,2105,11,19,2,14,CN1C(CN(CC(=O)O)CC(=O)O)CC([O][Na])C1C=CC=CC=CC=CC1(C(=O)[O][Na]):C:C:C:N(C(=O)O):C:1[SH](=O)=O,521.6054060206764,17.59274751053942
6373,32,20,11,12,20,6893,35,9,18,5,CCOC(=O)C1NC(Cl)CC1(C=CC(C)=CC1SC([O][Na])N(N)C1O)N(CC)CC,521.5904426706005,20.171363222304024
2706,14,22,25,7,16,4398,22,25,9,12,CCN(CC)C1=CC(=N)C(C=CC=CC=CC2:C(OC):C:S(=N):C:C:2S(=O)(=O)O)=C1O,521.5890160280493,19.5632948467952
4449,23,11,2,24,13,9462,48,3,10,13,CC(=O)NC1C[SH](C=CC=CC2CC(N)C([SH](=O)=O)C2C(C)C)C(C)[SH]1S(=O)(=O)[O][Na],521.5811318697259,21.100387923350453
405,3,20,2,6,15,9426,48,2,19,9,CCN(CC)C1C[SH](CC=CC=CC2:C:C([N+](=O)O):C:C([SH](=O)=O):N:2[O][Na])C([SH](=O)=O)[SH]1C(=O)[O][Na],521.5576856447206,19.98000484571293
6588,33,7,11,23,13,2968,15,2,26,20,CCNC1(C=CC=CC2([SH](=O)=O):C:C:C:C([O][Na]):S:2=O)CC(OC)[SH](N)C1,521.5361322109882,20.51348509194351
3108,16,26,5,10,16,7591,38,10,13,17,CC(=O)NC1C(C(F)(F)F)C(C=CC=CC=CC2:N:C:C(=O):N(Cl):C:2S(=O)(=O)[O][Na])SC1S(=O)(=O)[O][Na],521.521699379303,6.524331121779211
2512,13,11,9,22,5,5070,26,10,22,16,CCN(CC)S1:C:C:C(N):C(N=S2C(CN(CC(=O)O)CC(=O)O)C(S(=O)(=O)O)CC2S(=O)(=O)[O][Na]):C:1S(=O)(=O)O,521.5152780118057,34.21246458927379
2350,12,1,6,11,3,5608,29,21,25,17,CN(C)N1:C:C(C=CC(=O)CC(=O)C=CS2(Br)CC(C(F)(F)F)C(=N)N2):C(N):C([N+](=O)O):C:1,521.4783279551033,18.58549037926936
5754,29,8,3,19,16,7061,36,11,3,22,CC1CC(C=CC=CC=CC2(N)OCC(C)C2S(=O)(=O)O)(C(=O)[O][Na])[SH](N=O)N1,521.4746121241564,16.901283443210392
7272,37,16,13,4,11,9504,48,19,15,13,CCC1(C#C[SH]2C(NC(C)=O)C(=C(C#N)C#N)SC2C(=O)[O][Na])C(CN(CC(=O)O)CC(=O)O)COC1NC(C)=O,521.4258802381602,40.50709685172823
2757,14,14,11,25,3,2118,11,5,2,23,CCNC1:C:C(C=CC(=O)CC(=O)C=CC2:C(C(=O)O):C(N):S:C:C:2=N):C:N(Cl):C:1[SH](=O)=O,521.4023540446314,16.590631260904694
3975,20,20,22,9,4,5329,27,13,20,5,CCN(CC)C1:S:C(S(=O)(=O)O):C([O][Na]):O:C:1C=CN1NC(NC(C)=O)C([O][Na])C1Cl,521.3876357575261,20.53741954622266
2411,13,4,13,20,16,2423,13,7,16,10,CCC1:C:C:S(NC(C)=O):C([O][Na]):C:1C=CC=CC=CC1(OC):C:C:S(S(=O)(=O)[O][Na]):C(CN(CC(=O)O)CC(=O)O):C:1,521.2821321620543,23.87305586484629
2405,13,24,16,6,9,7554,38,22,10,14,CC(C)C1:C:C(C2SC(S(=O)(=O)O)C(S(=O)(=O)[O][Na])C2C(=O)O):C([N+](=O)O):S(CN(CC(=O)O)CC(=O)O):C:1,521.2571196422278,29.885513870095828
2183,11,18,12,10,17,7545,38,2,20,15,CCOC(=O)C1:C(O):N:C:C(S(=O)(=O)[O][Na]):C:1C=CC=CC=CC=CC1([SH](=O)=O)SCC([O][Na])C1=C(C#N)C#N,521.2289775873189,12.313028449250947
289,2,4,1,4,15,2740,14,20,18,21,CCOC(=O)S1:C:C(CC=CC=CC2:C(CC):C:C:C(N(C)C):C:2CC)([O][Na]):C:C:C:1Br,521.1765405100643,13.255970483551478
1121,6,24,19,11,1,8832,45,7,4,5,CCC1:C:C(Cl):C:S(N=NC2:B:C:C(C(C)C):C(C(=O)[O][Na]):C:2N):S:1OC,521.1708071629254,11.456806963945365
1669,9,16,4,25,15,2440,13,23,10,26,CCNC1:C:C(CC=CC=CC2:C(CN(CC(=O)O)CC(=O)O):O:C(CC):C:C:2=N):C:C(=O):S:1S(=O)(=O)[O][Na],521.1685943106484,37.98420999198494
3019,16,25,16,20,4,6832,35,5,13,15,CC(=O)NN1CC(=C(C#N)C#N)C(Cl)(C=CC2:N:C(=N):C(CN(CC(=O)O)CC(=O)O):N:C:2[O][Na])C1,521.1288742199471,29.340655727243206
4161,21,7,25,1,13,2829,15,14,25,15,COS1:C:C(=N):S(N(C)C):C:C:1C=CC=CC1(C(=O)O):C:C:C(=C(C#N)C#N):C:S:1=N,521.1280336140039,24.68890929514103
5105,26,3,13,24,3,967,5,4,14,3,CCC1:C(C(=O)O):C:C(C):C:S:1C=CC(=O)CC(=O)C=CC1(C(C)C)CC(NC(C)=O)C[SH]1C,521.107177786105,25.728048483486116
7571,38,15,13,14,3,8958,45,21,21,5,CC(=O)NC1CC(C=CC(=O)CC(=O)C=CS2(Br):C:C(Cl):C:C:S:2Br)(C(=O)O)C(=C(C#N)C#N)S1,521.0798903940673,27.874805684132166
6846,35,11,10,12,18,2441,13,23,24,17,CCNC1(CNC2C(N)CN(S(=O)(=O)[O][Na])C2O):C:C(C(C)C):S:C(C(F)(F)F):C:1,521.0653568216275,8.898281187923704
3040,16,10,10,13,17,6941,35,2,9,13,CCN(CC)N1CC(C=CC=CC=CC=CC2:C:N(NC(C)=O):C(S(=O)(=O)[O][Na]):C(S(=O)(=O)[O][Na]):N:2)([SH](=O)=O)CC1NC(C)=O,521.0268689491752,20.743399608236388
2003,11,20,21,18,9,4391,22,9,20,25,CCOC(=O)C1:C:N(Br):C:C([O][Na]):C:1C1=C(N(CC)CC)C=C([O][Na])C1=N,521.0166451262511,19.731996380554815
2750,14,23,20,18,18,984,5,16,1,2,CCNC1:C:S([O][Na]):C:C(C(=O)OCC):C:1NCS1:C:C(CN(CC(=O)O)CC(=O)O):C(N(C)C):C([SH](=O)=O):C:1,520.9198173728412,24.4349652395011
8377,42,16,11,8,4,5395,27,21,19,6,NC1:C(CN(CC(=O)O)CC(=O)O):S:O:C(C=CN2C([N+](=O)O)CC(C(=O)[O][Na])N2Br):C:1N=O,520.9025853341236,37.115323791589866
9455,48,1,23,1,15,8951,45,16,8,1,CCNC1SC(N(C)C)SC1(C=CC=CCS1:C:C(N(C)C):C(N=O):C:S:1CN(CC(=O)O)CC(=O)O)N(C)C,520.902571148667,32.28437381593038
8654,44,23,18,20,14,4057,21,14,17,2,CCNN1:S:C(C(=O)OCC):C:C([O][Na]):C:1OS1(C(=O)O):C:C:S:C([SH](=O)=O):C:1C(F)(F)F,520.8778986527406,23.371575629354467
7470,38,2,16,11,7,2826,15,3,3,17,CC1:S:C(C)(N=CC2(N)C(CN(CC(=O)O)CC(=O)O)CSC2[SH](=O)=O):C:C:C:1C(F)(F)F,520.8521286891082,10.850493115609149
4031,21,24,15,19,20,331,2,1,14,18,CCOC(=O)C1:C:C:C(C=CC(C)=CC2:C:S:C(C(=O)[O][Na]):C(=C(C#N)C#N):S:2C(C)C)(N(C)C):C(C(=O)O):C:1,520.8123876302964,13.292904529663153
8459,43,3,24,5,20,6362,32,19,20,6,CC(C=CS1(C(=O)[O][Na])CCN([N+](=O)O)C1[O][Na])=CC1:C:C(Cl):C(C(C)C):N(C):N:1,520.7907750715418,14.108854828850657
3378,17,18,21,23,15,6585,33,4,19,7,CCNC1:O:C(Br):C(C(=O)OCC):N:C:1C=CC=CCC1(CC)C(OC)CSC1C(=O)[O][Na],520.7357572258517,11.891298856679299
398,2,13,12,16,4,2919,15,14,23,9,CCNC1:C(N(CC)CC):C:C:C(C=CC2:C:C(CN(CC(=O)O)CC(=O)O):C(O):C(NC(C)=O):C:2):S:1C(=O)O,520.6445928442976,20.59867658830843
5876,30,25,6,25,17,1901,10,11,19,8,N=C1NC(C=CC=CC=CC=CC2(N):C:C:N(N=O):C(C(=O)[O][Na]):C:2)C(=N)N1[N+](=O)O,520.6305990319656,16.361856764085488
5190,26,23,10,24,18,5171,26,11,22,15,CCNC1CC(S(=O)(=O)[O][Na])C(NCS2(N)CC(=C(C#N)C#N)C(S(=O)(=O)O)C2)(C(C)C)S1,520.5172661550308,20.254040644164498
6869,35,25,3,21,20,8866,45,18,16,5,CCOC(=O)S1:C(CN(CC(=O)O)CC(=O)O):C:C(Cl):C:S:1C=CC(C)=CC1C(=N)C(C)NC1Br,520.3918010297912,15.206964993811013
4764,24,23,20,24,20,5051,26,20,3,5,CCNN1CC([O][Na])CC1(C=C(C)C=CS1([O][Na])CC(C)C(Cl)C1)C(C)C,520.3402907944621,22.062312010125904
997,5,5,19,15,3,4566,23,22,14,14,N#CC(C#N)=C1:C(C(=O)[O][Na]):C:C:S(Cl):C:1C=CC(=O)CC(=O)C=CC1(S(=O)(=O)O)CC(C(=O)O)C(C(=O)O)C1,520.2389063918106,28.885892400816267
3853,20,20,23,4,16,7405,38,26,24,24,CCNC1:C([O][Na]):O:C(C=CC=CC=CC2CC(C(C)C)C(C(C)C)S2=O):C:S:1CC,520.2094505511662,16.1147592389787
8701,44,11,2,10,5,8813,45,26,17,17,NN1:S:C:C([SH](=O)=O):C(S(=O)(=O)[O][Na]):C:1N=S1:C:C(C(F)(F)F):C:C(C(F)(F)F):S:1=O,520.2040061168907,28.793588734594177
4459,23,18,14,22,2,2810,15,9,6,17,CCOC(=O)C1CC(C(=O)O)C(S(=O)(=O)O)C1C=CC(=O)C1:C:C(C(F)(F)F):C([N+](=O)O):C:S:1N(CC)CC,520.2011287373778,14.576983422389524
5053,26,11,22,9,20,5754,29,8,3,19,CCN(CC)C1(C=C(C)C=CS2(N=O)NC(C)CC2C(=O)[O][Na])CC(S(=O)(=O)O)C[SH]1N,520.1816196691028,16.83017141038096
9038,46,7,23,26,3,5793,29,22,21,19,CCNN1:C(OC):O:C(C=CC(=O)CC(=O)C=CS2(S(=O)(=O)O)NC(Br)CC2C(=O)[O][Na]):C:C:1=O,520.1644711631868,20.024075671841373
8915,45,6,14,21,3,2175,11,13,5,6,CC(=O)NC1:C(C=CC(=O)CC(=O)C=CC2:S:S:C([N+](=O)O):C(C(=O)O):C:2Br):C:C([N+](=O)O):C:N:1Cl,520.1495658207384,13.466353767799864
3972,20,2,18,24,20,1904,10,20,19,22,CCOC(=O)S1:C([SH](=O)=O):C:O:C(C=C(C)C=CC2:C:C:N(S(=O)(=O)O):C(C(=O)[O][Na]):C:2[O][Na]):C:1C(C)C,520.118845761394,23.912033869916762
6362,32,19,20,6,20,4562,23,23,22,19,CCNC1(C=CC(C)=CC2CN([N+](=O)O)C([O][Na])[SH]2C(=O)[O][Na])CC(C(=O)[O][Na])CC1S(=O)(=O)O,520.1181227807776,17.759473730736936
8591,43,1,1,18,17,1176,6,20,9,22,CCOC(=O)C1:C:C(C=CC=CC=CC=CB2:C:C(S(=O)(=O)O):C(N(CC)CC):C:C:2[O][Na]):N:N(N(C)C):C:1N(C)C,520.1026840667021,15.67220321784867
4140,21,13,7,14,3,2226,12,5,23,25,CCNC1:C(=N):C:C:C(C=CC(=O)CC(=O)C=CC2:C:S(C(=O)O):C(OC):C(NC(C)=O):S:2):N:1Cl,520.0943858605594,10.83663582139145
3123,16,4,12,2,17,1445,8,22,19,13,CCC1:N:C(C=CC=CC=CC=CC2:C:C(NC(C)=O):C(C(=O)[O][Na]):O:C:2S(=O)(=O)O):C:N([SH](=O)=O):C:1O,520.0677544850136,20.19530848246169
4073,21,21,17,14,13,2581,13,10,13,1,CC(=O)NC1:C:S(N(C)C):C:C:C:1(C=CC=CC1:C:S:C(C(=O)O):C(C(F)(F)F):S:1Br)S(=O)(=O)[O][Na],519.9770968706273,24.564558045791486
685,4,4,18,4,16,2051,11,20,2,1,CCOC(=O)C1:C:C(CC):O:C(C=CC=CC=CC2([O][Na]):C:C(N(C)C):C:N:C:2[SH](=O)=O):C:1CC,519.9499697624024,12.124473014366455
5220,27,8,24,10,3,9505,48,26,26,20,CC(C)C1C(S(=O)(=O)[O][Na])C(C=CC(=O)CC(=O)C=C[SH]2C(=O)SC(=O)C2[O][Na])NN1N=O,519.9114416289597,11.087471724838817
8093,41,22,5,21,7,5669,29,24,20,19,CC(C)S1(N=CC2:C:C(Br):C(Cl):N(S(=O)(=O)O):O:2)CC(C(=O)[O][Na])C([O][Na])N1,519.8412213805916,15.109729372974632
1554,8,10,5,22,13,8831,45,10,16,18,CCOC(=O)C1:C:C:C:S(C=CC=CC2:C(S(=O)(=O)[O][Na]):C:O:C(Cl):C:2S(=O)(=O)O)(S(=O)(=O)[O][Na]):S:1CN(CC(=O)O)CC(=O)O,519.7901509867955,24.59111460951846
6361,32,11,20,13,12,6686,34,24,13,15,CC(=O)NC1CNC(C#CC#CC2(NC(C)=O)C([O][Na])NC[SH]2N)(C(C)C)C1=C(C#N)C#N,519.7612635660228,33.58913935305607
5177,26,7,16,7,20,3562,18,15,26,2,CO[SH]1CC(CN(CC(=O)O)CC(=O)O)CC1(C=C(C)C=CN1:C:C([SH](=O)=O):S:C(=O):C:1=C(C#N)C#N)OC,519.750606858011,21.284820412530188
992,5,18,7,10,1,8959,45,16,19,23,CCNC1:C:S(N=NC2:C:C:C(S(=O)(=O)[O][Na]):C(OC):S:2C(=O)OCC):S(CN(CC(=O)O)CC(=O)O):C:C:1C(=O)[O][Na],519.7371725810983,27.413454055123932
1997,10,24,22,24,20,6202,32,17,21,19,CC(C=CS1(C(F)(F)F)CN(Br)CC1C(=O)[O][Na])=CC1:C:C(C(C)C):C:N(S(=O)(=O)O):C:1C(C)C,519.7171078188296,16.97493638288108
7055,36,16,24,10,20,3461,18,8,1,12,CC(C=CN1:C:C(O):S:C(N(C)C):C:1N=O)=CC1(S(=O)(=O)[O][Na])COC(CN(CC(=O)O)CC(=O)O)C1C(C)C,519.6815287413581,29.727487684476475
8888,45,2,8,15,20,969,5,9,5,10,CCN(CC)C1:C(Cl):C:C(S(=O)(=O)[O][Na]):C:S:1C=CC(C)=CC1:S:S([SH](=O)=O):C:C(N=O):C:1=C(C#N)C#N,519.671983715437,20.82188664916927
6265,32,19,1,22,8,6504,33,16,1,1,CN(C)C1C[SH](N(C)C)C(CN(CC(=O)O)CC(=O)O)C1=CC=C1C(S(=O)(=O)O)NC(N(C)C)[SH]1C(=O)[O][Na],519.6334478175679,27.604118691580197
6407,33,23,5,18,2,5688,29,20,20,4,CCNC1CC(C=CC(=O)S2([O][Na])NC([O][Na])CC2CC)C(C(=O)OCC)[SH]1Cl,519.62864888528,30.936477398815406
4795,24,19,16,23,1,2280,12,1,12,11,CCNC1(N=NC2(N(C)C):C:C:C(N):C:N:2O)NC(C(=O)[O][Na])CC1CN(CC(=O)O)CC(=O)O,519.6179819652197,35.01114461650433
5276,27,16,17,25,17,1867,10,9,16,1,CCN(CC)C1(C=CC=CC=CC=CC2C(=N)C(C(F)(F)F)NN2CN(CC(=O)O)CC(=O)O):C:C:N(N(C)C):C:C:1CN(CC(=O)O)CC(=O)O,519.5328047180986,27.477905431653568
2259,12,13,7,25,3,5005,26,10,3,6,COC1:C(NC(C)=O):N:C:C(C=CC(=O)CC(=O)C=C[SH]2CC([N+](=O)O)C(C)C2S(=O)(=O)[O][Na]):C:1=N,519.3961334323069,25.96626706216647
8460,43,24,21,9,2,2383,12,19,6,14,CCN(CC)C1:C:C(Br):N:N(C(C)C):C:1C=CC(=O)C1:C:C(C(=O)O):C:C([N+](=O)O):N:1C(=O)[O][Na],519.3787743321941,26.602862574735532
4432,23,17,6,19,16,939,5,4,10,24,CCS1(C=CC=CC=CC2C(C(=O)[O][Na])C([N+](=O)O)CC2C(F)(F)F):C:C(C(C)C):C:C:C:1S(=O)(=O)[O][Na],519.3734390163206,30.5585506991743
6425,33,7,9,16,13,2638,14,6,10,23,CCNC1:C:C(C=CC=CC2C(OC)C[SH](N(CC)CC)C2CN(CC(=O)O)CC(=O)O):C([N+](=O)O):S:C:1S(=O)(=O)[O][Na],519.3611989067437,30.04865208397487
5883,30,11,23,21,13,2606,14,1,24,23,CCNC1:C:C:C(C=CC=CC2(Br)CN(NCC)CN2N):C(N(C)C):S:1C(C)C,519.3387639858469,21.05212926073862
2497,13,2,6,10,7,5165,26,18,14,5,CCOC(=O)C1CC(C(=O)O)C(Cl)[SH]1N=CC1:C:C([SH](=O)=O):C([N+](=O)O):S(S(=O)(=O)[O][Na]):C:1,519.3302117368353,30.996557663330197
1828,10,24,21,9,3,9533,48,22,12,15,CCN(CC)N1:C:C(C=CC(=O)CC(=O)C=CS2(S(=O)(=O)O)CCS(=C(C#N)C#N)C2O):C(C(C)C):C:C:1Br,519.2867909394529,32.788319620630936
2995,15,12,11,4,3,9583,48,19,10,12,CCC1:C:C(C=CC(=O)CC(=O)C=C[SH]2C[SH](C(=O)[O][Na])C(S(=O)(=O)[O][Na])C2O):C(O):S(N):C:1,519.2449639422118,29.56860277092368
1072,6,11,19,11,20,2971,15,18,12,15,CCOC(=O)S1:C(O):C:C(=C(C#N)C#N):C:C:1C=CC(C)=CC1:B(N):C:C:C(C(=O)[O][Na]):C:1N,519.1104143123189,22.01344285558869
1145,6,18,13,10,15,906,5,7,17,14,CCOC(=O)B1:C(C=CC=CCS2:C:C:C(C(=O)O):C(C(F)(F)F):C:2OC):C:C(S(=O)(=O)[O][Na]):C:C:1NC(C)=O,519.0541202823003,31.22841647997941
6900,35,17,6,20,2,5941,30,15,16,1,CN(C)C1CN(CN(CC(=O)O)CC(=O)O)C(=C(C#N)C#N)N1C(=O)C=CC1([O][Na])CNC([N+](=O)O)C1C(F)(F)F,519.0347489877358,46.00641533856483
819,5,24,3,10,13,2520,13,17,5,11,CC1:C(S(=O)(=O)[O][Na]):C:C:C(C=CC=CC2(C(F)(F)F):C:C:S(Cl):C(N):C:2):S:1C(C)C,519.0030065483072,32.15254499026178
2632,14,3,6,2,15,1060,6,20,1,12,CN(C)C1:C(O):C:C:B(CC=CC=CC2:C:C:S(C):C([N+](=O)O):C:2[SH](=O)=O):C:1[O][Na],518.9509529150381,10.648026410647512
8743,44,17,15,7,17,944,5,17,13,3,COC1:C(C=CC=CC=CC=CS2:C:C:C(C):C(NC(C)=O):C:2C(F)(F)F):N(C(F)(F)F):S:C:C:1=C(C#N)C#N,518.8671766707187,22.902747918865312
6997,35,4,19,14,18,987,5,21,23,6,CCNC1:C([N+](=O)O):C:C:S(CNC2C(C(=O)O)NC(C(=O)[O][Na])C2CC):C:1Br,518.8481136136604,27.37710489821064
6685,34,8,12,16,20,2465,13,17,22,2,CC(C=CC1(C(F)(F)F):C:C:S:C([SH](=O)=O):C:1S(=O)(=O)O)=CC1CN(N=O)C(O)C1CN(CC(=O)O)CC(=O)O,518.8377695637156,11.63188562888171
2609,14,3,19,24,20,9565,48,9,15,4,CCC1C[SH](C=CC(C)=CC2:C(C(C)C):C:S:C(C(=O)[O][Na]):C:2C)C(N(CC)CC)S1=C(C#N)C#N,518.8370767294915,13.777463532731003
3651,19,15,15,4,18,2503,13,22,2,10,CCC1:O:C(=C(C#N)C#N):C(=C(C#N)C#N):O:C:1NCC1(S(=O)(=O)O):C:C:S(S(=O)(=O)[O][Na]):C([SH](=O)=O):C:1,518.8043134341774,33.341428466936854
3158,16,22,25,10,20,1532,8,14,4,24,CCC1:O:C:C(C(C)C):C:C:1(C=CC(C)=CC1:C:N(S(=O)(=O)[O][Na]):C(=N):C(S(=O)(=O)O):N:1)C(=O)O,518.7083003028068,33.754360594435234
4689,24,12,22,3,3,9426,48,2,19,9,CCN(CC)C1C[SH](C=CC(=O)CC(=O)C=CC2(C)NC(O)CC2S(=O)(=O)O)C([SH](=O)=O)[SH]1C(=O)[O][Na],518.6832652585945,15.978468908455888
4248,22,21,12,15,9,868,5,25,13,9,CCN(CC)C1:C:S(C2=CC(Br)=C(O)C2=C(C#N)C#N):C(=N):C:C:1NC(C)=O,518.5386582249391,25.150466073498855
7486,38,8,9,12,17,6833,35,11,22,21,CCN(CC)[SH]1CC(O)C(C=CC=CC=CC=CC2(N)CC(Br)N(S(=O)(=O)O)C2)C1N=O,518.4106873200374,19.15724607418252
9410,48,14,19,4,11,5740,29,22,16,15,CCC1(C#C[SH]2C(=C(C#N)C#N)C(CN(CC(=O)O)CC(=O)O)CN2S(=O)(=O)O)C(C(=O)[O][Na])SC[SH]1C(=O)O,518.4097517453617,30.750411273930546
9148,46,3,8,20,13,2406,13,19,22,14,CC1:O:C(C=CC=CC2(C(=O)[O][Na]):C:C:S(S(=O)(=O)O):C(C(=O)O):C:2):C:C([O][Na]):N:1N=O,518.3958892342004,31.47502836054819
3471,18,8,23,8,13,2918,15,7,9,16,CCNC1:C(N=O):S:C:C(C=CC=CC2(OC):C:C(CN(CC(=O)O)CC(=O)O):C(N(CC)CC):C:S:2):N:1N=O,518.3811519413205,14.109154615506592
5858,30,11,7,5,16,844,5,7,5,20,COC1:C:S(C=CC=CC=CC2(Cl)C(OC)NCN2N):C:C([O][Na]):C:1Cl,518.3758117460612,21.353050629020558
7999,40,3,8,10,4,4467,23,5,1,2,CC1:O:O:C(C=CC2(Cl)CC(N(C)C)C([SH](=O)=O)C2):C(S(=O)(=O)[O][Na]):C:1N=O,518.3401041093391,12.54400576531266
2410,13,21,13,24,3,1787,9,11,4,22,CCC1:O:C(N)(C=CC(=O)CC(=O)C=CC2:C(Br):C:C(NC(C)=O):S:C:2C(C)C):C:C:C:1S(=O)(=O)O,518.2149644726802,25.25005236005943
1761,9,6,23,15,9,2413,13,13,25,25,CCNC1:C([N+](=O)O):O:C:C(C2:C:C:S(=N):C(=N):C:2NC(C)=O):C:1=C(C#N)C#N,518.2103213282128,12.284330715409222
920,5,7,9,24,20,4140,21,13,7,14,CCN(CC)C1:C:C(C(C)C):C:C(C=C(C)C=CS2:C:C:S(C(=O)O):C(OC):C:2NC(C)=O):S:1OC,518.2040306583074,18.961406555238913
4495,23,12,23,11,15,9462,48,3,10,13,CCNC1C(O)CCC1(N)C=CC=CC[SH]1CC(NC(C)=O)[SH](S(=O)(=O)[O][Na])C1C,518.1966115153076,6.42216685044074
7488,38,10,22,20,15,2807,15,16,22,22,O=C(O)CN(CC(=O)O)CC1(CC=CC=CC2C([O][Na])C(S(=O)(=O)O)SC2S(=O)(=O)[O][Na]):C:C:C:C(S(=O)(=O)O):S:1S(=O)(=O)O,518.1722902982981,28.261307532111147
688,4,15,20,16,4,2382,12,11,26,6,N#CC(C#N)=C1:O:C(C=CC2:C:C([N+](=O)O):C(=O):C:N:2N):C:C(CN(CC(=O)O)CC(=O)O):C:1[O][Na],518.1230327475595,28.84728124429932
2538,13,18,16,9,15,5765,29,12,3,5,CCOC(=O)C1:C(C=CC=CCS2(O)C(Cl)CCN2C):C:S(N(CC)CC):C:C:1CN(CC(=O)O)CC(=O)O,518.1224063940714,22.757469959455392
7911,40,11,24,15,2,7565,38,16,3,19,CC(C)C1:C(N):O:O:C(C=CC(=O)C2(CN(CC(=O)O)CC(=O)O)CC(C(=O)[O][Na])C(C)S2):C:1=C(C#N)C#N,518.060851077445,27.5788074889892
8575,43,1,18,20,15,4007,21,14,8,2,CCOC(=O)N1:C:C:C([O][Na]):C(C=CC=CCS2(C(=O)O):C:C:S([SH](=O)=O):C(N=O):C:2):N:1N(C)C,518.0197280975046,14.048335705237214
8736,44,23,18,24,5,4167,21,25,6,2,CCNN1:S:C(C(=O)OCC):C(C(C)C):C:C:1N=S1:C:C([SH](=O)=O):S([N+](=O)O):C:C:1=N,518.0118286101654,23.5912716850975
2142,11,21,18,23,16,2609,14,3,19,24,CCNC1:C(C=CC=CC=CC2(C):C:C(C(C)C):C:S:C:2C(=O)[O][Na]):C:C:N(Br):C:1C(=O)OCC,517.9629621354967,15.365916824115644
769,4,21,6,13,13,2253,12,2,2,10,CC(=O)NC1:C([N+](=O)O):C:C(Br):O:C:1C=CC=CC1([SH](=O)=O):C:C(S(=O)(=O)[O][Na]):C:C:N:1[SH](=O)=O,517.925176522219,18.499965948685475
1872,10,5,6,20,13,6986,35,22,16,12,O=C(O)CN(CC(=O)O)CC1NCC(O)C1(C=CC=CC1:C:C:C(Cl):N([N+](=O)O):C:1[O][Na])S(=O)(=O)O,517.9199577354092,27.201338283301975
8838,45,4,20,7,17,1898,10,14,20,5,CCS1:S:C(C=CC=CC=CC=CC2(C(=O)O):C:C:N(Cl):C:C:2[O][Na]):C(OC):C:C:1[O][Na],517.9157449579827,11.251243986251646
6272,32,9,6,21,13,301,2,12,14,2,CCN(CC)C1NC([N+](=O)O)C(Br)(C=CC=CC2:C:C([SH](=O)=O):C:C(C(=O)O):C:2O)S1,517.8662170905172,17.804441440495317
5894,30,8,19,11,16,6726,34,4,7,5,CCC1(C=CC=CC=CC2(N)CN(C(=O)[O][Na])C(N=O)N2)CC(Cl)C(OC)N1,517.5847842571784,24.884539701244755
356,2,9,21,6,11,2696,14,21,15,17,CCN(CC)C1:C:C(Br):C([N+](=O)O):C:C:1C#CC1:C:C(C(F)(F)F):C(=C(C#N)C#N):S:C:1Br,517.5262529597214,22.939641954631774
628,4,15,22,11,2,5671,29,7,20,6,CON1C([O][Na])C([N+](=O)O)C[SH]1C(=O)C=CC1:O:C(=C(C#N)C#N):C(S(=O)(=O)O):C:C:1N,517.457956178525,27.16013152282988
4641,24,1,20,10,3,6631,34,19,7,4,CCC1C(OC)CN(C(=O)[O][Na])C1C=CC(=O)CC(=O)C=CC1C(S(=O)(=O)[O][Na])CC([O][Na])N1N(C)C,517.3902348454743,12.88756863979772
8961,45,13,19,7,5,883,5,26,17,16,COC1:C:C:S(C(=O)[O][Na]):S(NC(C)=O):C:1N=S1:C:C(CN(CC(=O)O)CC(=O)O):C(C(F)(F)F):C:C:1=O,517.3806440108499,30.630880860955806
8665,44,3,3,20,17,7485,38,14,16,12,CN1:C(C=CC=CC=CC=CC2(C(=O)O)CC(O)C[SH]2CN(CC(=O)O)CC(=O)O):C:C([O][Na]):C:S:1C,517.3725688210579,14.124550098102468
9423,48,25,1,4,16,4157,21,4,7,23,CCNC1:C:S(C=CC=CC=CC2C(CC)[SH](N(C)C)CS2=N):C:C(CC):S:1OC,517.3685509713965,26.85548665975305
7794,39,21,23,5,16,6798,34,1,22,19,CCNC1:O:C(Br):O:C(C=CC=CC=CC2(N(C)C)NCC(S(=O)(=O)O)C2C(=O)[O][Na]):C:1Cl,517.2981978957189,20.470908806101964
8708,44,19,23,6,2,4015,21,18,19,5,CCNC1:C:S(C(=O)[O][Na]):N:C(C=CC(=O)S2:C:C(Cl):S(C(=O)[O][Na]):C(C(=O)OCC):C:2):C:1[N+](=O)O,517.295863259026,19.35986559350271
6412,33,14,19,15,8,2877,15,19,22,3,CC1:C:C:C(=CC=C2C(=C(C#N)C#N)SC(C(=O)[O][Na])C2C(=O)O):S(C(=O)[O][Na]):C:1S(=O)(=O)O,517.2363795265799,21.318442102117647
7446,38,12,17,21,13,6473,33,17,20,3,CC1C(C=CC=CC2(Br)C(O)SCC2C(F)(F)F)C[SH](C(F)(F)F)C1[O][Na],517.2322045914503,12.357855113775047
2489,13,23,8,13,4,5348,27,24,7,10,CCNC1:C(C=CN2C(S(=O)(=O)[O][Na])C(OC)CN2C(C)C):C:S(NC(C)=O):C:C:1N=O,517.2301645479986,16.12693612002097
2847,15,24,18,10,15,2577,13,25,5,12,CCOC(=O)C1:C(S(=O)(=O)[O][Na]):C:C(C=CC=CCC2:C:C(O):S:C(Cl):C:2=N):C:S:1C(C)C,517.2151379002428,14.379525276881388
1582,8,23,6,14,17,844,5,7,5,20,CCNC1:C:O:C([N+](=O)O):C(C(=O)O):C:1C=CC=CC=CC=CS1:C:C(OC):C(Cl):C([O][Na]):C:1,517.1903702152902,18.052580270502506
6249,32,11,7,19,15,2011,11,2,13,2,COC1NC(C(=O)[O][Na])C(C=CC=CCC2:C:C([SH](=O)=O):C(NC(C)=O):N:C:2[SH](=O)=O)[SH]1N,517.1625732234113,14.892628938036518
2307,12,14,4,10,13,1984,10,16,8,25,CCC1:C:N:C(C(=O)O):C(C=CC=CC2(CN(CC(=O)O)CC(=O)O):C:C:N:C(=N):C:2N=O):C:1S(=O)(=O)[O][Na],517.0968945165118,42.06587644723842
3487,18,14,1,20,7,7542,38,15,9,20,CCN(CC)C1CC([O][Na])C(N=CC2:C([O][Na]):S:C:C(N(C)C):N:2C(=O)O)S1=C(C#N)C#N,517.0654310522013,24.743910784294357
5730,29,17,10,12,18,846,5,25,10,23,CCNC1:C:C:C(S(=O)(=O)[O][Na]):S(=N)(CNC2(O)SN(C(F)(F)F)CC2S(=O)(=O)[O][Na]):C:1,516.9992880033903,9.686840119530778
5144,26,4,10,12,1,400,2,26,15,6,CC[SH]1CCC(S(=O)(=O)[O][Na])C1(O)N=NC1:C:C:C([N+](=O)O):C(=C(C#N)C#N):C:1=O,516.9847654278027,33.247392482717366
8674,44,22,10,1,14,2308,12,13,3,7,COC1:C:C:C:C(NC(C)=O)(OC2:C:C(N(C)C):C(S(=O)(=O)[O][Na]):S(S(=O)(=O)O):N:2):N:1C,516.8751105321753,33.23277500228074
8616,44,7,15,3,20,5322,27,10,15,17,COS1:N:C(C=C(C)C=CN2NC(S(=O)(=O)[O][Na])C(=C(C#N)C#N)C2C(F)(F)F):C(C):C:C:1=C(C#N)C#N,516.847670178325,21.19183975012586
1331,7,10,13,8,13,5726,29,14,13,3,CC(=O)NC1:C:C(S(=O)(=O)[O][Na]):C(C=CC=C[SH]2C(C)CC(NC(C)=O)N2C(=O)O):C(N=O):O:1,516.7406640191087,27.575817683023867
6990,35,4,13,24,3,282,2,20,5,9,CCC1C(NC(C)=O)NC(C(C)C)C1C=CC(=O)CC(=O)C=CC1([O][Na]):C:C:C(N(CC)CC):C(Cl):C:1,516.7247038066588,25.415968146536233
3116,16,26,8,25,17,6714,34,2,11,15,N#CC(C#N)=C1CN(N)C(C=CC=CC=CC=CC2:N:C(=O):C:N(N=O):C:2=N)([SH](=O)=O)C1,516.7004395740032,35.69141381214935
6559,33,24,21,23,1,836,5,13,16,15,CCNC1(N=NS2:C:C:C(=C(C#N)C#N):C(CN(CC(=O)O)CC(=O)O):C:2NC(C)=O)C[SH](Br)CC1C(C)C,516.6815566872066,29.272201262890356
2896,15,8,13,25,20,5615,29,23,20,6,CCNS1(C=CC(C)=CC2:C:C(=N):C(NC(C)=O):S(N=O):C:2)CC([N+](=O)O)CN1[O][Na],516.6512011973801,7.534686945931342
5342,27,6,19,18,13,1513,8,22,7,15,CCOC(=O)C1(C=CC=CC2:C:C(=C(C#N)C#N):C(OC):O:C:2S(=O)(=O)O)NN([N+](=O)O)CC1C(=O)[O][Na],516.6141289414478,33.879438211591655
7597,38,14,20,19,20,6645,34,14,25,17,CC(C=CC1(C(=O)O)CC(C(F)(F)F)C(=N)N1)=CC1(C(=O)[O][Na])CC([O][Na])[SH](C(=O)O)C1,516.6032012835597,20.941952423907033
4008,21,11,3,20,8,5625,29,17,9,10,CCN(CC)C1CN(C(F)(F)F)S(=CC=C2:S:C(N):C:S(C):C:2[O][Na])C1S(=O)(=O)[O][Na],516.5973277230031,21.79980969302611
8674,44,22,10,1,20,2730,14,14,23,5,CCNS1:C:C(Cl):C:C(C=CC(C)=CC2:C:C(N(C)C):C(S(=O)(=O)[O][Na]):S(S(=O)(=O)O):N:2)(C(=O)O):C:1,516.5687650799887,21.069380432009638
460,3,3,17,23,16,7543,38,23,9,10,CCNC1:C(C=CC=CC=CC2SC(NCC)C(N(CC)CC)C2S(=O)(=O)[O][Na]):N:C:C(C):C:1C(F)(F)F,516.5671711303137,15.873877850826146
2604,14,13,18,4,3,6603,34,19,6,13,CCOC(=O)C1:S:C(CC):C:C(C=CC(=O)CC(=O)C=CC2(C(=O)[O][Na])CCC(NC(C)=O)N2[N+](=O)O):C:1NC(C)=O,516.5402954411206,30.4067627321926
4478,23,19,10,14,17,8975,45,1,20,17,CN(C)S1(C=CC=CC=CC=CC2CC(C(=O)[O][Na])C(S(=O)(=O)[O][Na])C2C(=O)O):C:C:C(C(F)(F)F):C:S:1[O][Na],516.5211758085916,13.964913181953175
6717,34,18,21,12,20,7548,38,26,15,22,CCOC(=O)C1C(C=C(C)C=CC2SC(=O)C(=C(C#N)C#N)C2S(=O)(=O)O)C(O)CN1Br,516.4532890949075,17.941628089532934
2903,15,16,6,5,5,5058,26,14,12,6,O=C(O)CN(CC(=O)O)CS1:C:C(N=[SH]2(C(=O)O)CC(O)CC2[N+](=O)O):C(Cl):C:C:1[N+](=O)O,516.2567204373717,20.34736022151656
5273,27,24,25,6,13,9641,49,14,10,10,CC(C)C1NNC(C=CC=CN2ON(C(=O)O)C(S(=O)(=O)[O][Na])C2S(=O)(=O)[O][Na])([N+](=O)O)C1=N,516.2422425629244,15.342967539997797
7447,38,11,5,13,3,6647,34,17,7,20,COC1NC(C=CC(=O)CC(=O)C=CC2C(N)SC(Cl)C2NC(C)=O)(C(F)(F)F)CC1[O][Na],516.240230906018,15.600908877495563
9475,48,5,24,15,9,8930,45,15,24,17,CC(C)C1:C:S(=C(C#N)C#N):S(C2SC(Cl)[SH](C(C)C)C2=C(C#N)C#N):C:C:1C(F)(F)F,516.1795767734756,26.366828735303674
3368,17,1,1,19,17,4117,21,21,25,14,CN(C)C1:N:C(C=CC=CC=CC=CS2:C:C:S(C(=O)O):C(=N):C:2Br):C(C(=O)[O][Na]):O:C:1N(C)C,516.1603056593852,23.833939000862912
7510,38,5,7,7,17,2102,11,20,23,14,CCNC1:N:C(C(=O)O):C:C:C:1(C=CC=CC=CC=CC1(OC)CC[SH](OC)C1Cl)[O][Na],516.0608838150572,12.239730507130838
6211,32,19,4,16,3,1105,6,4,19,16,CCC1:B(C=CC(=O)CC(=O)C=CC2(CN(CC(=O)O)CC(=O)O)CN(CC)C[SH]2C(=O)[O][Na]):C:C:C(CN(CC(=O)O)CC(=O)O):C:1C(=O)[O][Na],516.0566168352981,27.48563599552773
8686,44,5,1,10,16,1078,6,4,8,13,CCC1:C:B(C=CC=CC=CC2:C(S(=O)(=O)[O][Na]):C:C(N(C)C):S:N:2Cl):C:C(NC(C)=O):C:1N=O,516.0531704893194,16.356120370434294
6110,31,24,8,5,17,9473,48,3,18,16,CCOC(=O)C1SC(CN(CC(=O)O)CC(=O)O)CS1(C)C=CC=CC=CC=CC1OC(C(C)C)N(N=O)C1Cl,516.031156166641,24.48422243475108
4606,24,11,6,24,13,4692,24,13,10,13,CC(=O)NC1CN(C=CC=CC2(C(C)C)CC([N+](=O)O)CN2N)C(NC(C)=O)C1S(=O)(=O)[O][Na],516.002853668653,6.382103786070065
2242,12,13,2,18,13,1667,9,20,24,6,CCOC(=O)C1:C:C:C(C=CC=CC2:C:C([N+](=O)O):C(C(C)C):C([O][Na]):O:2):C(NC(C)=O):N:1[SH](=O)=O,515.9464916150857,26.715189925860198
4144,21,19,3,12,3,2896,15,8,13,25,CC(=O)NC1:C(=N):C:C:C(C=CC(=O)CC(=O)C=CC2:S:C(C(=O)[O][Na]):C(C):S:C:2O):S:1N=O,515.8964425867038,30.160360169584518
2570,13,5,21,9,15,8821,45,23,4,18,CCNS1:C:C(CC):C(C(=O)OCC):C:S:1CC=CC=CC1:C:S:C(N(CC)CC):C(Br):C:1Cl,515.8830543410743,17.237580514586707
9222,47,25,7,1,17,1989,10,18,11,12,CCOC(=O)C1:C(C=CC=CC=CC=CC2:O:C(=N):S:C(OC):C:2N(C)C):C:C:N(O):C:1N,515.8592992195559,29.692236597375455
6359,32,24,19,14,16,7459,38,25,12,26,CC(C)[SH]1C(C(=O)[O][Na])NC(C(=O)O)C1C=CC=CC=CC1SC(=N)C(O)C1=O,515.851386248814,19.403708970323297
8965,45,15,5,14,15,7377,37,20,25,8,N#CC(C#N)=S1:C(C=CC=CCC2([O][Na])CC(N=O)OC2=N):C:C:C(C(=O)O):S:1Cl,515.8104008877198,15.406032069748179
7528,38,13,21,21,16,6551,33,25,17,25,CC(=O)NC1C(C=CC=CC=CC2CS(=N)C(C(F)(F)F)C2=N)CC(Br)[SH]1Br,515.7659076569221,13.581341585539871
5602,29,2,19,11,19,983,5,8,13,21,CC(=O)NC1:C:C(Br):C:S(C(=N)C2SN([SH](=O)=O)C(C(=O)[O][Na])C2N):C:1N=O,515.6323223039062,18.77879054645124
7398,37,8,15,18,20,5608,29,21,25,17,CCOC(=O)C1(C=C(C)C=CS2(Br)CC(C(F)(F)F)C(=N)N2)CC(N=O)OC1=C(C#N)C#N,515.6139821486896,35.85433014088231
9534,48,1,10,22,20,6635,34,20,20,8,CC(C=CC1([O][Na])CCC(N=O)N1[O][Na])=CC1(S(=O)(=O)O)SC(N(C)C)SC1S(=O)(=O)[O][Na],515.5959530220708,23.009366755457027
6172,31,24,21,10,20,4655,24,8,22,10,CC(C=CN1C(N=O)C(S(=O)(=O)O)CC1S(=O)(=O)[O][Na])=CC1(S(=O)(=O)[O][Na])CN(Br)C(C(C)C)O1,515.567141706664,12.094953347652623
8693,44,21,19,4,3,6549,33,22,7,12,CCC1:C:C:C(C=CC(=O)CC(=O)C=CC2C(O)C(OC)SC2S(=O)(=O)O):N(Br):S:1C(=O)[O][Na],515.5347651916305,16.387284174708405
6567,33,17,8,16,1,388,2,21,15,11,N#CC(C#N)=C1:C(N):C:C:C:C:1(Br)N=NC1(CN(CC(=O)O)CC(=O)O)CSC(N=O)C1C(F)(F)F,515.4056050967047,22.996267580968087
6855,35,15,18,20,6,5115,26,18,18,5,CCOC(=O)C1CC(C(=O)OCC)S(=CC2CC(=C(C#N)C#N)N(C(=O)OCC)C2[O][Na])C1Cl,515.4021569391816,19.5724473061684
7013,36,5,22,10,20,4181,21,17,5,4,CCC1:C:S(C=CC(C)=CC2C(Cl)OC(S(=O)(=O)O)C2S(=O)(=O)[O][Na]):C(C(F)(F)F):C:S:1Cl,515.33655373202,6.537645558120914
4798,24,16,21,9,19,5012,26,5,19,6,CCN(CC)C1C(C(=N)S2(Cl)CC(C(=O)[O][Na])C([N+](=O)O)C2)NC(CN(CC(=O)O)CC(=O)O)C1Br,515.3253869120952,29.140596110972215
1942,10,6,19,20,16,960,5,21,7,20,COC1:C:S(Br)(C=CC=CC=CC2:C:C([N+](=O)O):C(C(=O)[O][Na]):N([O][Na]):C:2):C:C:C:1[O][Na],515.3000587742844,6.307620565067822
4600,23,3,14,13,3,6918,35,21,19,13,CC(=O)NC1CN(C(=O)[O][Na])C(Br)C1C=CC(=O)CC(=O)C=CC1CC(NC(C)=O)C(C(=O)O)C1C,515.2495214345703,12.292650393597501
7438,38,25,16,6,18,4111,21,15,8,25,N#CC(C#N)=C1:C(N=O):S(=N):C:C:S:1CNC1([N+](=O)O)CSC(=N)C1CN(CC(=O)O)CC(=O)O,515.234398663251,26.550201321225376
16,1,10,8,15,13,9656,49,21,4,5,CCC1C(Cl)N(C=CC=CC2=CC(=C(C#N)C#N)C(N=O)=C2S(=O)(=O)[O][Na])ON1Br,515.2011660165207,30.88401337544114
1480,8,23,24,16,16,2492,13,3,19,4,CCNC1:C(C=CC=CC=CC2(C):C:C(CC):S:C:C:2C(=O)[O][Na]):C:C(CN(CC(=O)O)CC(=O)O):O:C:1C(C)C,515.1253990782346,14.14546656512497
853,5,20,15,19,3,7576,38,24,10,26,CC(C)C1SC(C=CC(=O)CC(=O)C=CC2:C:C(C(=O)[O][Na]):C:C(=C(C#N)C#N):S:2[O][Na])C(=O)C1S(=O)(=O)[O][Na],515.0910273551901,23.015426531837978
8842,45,15,24,16,8,6374,32,10,12,23,CCNC1C[SH](=CC=C2:C:C(CN(CC(=O)O)CC(=O)O):C(C(C)C):S:S:2=C(C#N)C#N)(S(=O)(=O)[O][Na])C(O)N1,515.0541099648972,27.067841561380742
5057,26,9,4,23,16,1930,10,14,17,23,CCNC1C(C=CC=CC=CC2(C(=O)O):C:C:N(NCC):C:C:2C(F)(F)F)SC(N(CC)CC)C1CC,515.0467826204483,18.288515812832202
8673,44,16,1,9,4,4384,22,26,10,9,CCN(CC)C1=C(S(=O)(=O)[O][Na])C(=O)C=C1C=CC1:C(N(CC)CC):C:C:S(N(C)C):N:1CN(CC(=O)O)CC(=O)O,515.0374400231407,22.371397003315167
2432,13,15,4,7,10,6529,33,15,19,2,CCC1:C(=C(C#N)C#N):C:C(=C2CS(=C(C#N)C#N)C(C(=O)[O][Na])C2[SH](=O)=O):C:S:1OC,515.0169610909891,19.30414521287124
3347,17,13,12,20,20,5876,30,25,6,25,CC(=O)NN1:C:C(O):O:C([O][Na]):C:1C=C(C)C=CN1CC(=N)N([N+](=O)O)C1=N,514.9651121554448,6.254200023074861
4386,22,16,15,21,19,2370,12,21,9,2,CCN(CC)N1:C([SH](=O)=O):C:C:C:C:1(Br)C(=N)C1=C(CN(CC(=O)O)CC(=O)O)C(=C(C#N)C#N)C=C1Br,514.88710894453,17.512476719770486
6228,32,11,23,20,17,8809,45,10,10,18,CCNC1NC([O][Na])C(C=CC=CC=CC=CS2:C:C(C(=O)OCC):C(S(=O)(=O)[O][Na]):C(S(=O)(=O)[O][Na]):S:2)[SH]1N,514.7583714257902,20.99274866209569
8977,45,22,3,1,16,6576,33,20,16,15,CC1:C:S:S(S(=O)(=O)O):C(C=CC=CC=CC2CC(=C(C#N)C#N)[SH](CN(CC(=O)O)CC(=O)O)C2[O][Na]):C:1N(C)C,514.7044732923393,23.256198337387033
5398,27,1,2,22,19,2873,15,20,10,8,CN(C)N1CC([SH](=O)=O)C(C(=N)C2([O][Na]):C:C:C(N=O):C(S(=O)(=O)[O][Na]):S:2)(S(=O)(=O)O)N1,514.6657583716665,21.043434554362133
2589,13,4,21,23,7,1863,10,4,18,8,CCNC1:C(C=NC2:C:C(N=O):N:C(C(=O)OCC):C:2CC):C:C(CC):C:S:1Br,514.644903961602,13.830862490641888
9153,46,11,7,7,3,2959,15,19,10,21,COC1:N:C(N):O:C(C=CC(=O)CC(=O)C=CC2:C:C(Br):C(S(=O)(=O)[O][Na]):C(C(=O)[O][Na]):S:2):C:1OC,514.5635904185831,10.576589451391913
7318,37,17,26,17,3,8902,45,1,24,25,CC(C)C1:C(N(C)C):S:S(C=CC(=O)CC(=O)C=CC2(C(F)(F)F)COC(=O)C2C(F)(F)F):C:C:1=N,514.5577122614843,12.58966615490322
6402,33,23,7,19,20,7153,36,21,25,20,CCNC1C[SH](OC)C(C(=O)[O][Na])C1C=C(C)C=CC1(Br)OCC(=N)C1[O][Na],514.5521971267906,34.251522840204906
2046,11,8,4,2,17,2506,13,17,18,6,CCOC(=O)S1:C:C(C(F)(F)F):C(C=CC=CC=CC=CC2:C:C:N([SH](=O)=O):C(CC):C:2N=O):C:C:1[N+](=O)O,514.5292886676713,18.986404853976648
6999,35,10,14,13,3,1996,10,25,11,7,CON1:C:C:C(C=CC(=O)CC(=O)C=CC2(NC(C)=O)C(C(=O)O)NCC2S(=O)(=O)[O][Na]):C(=N):C:1N,514.5094798472959,32.898420738981095
4059,21,14,21,21,10,6698,34,16,10,18,CCOC(=O)C1C(=C2:S:C(C(=O)O):C:S(Br):C:2Br)N(CN(CC(=O)O)CC(=O)O)CC1S(=O)(=O)[O][Na],514.482608093414,41.50795212747413
4451,23,1,8,22,3,263,2,12,20,26,CN(C)C1C(N=O)CC(S(=O)(=O)O)C1C=CC(=O)CC(=O)C=CC1:C:C:C(=O):C([O][Na]):C:1O,514.4556949501914,28.071290577921044
8957,45,13,11,14,17,498,3,26,5,10,CC(=O)NS1:S:C:C(N):C(C(=O)O):C:1C=CC=CC=CC=CN1:C:C(S(=O)(=O)[O][Na]):C:C(Cl):C:1=O,514.3568253840743,23.721353669509156
5030,26,6,1,11,15,6307,32,25,13,16,CC(=O)NN1CC(CN(CC(=O)O)CC(=O)O)[SH](CC=CC=CC2CC(N)C(N(C)C)[SH]2[N+](=O)O)C1=N,514.3228073776444,39.34564284844767
4602,24,9,14,13,8,2272,12,3,24,6,CCN(CC)N1CC(C(=O)O)C(NC(C)=O)C1=CC=C1:C:C([N+](=O)O):C:C(C(C)C):N:1C,514.3064234588664,23.71003081526529
2912,15,8,15,17,13,6444,33,4,20,21,CCC1(C=CC=CC2:C(C(F)(F)F):C:C:S(=C(C#N)C#N):C:2N=O)C(Br)CSC1[O][Na],514.2056517958072,21.53718813979758
2605,14,24,1,4,16,5843,30,14,12,19,CCC1:C:C(C=CC=CC=CN2CC(C(=O)[O][Na])N(O)C2C(=O)O):C(C(C)C):C(N(C)C):S:1,514.1915334510458,31.36874051666506
2514,13,18,25,17,17,7586,38,14,19,18,CCOC(=O)C1:C:C(C=CC=CC=CC=CC2(C(=O)O)SCC(C(=O)[O][Na])C2C(=O)OCC):C(C(F)(F)F):S(=N):C:1,514.1358070926545,18.065422015764454
7521,38,26,11,21,20,7478,38,10,19,2,CC(C=CC1C([SH](=O)=O)C(C(=O)[O][Na])C[SH]1S(=O)(=O)[O][Na])=CC1CC(Br)[SH](N)C1=O,514.0318842584052,10.639268075249571
3052,16,17,14,19,3,2505,13,2,6,22,O=C(C=CC1:C:N(C(=O)[O][Na]):C(C(=O)O):C(C(F)(F)F):N:1)CC(=O)C=CC1:C:C:S(S(=O)(=O)O):C([N+](=O)O):C:1[SH](=O)=O,513.9950706382856,27.200577908843396
8617,44,4,17,12,6,8874,45,9,18,9,CCOC(=O)S1:C:C(N(CC)CC):C:C:S:1(=CC1:C:C(O):C(C(F)(F)F):S(CC):N:1)N(CC)CC,513.9433938678548,22.467691471903027
2756,14,6,9,16,11,6828,35,3,5,21,CCN(CC)C1:C([N+](=O)O):C(C#CC2(C)CC(Br)N(Cl)C2):C:C:S:1CN(CC(=O)O)CC(=O)O,513.9120197460081,25.274111217964997
2229,12,15,22,7,16,5659,29,21,5,16,COC1:C:C(C=CC=CC=C[SH]2C(CN(CC(=O)O)CC(=O)O)C(Cl)CN2Br):C(=C(C#N)C#N):N:C:1S(=O)(=O)O,513.8882723363572,42.69346115764886
2417,13,13,19,15,5,2247,12,13,25,16,CC(=O)NC1:C:C(N=C2:C:C(CN(CC(=O)O)CC(=O)O):C(=N):C(NC(C)=O):N:2):C(=C(C#N)C#N):S(C(=O)[O][Na]):C:1,513.8552818709788,36.34306965439157
839,5,13,20,22,18,806,5,16,16,13,CC(=O)NC1:C:S(CNC2:C(S(=O)(=O)O):C:C:C([O][Na]):S:2NC(C)=O):C(CN(CC(=O)O)CC(=O)O):C:C:1CN(CC(=O)O)CC(=O)O,513.8398470064923,43.92990308062995
1111,6,9,10,1,6,2633,14,23,13,12,CCNC1:S:C(NC(C)=O):C(O):C:C:1=CC1:C:C(N(C)C):C:C(S(=O)(=O)[O][Na]):B:1N(CC)CC,513.83791035468,15.089470944596835
8444,43,17,3,8,20,6359,32,24,19,14,CC(C=CS1(C(C)C)CC(C(=O)O)NC1C(=O)[O][Na])=CC1:C(N=O):C:C(C):N:N:1C(F)(F)F,513.8104267444254,24.7436823216898
521,3,11,10,14,3,825,5,2,16,21,NN1:C:C:C(S(=O)(=O)[O][Na]):C(C(=O)O):C:1C=CC(=O)CC(=O)C=CS1([SH](=O)=O):C:C:C(CN(CC(=O)O)CC(=O)O):C(Br):C:1,513.8006500441223,28.50180747303956
6553,33,25,20,17,3,2896,15,8,13,25,CC(=O)NC1:C(=N):C:C:C(C=CC(=O)CC(=O)C=CC2(C(F)(F)F)CC(=N)[SH]([O][Na])C2):S:1N=O,513.793256413444,28.719852444160058
4663,24,6,4,25,20,898,5,13,9,6,CCC1C(=N)C(C=C(C)C=CS2:C:C([N+](=O)O):C:C(N(CC)CC):C:2NC(C)=O)NC1[N+](=O)O,513.744213673928,31.62311246636869
7438,38,25,16,6,15,1835,10,25,24,5,CC(C)N1:C:C(=N):C(CC=CC=CC2([N+](=O)O)CSC(=N)C2CN(CC(=O)O)CC(=O)O):C:C:1Cl,513.7383589841247,27.45269044185596
3978,20,5,16,16,13,6714,34,2,11,15,N#CC(C#N)=C1CN(N)C(C=CC=CC2:C:S(CN(CC(=O)O)CC(=O)O):C(CN(CC(=O)O)CC(=O)O):C(Cl):O:2)([SH](=O)=O)C1,513.7308748609618,31.36227874641877
3149,16,2,26,20,17,8416,43,10,6,10,O=C1:C([O][Na]):N:C:C(C=CC=CC=CC=CN2:C:C(S(=O)(=O)[O][Na]):C:C([N+](=O)O):N:2S(=O)(=O)[O][Na]):N:1[SH](=O)=O,513.7296775491019,9.905892068152092
3547,18,24,24,22,8,6855,35,15,18,20,CCOC(=O)N1C(=C(C#N)C#N)C(=CC=C2:N:C(C(C)C):C:S(C(C)C):C:2S(=O)(=O)O)CC1[O][Na],513.7255657335547,32.753830072789285
8134,41,19,2,14,16,2071,11,20,13,3,CC(=O)NN1:C:C(C):C:C(C=CC=CC=CC2:O:N:C(C(=O)[O][Na]):C([SH](=O)=O):C:2C(=O)O)([O][Na]):C:1,513.7020732170952,20.586863850078107
8404,43,22,15,9,3,6866,35,12,25,17,CCN(CC)C1:C(C=CC(=O)CC(=O)C=CC2(O)CNC(=N)C2C(F)(F)F):N:N:C(S(=O)(=O)O):C:1=C(C#N)C#N,513.6874847725652,22.273663747673723
1096,6,9,6,21,20,2507,13,12,20,8,CCN(CC)C1:B:C(C=C(C)C=CC2(O):C:C:S(N=O):C:C:2[O][Na]):C(Br):C([N+](=O)O):C:1,513.6808733974996,11.180987824615038
3471,18,8,23,8,3,4144,21,19,3,12,CCNC1:C(N=O):S:C:C(C=CC(=O)CC(=O)C=CS2:C:C(O):S:C(C):C:2C(=O)[O][Na]):N:1N=O,513.6700045413037,21.720843146490207
508,3,19,18,21,15,921,5,10,22,16,CCOC(=O)C1:C(Br):C:C(C=CC=CCS2(S(=O)(=O)[O][Na]):C:C(CN(CC(=O)O)CC(=O)O):C:C:C:2S(=O)(=O)O):N:C:1C(=O)[O][Na],513.6693852841709,23.059900748583182
925,5,20,12,19,17,7235,37,18,1,9,CCOC(=O)C1(C=CC=CC=CC=CC2:S:C([O][Na]):C:C(O):C:2C(=O)[O][Na])COC(N(C)C)C1N(CC)CC,513.6197591688803,14.321198983061267
8912,45,26,8,2,17,9527,48,12,21,1,CN(C)C1C(Br)SCS1(O)C=CC=CC=CC=CC1:C:C([SH](=O)=O):C(N=O):S:S:1=O,513.5509972484535,31.372068233413636
5025,26,19,14,10,14,3068,16,17,23,18,CCNC1:C(C(F)(F)F):N(OC2(S(=O)(=O)[O][Na])CC(C(=O)O)C(C(=O)[O][Na])S2):C:C:N:1C(=O)OCC,513.547667568469,32.67030951985711
7202,37,13,13,5,1,8615,44,24,2,16,CC(=O)NC1COC(NC(C)=O)C1(Cl)N=NN1:C:C(CN(CC(=O)O)CC(=O)O):C([SH](=O)=O):C(C(C)C):S:1,513.5338670355239,18.75943420712764
327,2,9,20,21,15,280,2,17,9,15,CCN(CC)C1:C:C(C=CC=CCC2(C(F)(F)F):C:C(=C(C#N)C#N):C:C:C:2N(CC)CC):C(Br):C:C:1[O][Na],513.5208139258035,18.63106247725394
1192,6,8,16,2,2,2112,11,13,11,12,CC(=O)NC1:N:C(N):C(O):C:C:1C(=O)C=CC1:B:C(N=O):C(CN(CC(=O)O)CC(=O)O):C:C:1[SH](=O)=O,513.5075119890654,20.19757561291225
2561,13,18,22,14,15,5643,29,9,14,20,CCOC(=O)C1:C:C(C=CC=CCS2(N(CC)CC)CC([O][Na])C(C(=O)O)N2):C(C(=O)O):S:C:1S(=O)(=O)O,513.4824885031752,27.573250557891715
838,5,3,5,11,12,8404,43,22,15,9,CCN(CC)C1:C:N(C#CC#CC2:C:C(N):C:C(Cl):S:2C):N:C(S(=O)(=O)O):C:1=C(C#N)C#N,513.4716796022742,16.50559465162114
5818,30,24,23,9,2,828,5,18,10,13,CCNC1NC(N(CC)CC)C(C=CC(=O)S2:C:C(NC(C)=O):C(S(=O)(=O)[O][Na]):C:C:2C(=O)OCC)N1C(C)C,513.3837108638398,14.329818711693873
379,2,20,21,23,3,2363,12,7,22,11,CCNC1:C:C:C(Br):C([O][Na]):C:1C=CC(=O)CC(=O)C=CC1:C:C(N):C(S(=O)(=O)O):C:N:1OC,513.3552482535068,4.704818743411554
8778,44,11,10,20,16,3106,16,19,21,7,COC1:C:N(C=CC=CC=CC2:C([O][Na]):C:C:S(S(=O)(=O)[O][Na]):N:2N):C(C(=O)[O][Na]):C(Br):N:1,513.3320214854217,14.168499433614711
8580,43,22,14,10,13,4098,21,25,11,8,N=C1:C(N):S:C(N=O):C:S:1C=CC=CC1:N:N(S(=O)(=O)O):C:C(C(=O)O):C:1S(=O)(=O)[O][Na],513.3291012749436,25.711250870505868
2923,15,12,21,24,5,5159,26,19,26,1,CC(C)C1:C:C(Br):S(O):C:C:1N=[SH]1(C(=O)[O][Na])CCC(N(C)C)C1=O,513.2850462541148,20.189895306815078
806,5,16,16,13,20,238,2,4,4,5,CCC1:C:C(C=CC(C)=CC2:S:C(CN(CC(=O)O)CC(=O)O):C:C(CN(CC(=O)O)CC(=O)O):C:2NC(C)=O)(CC):C:C:C:1Cl,513.2713147026002,11.859110345330969
9656,49,21,4,5,17,5763,29,15,12,23,CCNC1CC[SH](C=CC=CC=CC=CC2(Cl)NON(Br)C2CC)(=C(C#N)C#N)N1O,513.2647047798356,15.616771106096675
9536,48,9,20,17,7,5111,26,26,12,4,CCC1C[SH](N=CC2C[SH](C(F)(F)F)C([O][Na])[SH]2N(CC)CC)C(=O)C1O,513.2504009578016,25.1288694234496
4588,23,20,24,21,17,1540,8,11,23,14,CCNC1:O:C:C(N)(C=CC=CC=CC=CC2(Br)CC([O][Na])CC2C(C)C):C:C:1C(=O)O,513.2229846280484,20.83818551346804
2453,13,19,18,15,19,1102,6,19,22,11,CCOC(=O)C1:C:S:C(=C(C#N)C#N):C(C(=N)B2:C:C(N):C:C(S(=O)(=O)O):C:2C(=O)[O][Na]):C:1C(=O)[O][Na],513.1621005473108,13.771803516451085
5779,29,1,11,20,15,2428,13,1,24,7,COS1:C:C:C(CC=CC=CC2([O][Na])CCN(N)[SH]2N(C)C)(N(C)C):C(C(C)C):C:1,513.132696689078,15.74005362722735
1558,8,13,4,10,20,3490,18,11,13,23,CCNC1:C:N(C=CC(C)=CC2:C:C(NC(C)=O):O:C(CC):C:2S(=O)(=O)[O][Na]):C(N):C(NC(C)=O):S:1,513.1314262724991,10.904229985885422
1955,10,12,19,4,16,8619,44,15,23,3,CCNC1:C:C(C):C:N(C=CC=CC=CC2:C:N(CC):C(C(=O)[O][Na]):C:C:2O):S:1=C(C#N)C#N,513.0725257345694,21.708066464130937
7917,40,21,25,19,3,7446,38,12,17,21,N=C1:C(Br):O:O:C(C=CC(=O)CC(=O)C=CC2(O)SCC(C(F)(F)F)C2Br):C:1C(=O)[O][Na],513.0261032405194,16.297826083811355
5857,30,11,4,23,20,2015,11,20,10,1,CCNC1(C=C(C)C=CC2:C:C(N(C)C):C(S(=O)(=O)[O][Na]):N:C:2[O][Na])CNC(CC)N1N,512.9704496476893,18.967346517525847
5570,28,18,9,11,20,6538,33,1,20,5,CCOC(=O)N1OC(N)(C=C(C)C=CC2(N(C)C)CSC([O][Na])C2Cl)CC1N(CC)CC,512.9068536227835,12.183391729089507
6713,34,2,9,20,18,9532,48,12,16,3,CCN(CC)C1CN([SH](=O)=O)CC1(NC[SH]1C(C)C[SH](CN(CC(=O)O)CC(=O)O)C1O)[O][Na],512.9067201239548,28.100238450623102
1509,8,21,10,19,20,2514,13,18,25,17,CCOC(=O)C1:C:S(=N):C(C(F)(F)F):C:C:1C=CC(C)=CC1:C:C(Br):O:C(S(=O)(=O)[O][Na]):C:1C(=O)[O][Na],512.8858549163809,13.276294362833388
4042,21,9,23,4,2,9418,48,13,20,4,CCNS1:C:C:S(N(CC)CC):C(C=CC(=O)S2(NC(C)=O)C[SH]([O][Na])CC2CC):C:1CC,512.8402541932691,22.558487759430186
4472,23,3,18,8,17,7527,38,20,2,5,CCOC(=O)C1CC(C)C(C=CC=CC=CC=CC2([O][Na])CC(Cl)C([SH](=O)=O)S2)C1N=O,512.8275576277583,26.840190561069637
1546,8,18,15,6,3,2060,11,13,21,2,CCOC(=O)C1:C:O:C(=C(C#N)C#N):C([N+](=O)O):C:1C=CC(=O)CC(=O)C=CC1(NC(C)=O):C:C:C([SH](=O)=O):N(Br):C:1,512.7930614257355,25.861073458915556
6046,31,3,6,20,20,9583,48,19,10,12,CC(C=C[SH]1C[SH](C(=O)[O][Na])C(S(=O)(=O)[O][Na])C1O)=CC1([O][Na])OCN(C)C1[N+](=O)O,512.7702273315614,24.12040668015277
5782,29,23,10,6,11,864,5,13,11,7,CCNN1SC(C#CS2:C:C(OC):C(N):C:C:2NC(C)=O)C([N+](=O)O)C1S(=O)(=O)[O][Na],512.7094929710408,21.47354435650346
9426,48,2,19,9,1,3068,16,17,23,18,CCNC1:C(C(F)(F)F):N(N=NC2SC([SH](=O)=O)[SH](C(=O)[O][Na])C2N(CC)CC):C:C:N:1C(=O)OCC,512.6642921316286,26.403614042758452
3583,18,3,22,12,17,880,5,15,6,20,CN1:C:C(S(=O)(=O)O):S(O):C:C:1C=CC=CC=CC=CS1(=C(C#N)C#N):C:C:C([N+](=O)O):C([O][Na]):C:1,512.6151485607096,18.25589278580221
2691,14,7,24,9,5,5715,29,19,2,1,CCN(CC)C1:C:C(N=[SH]2(C(=O)[O][Na])CC(N(C)C)C([SH](=O)=O)N2):C:C(OC):S:1C(C)C,512.5945900186168,25.180397707462834
1079,6,6,20,8,20,570,3,5,17,6,CC(C=CN1:C:C([N+](=O)O):C:C(C(F)(F)F):C:1Cl)=CC1:C:C(N=O):C:C([O][Na]):B:1[N+](=O)O,512.5706871109734,17.86268486363706
5037,26,12,24,5,16,2095,11,21,16,23,CCNC1:C:C(C=CC=CC=CC2C(Cl)CC(C(C)C)[SH]2O):C(Br):N:C:1CN(CC(=O)O)CC(=O)O,512.5690261878142,6.901350707777256
1095,6,21,13,4,17,4680,24,5,13,16,CCC1:C(NC(C)=O):C:C:B(Br):C:1C=CC=CC=CC=CN1C(Cl)CC(NC(C)=O)C1CN(CC(=O)O)CC(=O)O,512.4932202768701,20.296062424232176
1055,6,6,25,1,12,5695,29,5,3,10,CN(C)C1:C:C:C(C#CC#CS2(Cl)CC(S(=O)(=O)[O][Na])CN2C):B([N+](=O)O):C:1=N,512.4807918744041,32.09749144501449
7794,39,21,23,5,16,9562,48,4,7,13,CCNC1:O:C(Br):O:C(C=CC=CC=CS2(CC)CC(NC(C)=O)[SH](OC)C2):C:1Cl,512.4332529690819,19.661764840180606
3517,18,12,9,1,2,1978,10,26,20,23,CCNN1:C:C:C(C(=O)C=CC2:C(N(C)C):S(N(CC)CC):C:C:N:2O):C(=O):C:1[O][Na],512.4143463260914,13.549475063508737
1966,10,19,12,4,17,7595,38,15,18,4,CCOC(=O)C1CC(CC)C(C=CC=CC=CC=CC2:C:C(C(=O)[O][Na]):C(O):N:C:2CC)S1=C(C#N)C#N,512.4016878460426,23.198040211447303
8866,45,18,16,5,20,1957,10,6,11,11,CCOC(=O)S1:S:C(C=C(C)C=CC2([N+](=O)O):C:C:N(N):C:C:2N):C(Cl):C:C:1CN(CC(=O)O)CC(=O)O,512.2764139721542,20.950901194190376
6855,35,15,18,20,6,8955,45,10,4,25,CCOC(=O)N1C(=C(C#N)C#N)CC(C=S2:C:C(=N):C(CC):C(S(=O)(=O)[O][Na]):S:2)C1[O][Na],512.2572456740429,26.875880737570608
8735,44,23,15,23,20,970,5,18,14,16,CCNC1:C(C=C(C)C=CS2(C(=O)OCC):C:C(CN(CC(=O)O)CC(=O)O):C:C:C:2C(=O)O):N:S(NCC):C:C:1=C(C#N)C#N,512.2571809545349,27.43926889852297
6239,32,17,11,20,13,7146,36,4,18,9,CCOC(=O)C1C(CC)OC(C=CC=CC2CN([O][Na])C(N)[SH]2C(F)(F)F)C1N(CC)CC,512.2549714539172,9.932398819540381
5430,28,23,16,12,13,6547,33,14,18,15,CCNN1OC(O)(C=CC=CC2C(=C(C#N)C#N)C(C(=O)OCC)SC2C(=O)O)CC1CN(CC(=O)O)CC(=O)O,512.2454355386442,18.748787681304336
3149,16,2,26,20,3,1100,6,25,2,9,CCN(CC)C1:C:B(C=CC(=O)CC(=O)C=CC2:C:N:C([O][Na]):C(=O):N:2[SH](=O)=O):C(=N):C:C:1[SH](=O)=O,512.2328959813628,18.164846067903856
9471,48,26,25,23,16,8857,45,12,1,24,CCN[SH]1CC(C=CC=CC=CS2:C:C(C(C)C):C(N(C)C):C:S:2O)S(=O)C1=N,512.203475310487,7.240996769744053
7322,37,4,2,4,7,1718,9,9,12,10,CCC1CC(C=NC2(N(CC)CC):C:C:C(S(=O)(=O)[O][Na]):C(O):O:2)(CC)C([SH](=O)=O)O1,512.1821677487286,21.522831171410733
6122,31,24,12,9,17,907,5,7,16,16,CCN(CC)C1(C=CC=CC=CC=CS2:C:C(CN(CC(=O)O)CC(=O)O):C(CN(CC(=O)O)CC(=O)O):C(OC):C:2)OCN(C(C)C)C1O,512.1770140484675,29.714115576956804
344,2,10,22,11,3,6260,32,11,1,7,COC1C(N(C)C)N(N)C[SH]1C=CC(=O)CC(=O)C=CC1:C:C(N):C:C(S(=O)(=O)O):C:1S(=O)(=O)[O][Na],512.132856832014,23.632829042876452
9041,46,23,25,22,16,2838,15,10,19,11,CCNN1:C:O:C(C=CC=CC=CC2:C:C(N):C(C(=O)[O][Na]):C(S(=O)(=O)[O][Na]):S:2):C(S(=O)(=O)O):C:1=N,512.131983678107,16.095390087811765
4093,21,19,10,23,20,233,2,11,3,26,CCNC1:S:C:C(S(=O)(=O)[O][Na]):S(C(=O)[O][Na]):C:1C=C(C)C=CC1:C:C:C(=O):C(C):C:1N,512.1309732801237,15.811177562807806
2141,11,22,16,21,16,6314,32,24,23,6,CCNC1N([N+](=O)O)CCS1(C=CC=CC=CC1:C:C(Br):N(CN(CC(=O)O)CC(=O)O):C:C:1S(=O)(=O)O)C(C)C,512.0402306938502,23.523681818171095
8812,45,4,15,23,16,1385,7,5,3,4,CCNC1:C(C=CC=CC=CC2:C:C(CC):O:C(C):C:2Cl):S:S(CC):C:C:1=C(C#N)C#N,512.030337287333,41.525010674424514
7432,38,10,26,11,15,2505,13,2,6,22,NC1C(=O)[SH](S(=O)(=O)[O][Na])CC1C=CC=CCC1:C:C:S(S(=O)(=O)O):C([N+](=O)O):C:1[SH](=O)=O,512.02176156534,21.471584584284045
9124,46,6,21,8,16,4121,21,4,10,7,CCS1(C=CC=CC=CC2:C:C(N=O):N(Br):C([N+](=O)O):O:2):C:C:S(OC):C:C:1S(=O)(=O)[O][Na],512.0013920149831,19.737004881759713
343,2,23,10,9,2,2142,11,21,18,23,CCNC1:C:C:C(C=CC(=O)C2:C:C(NCC):C(C(=O)OCC):N(Br):C:2):C(N(CC)CC):C:1S(=O)(=O)[O][Na],511.9512323770161,16.699241961298988
7496,38,14,26,19,16,2113,11,19,13,11,CC(=O)NN1:C:C(C=CC=CC=CC2(C(=O)[O][Na])C[SH](C(=O)O)CC2=O)(C(=O)[O][Na]):C:C:C:1N,511.94810519731953,15.207919640665468
422,3,19,22,23,18,8739,44,4,13,15,CCNC1:C:C(NCN2:C:C(=C(C#N)C#N):C(NC(C)=O):C(CC):S:2):N(C(=O)[O][Na]):C(S(=O)(=O)O):C:1,511.8085486631832,24.118717686309015
6337,32,4,22,16,13,2210,12,9,15,10,CCN(CC)C1(C=CC=CC2(CN(CC(=O)O)CC(=O)O)CN(S(=O)(=O)O)C[SH]2CC):C:C:C(S(=O)(=O)[O][Na]):C(=C(C#N)C#N):N:1,511.79540627019225,39.64032171471333
6927,35,12,7,5,3,6854,35,15,9,16,CCN(CC)N1C(=C(C#N)C#N)C(C=CC(=O)CC(=O)C=CC2CC(O)N(OC)C2Cl)CC1CN(CC(=O)O)CC(=O)O,511.7833677225729,7.634959335957919
8986,45,11,11,5,16,2639,14,18,11,10,CCOC(=O)S1:C:C(C=CC=CC=CC2:S:S(N):C(N):C:C:2Cl):C:C(S(=O)(=O)[O][Na]):C:1N,511.7484435483222,19.694332736478945
8801,45,10,20,3,20,7003,36,8,26,9,CCN(CC)C1CC(C=CC(C)=CC2:S:S(S(=O)(=O)[O][Na]):C([O][Na]):C:C:2C)(N=O)OC1=O,511.7359809020979,16.108054112306057
2611,14,17,23,9,20,2835,15,10,18,25,CCNS1:C:C(N(CC)CC):C(C=C(C)C=CC2:C:C(=N):C(C(=O)OCC):C:S:2S(=O)(=O)[O][Na]):C:C:1C(F)(F)F,511.6810289110441,15.388083399671933
4541,23,2,2,6,15,6337,32,4,22,16,CCS1(CC=CC=CC2C([N+](=O)O)C([SH](=O)=O)CC2[SH](=O)=O)CN(S(=O)(=O)O)CC1CN(CC(=O)O)CC(=O)O,511.6720621677755,28.901612593480333
8748,44,6,6,6,3,1878,10,2,9,3,CCN(CC)C1:C:C(C=CC(=O)CC(=O)C=CC2:N:S([N+](=O)O):C([N+](=O)O):C:C:2[N+](=O)O)([SH](=O)=O):C:C:N:1C,511.66365508196793,10.226443483961258
8753,44,19,6,21,13,4143,21,18,17,20,CCOC(=O)S1(C=CC=CC2:C(Br):C:C:S([N+](=O)O):N:2C(=O)[O][Na]):C:C:S:C([O][Na]):C:1C(F)(F)F,511.49674370467693,15.614699286095107
3569,18,2,9,7,16,9558,48,5,15,5,CCN(CC)C1:C:N([SH](=O)=O):C(C=CC=CC=C[SH]2C[SH](Cl)C(=C(C#N)C#N)C2Cl):C(OC):S:1,511.4811971587953,37.106673403874915
6781,34,6,22,6,18,951,5,14,20,20,O=C(O)C1:C([O][Na]):C:C([O][Na]):C:S:1CNC1([N+](=O)O)C([N+](=O)O)NCC1S(=O)(=O)O,511.47556452804736,23.023328394072315
844,5,7,5,20,17,944,5,17,13,3,COC1:C:S:C(C=CC=CC=CC=CS2:C:C:C(C):C(NC(C)=O):C:2C(F)(F)F):C([O][Na]):C:1Cl,511.460917037366,26.965506308739812
8885,45,7,9,18,13,5101,26,7,20,7,CCOC(=O)C1:C(N(CC)CC):C:S:S(OC):C:1C=CC=CS1(OC)CC(OC)CC1[O][Na],511.38785070375855,13.022867993347946
3136,16,12,18,17,17,282,2,20,5,9,CCOC(=O)N1:C:C:N(O):C(C=CC=CC=CC=CC2([O][Na]):C:C:C(N(CC)CC):C(Cl):C:2):C:1C(F)(F)F,511.36857608601474,18.459150764135916
4582,23,14,21,3,4,8862,45,10,11,9,CCN(CC)C1:C:C:S(C=CC2(C)CCC(Br)C2C(=O)O)(S(=O)(=O)[O][Na]):S:C:1N,511.3666422006292,15.869590670138214
6281,32,13,10,1,17,440,3,23,14,13,CCNC1:C:N(C=CC=CC=CC=CC2(N(C)C)C(S(=O)(=O)[O][Na])NC[SH]2NC(C)=O):C:C(NC(C)=O):C:1C(=O)O,511.33055802206417,11.768795680666425
3896,20,26,21,24,1,4588,23,20,24,21,CC(C)C1:C(N=NC2C([O][Na])CC(C(C)C)C2Br):O:C(=O):C:S:1Br,511.24570240949595,23.119506715457952
3538,18,10,9,17,17,1100,6,25,2,9,CCN(CC)C1:C:B(C=CC=CC=CC=CC2:C(C(F)(F)F):S(N(CC)CC):C:C:N:2S(=O)(=O)[O][Na]):C(=N):C:C:1[SH](=O)=O,511.24259163671985,20.592325437077214
887,5,11,1,21,20,6501,33,3,13,12,CC(=O)N[SH]1CC(C)(C=CC(C)=CC2:C(Br):C:C:C(N(C)C):S:2N)CC1O,511.1987079175111,16.39187822852023
2666,14,6,7,21,1,979,5,11,15,17,COS1:C(Br):C:C(N=NS2(N):C:C(C(F)(F)F):C:C:C:2=C(C#N)C#N):C:C:1[N+](=O)O,511.19052919438707,18.25956074248435
5049,26,24,1,14,20,5845,30,11,10,25,CC(C=CN1CC(=N)N(S(=O)(=O)[O][Na])C1N)=CC1(C(=O)O)C(N(C)C)CC[SH]1C(C)C,511.1890147519367,20.951957015979932
4099,21,5,21,8,10,214,2,10,25,18,CCOC(=O)C1:C:C(=C2:C:S(N=O):C(Br):C(Cl):S:2):C(S(=O)(=O)[O][Na]):C:C:1=N,511.1732571909185,25.182944764751532
1035,6,8,18,8,13,8972,45,10,23,15,CCNC1:C(=C(C#N)C#N):C:C:S(C=CC=CC2:C:C:C(N=O):C(C(=O)OCC):B:2N=O):S:1S(=O)(=O)[O][Na],511.1216619642184,32.97009470756132
8694,44,11,16,25,2,2157,11,19,19,18,CCOC(=O)C1:C:N:C(C(=O)[O][Na]):C(C(=O)C=CC2:N:S:C(N):C(CN(CC(=O)O)CC(=O)O):C:2=N)(C(=O)[O][Na]):C:1,511.1117117543023,28.22073119564228
1998,10,4,20,2,20,2636,14,20,8,8,CCC1:C([O][Na]):C:N:C([SH](=O)=O):C:1C=C(C)C=CC1:C:C(N=O):C:S(N=O):C:1[O][Na],511.1045188284153,15.192523481039913
1025,6,22,15,25,3,8596,43,23,1,25,CCNN1:C(N(C)C):C(=N):C:C:N:1C=CC(=O)CC(=O)C=CC1:B(S(=O)(=O)O):C:C(=C(C#N)C#N):C:C:1=N,511.0937315270741,12.553634268717477
6866,35,12,25,17,4,2237,12,21,15,15,N#CC(C#N)=C1:C:C(C=CC2(C(F)(F)F)C(=N)NCC2O):N(Br):C:C:1=C(C#N)C#N,511.0882454860448,14.285060501445344
6228,32,11,23,20,14,9490,48,9,9,19,CCNC1NC([O][Na])C(OS2(N(CC)CC)C(C(=O)[O][Na])CSC2N(CC)CC)[SH]1N,511.0663578630424,29.486337534987367
2049,11,23,19,23,2,2161,11,13,20,12,CCNC1:C(C=CC(=O)C2:C:C(O):C([O][Na]):N(NC(C)=O):C:2):C:C:N(NCC):C:1C(=O)[O][Na],511.05762734667707,15.555090732895216
8735,44,23,15,23,4,7452,38,9,20,2,CCNC1:C(C=CC2SC(N(CC)CC)C([O][Na])C2[SH](=O)=O):N:S(NCC):C:C:1=C(C#N)C#N,511.0560335848545,14.360526467298605
8999,45,8,13,12,16,6203,32,9,16,5,CCN(CC)C1N(CN(CC(=O)O)CC(=O)O)C(Cl)C[SH]1C=CC=CC=CC1:C(O):C:C(NC(C)=O):S:S:1N=O,511.0501216522387,24.014569799121716
5347,27,2,24,18,3,5710,29,24,2,10,CCOC(=O)C1(C=CC(=O)CC(=O)C=C[SH]2C(S(=O)(=O)[O][Na])CC([SH](=O)=O)N2C(C)C)C(C(C)C)CNN1[SH](=O)=O,511.04736880586233,19.059498636719937
1187,6,12,17,11,13,6547,33,14,18,15,CCOC(=O)C1SC(C(=O)O)C(C=CC=CC2:B:C(O):C(C(F)(F)F):C:C:2N)C1=C(C#N)C#N,511.0165735448797,12.406791944144521
2960,15,5,5,1,15,910,5,15,4,11,CCC1:C:C(N):C:S(CC=CC=CC2:C:C:C(N(C)C):S(Cl):C:2Cl):C:1=C(C#N)C#N,511.00479048864526,29.108434945018015
332,2,26,17,6,15,3410,18,10,12,12,O=C1:C(C(F)(F)F):C:C:C([N+](=O)O):C:1C=CC=CCN1:C:C(O):S:C(O):C:1S(=O)(=O)[O][Na],510.99257181914,28.385067654127514
5189,26,15,15,3,18,9404,48,12,22,17,CC1(NC[SH]2C[SH](O)C(S(=O)(=O)O)C2C(F)(F)F)CC(=C(C#N)C#N)C(=C(C#N)C#N)S1,510.9803762466283,31.443217135341744
6900,35,17,6,20,3,7293,37,13,8,21,CC(=O)NC1(C=CC(=O)CC(=O)C=CC2([O][Na])CNC([N+](=O)O)C2C(F)(F)F)C(Br)COC1N=O,510.9705340420784,17.48110424067043
2706,14,22,25,7,13,2965,15,9,19,26,CCN(CC)C1:S:C(C=CC=CC2:C(OC):C:S(=N):C:C:2S(=O)(=O)O):C:C(=O):C:1C(=O)[O][Na],510.9195193808012,26.082041152081196
220,2,4,3,11,19,4683,24,14,10,15,CCC1:C:C(C):C(N):C:C:1C(=N)N1CC(=C(C#N)C#N)C(S(=O)(=O)[O][Na])C1C(=O)O,510.86866420682753,27.27536831575718
8242,42,23,9,6,16,361,2,19,19,7,CCNS1:O:C(C=CC=CC=CC2(C(=O)[O][Na]):C:C:C(C(=O)[O][Na]):C(OC):C:2):C([N+](=O)O):C:C:1N(CC)CC,510.8321715536067,15.814538339965251
1821,10,14,13,17,2,4252,22,25,1,16,CC(=O)NN1:C:C(C(=O)O):C:C(C=CC(=O)C2=C(CN(CC(=O)O)CC(=O)O)C(N(C)C)=CC2=N):C:1C(F)(F)F,510.8315357318499,19.026631929685674
8737,44,9,23,17,16,7151,36,7,1,10,CCNS1:C:C(C(F)(F)F):C:C(C=CC=CC=CC2(OC)OCC(N(C)C)C2S(=O)(=O)[O][Na]):N:1N(CC)CC,510.8156268126551,22.47919433456485
8780,44,21,10,3,17,244,2,9,2,24,CCN(CC)C1(C=CC=CC=CC=CC2:C:C(C):C(S(=O)(=O)[O][Na]):S:N:2Br):C:C:C:C(C(C)C):C:1[SH](=O)=O,510.77716545426773,23.179159138078784
3131,16,25,9,14,16,2840,15,8,19,19,CCN(CC)N1:C:C(=N):N:C(C=CC=CC=CC2(N=O):C:C:C(C(=O)[O][Na]):C(C(=O)[O][Na]):S:2):C:1C(=O)O,510.75988203476516,19.915068502631097
4022,21,2,3,14,16,3523,18,2,20,26,CC1:C:S([SH](=O)=O):C(C=CC=CC=CN2:C:C:S(=O):C([O][Na]):C:2[SH](=O)=O):C:S:1C(=O)O,510.74022395403045,24.102585976968236
4968,25,4,3,16,16,2440,13,23,10,26,CCNC1:C:C(C=CC=CC=CC2(CN(CC(=O)O)CC(=O)O)OCC(CC)C2C):C:C(=O):S:1S(=O)(=O)[O][Na],510.7139278250361,36.440458285569434
4565,23,17,13,19,20,6599,33,19,23,12,CCNC1SCC(C=CC(C)=CC2(C(=O)[O][Na])CCC(NC(C)=O)C2C(F)(F)F)(C(=O)[O][Na])C1O,510.7035099830371,19.907303545985815
9095,46,10,19,24,15,6846,35,11,10,12,CC(C)C1:C:C(C=CC=CCC2(N)CC(O)N(S(=O)(=O)[O][Na])C2):O:C(S(=O)(=O)[O][Na]):N:1C(=O)[O][Na],510.6961787895704,29.731944948669916
4022,21,2,3,14,12,7281,37,2,9,20,CCN(CC)C1OC([O][Na])CC1(C#CC#CC1:C:S(C(=O)O):C(C):C:S:1[SH](=O)=O)[SH](=O)=O,510.6582665524873,26.58255382685081
905,5,12,5,13,4,8913,45,7,6,22,COS1:C:C([N+](=O)O):C(S(=O)(=O)O):C:S:1C=CC1:C(NC(C)=O):C(Cl):C:C:S:1O,510.63198737188594,3.5461350777760994
8979,45,19,12,20,13,945,5,11,25,13,CC(=O)NC1:C:C:S(N)(C=CC=CC2:C:C([O][Na]):C(O):S:S:2C(=O)[O][Na]):C(=N):C:1,510.62828194923003,10.654003448296741
2764,14,12,1,10,12,5710,29,24,2,10,CC(C)N1C([SH](=O)=O)CC(S(=O)(=O)[O][Na])[SH]1C#CC#CC1:C:C:S(S(=O)(=O)[O][Na]):C(N(C)C):C:1O,510.6092452081334,29.42985598224159
9595,48,11,25,22,16,5176,26,23,23,13,CCNC1CC(NCC)[SH](C=CC=CC=CC2(S(=O)(=O)O)SC(N)SC2=N)C1NC(C)=O,510.53368902551017,13.947346571785614
939,5,4,10,24,19,8811,45,10,4,15,CCC1:C:C(=C(C#N)C#N):C:S(C(=N)C2:C(C(C)C):C:C:C(S(=O)(=O)[O][Na]):S:2CC)(S(=O)(=O)[O][Na]):S:1,510.5245309037515,6.735687577393741
1927,10,1,16,12,3,6514,33,3,25,4,CCC1C(=N)SCC1(C)C=CC(=O)CC(=O)C=CC1:C(N(C)C):C:C:N(CN(CC(=O)O)CC(=O)O):C:1O,510.5242881222483,21.315478755121543
1759,9,20,7,20,17,3257,17,22,25,8,COC1:C:C([O][Na]):C(C=CC=CC=CC=CN2:C:C(N=O):O:C(=N):C:2S(=O)(=O)O):C([O][Na]):O:1,510.5100342565362,21.648995041171762
2276,12,3,5,15,2,6580,33,2,10,20,CC1:N:C:C(C=CC(=O)C2([SH](=O)=O)CC([O][Na])SC2S(=O)(=O)[O][Na]):C(=C(C#N)C#N):C:1Cl,510.49904811283125,19.832842442018613
2211,12,19,13,14,20,4179,21,23,16,6,CCNC1:C:S(C=CC(C)=CC2:C:C(C(=O)O):C(NC(C)=O):N(C(=O)[O][Na]):C:2):C:C([N+](=O)O):S:1CN(CC(=O)O)CC(=O)O,510.4647932195814,31.812152755398873
2275,12,24,18,18,3,3189,16,5,23,14,CCNN1:C:C(Cl):N(C=CC(=O)CC(=O)C=CC2:C:N(C(C)C):C(C(=O)OCC):C:C:2C(=O)OCC):C:C:1C(=O)O,510.41571919285815,15.102331802523144
8457,43,21,16,21,2,316,2,3,16,11,CC1:C:C(C(=O)C=CC2:C(Br):C:C:N(CN(CC(=O)O)CC(=O)O):N:2Br):C:C(N):C:1CN(CC(=O)O)CC(=O)O,510.39776802916083,8.458243059951096
8914,45,18,11,7,14,2957,15,9,16,17,CCOC(=O)S1:C(OC2(N(CC)CC):C:C:C(C(F)(F)F):C(CN(CC(=O)O)CC(=O)O):S:2):C(OC):C:C:S:1N,510.34755444378453,17.41329617870391
6760,34,21,26,16,9,1779,9,12,17,20,O=C(O)CN(CC(=O)O)CC1(C2(O):C:C:C([O][Na]):C(C(F)(F)F):O:2)CC(=O)N(Br)C1,510.34468550129543,24.300465110890926
6457,33,1,23,14,18,7281,37,2,9,20,CCN[SH]1CC(N(C)C)C(NCC2([SH](=O)=O)CC([O][Na])OC2N(CC)CC)(C(=O)O)C1,510.32411933266405,28.29917912563405
6482,33,11,10,9,18,7476,38,17,5,9,CCN(CC)C1CC(CNC2(N(CC)CC)CC(N)SC2S(=O)(=O)[O][Na])(C(F)(F)F)SC1Cl,510.3055698126658,24.812846478583424
8516,43,7,11,9,15,1858,10,5,12,19,CCN(CC)C1:C:C(C=CC=CCC2:C:C:N(C(=O)[O][Na]):C(O):C:2Cl):N:N(OC):C:1N,510.2969901491322,23.325464007238537
3158,16,22,25,10,16,5052,26,10,9,2,CCN(CC)C1CC([SH](=O)=O)[SH](C=CC=CC=CC2:C:N(S(=O)(=O)[O][Na]):C(=N):C(S(=O)(=O)O):N:2)C1S(=O)(=O)[O][Na],510.2535488876782,13.929471455952605
4930,25,8,21,18,13,6236,32,17,19,11,CCOC(=O)C1(C=CC=C[SH]2C(N)CN(C(=O)[O][Na])C2C(F)(F)F)OC(N=O)CC1Br,510.2477619442335,16.812020979107864
8769,44,24,14,4,6,286,2,4,20,16,CCC1:C:C(C(=O)O):S(C(C)C):N:C:1C=C1:C:C(CN(CC(=O)O)CC(=O)O):C([O][Na]):C:C:1CC,510.20162826244814,11.450915795091982
2731,14,9,20,12,8,8940,45,15,5,25,CCN(CC)C1:C([O][Na]):S:C(O):C:C:1=CC=S1(=C(C#N)C#N):C:C(=N):C:C(Cl):S:1,510.1911137560601,21.520586892451778
3023,16,7,10,11,13,4113,21,13,6,9,CCN(CC)C1:C:S(C=CC=CC2:C(N):N:C:C(S(=O)(=O)[O][Na]):N:2OC)(NC(C)=O):C([N+](=O)O):C:S:1,510.1660231388995,22.293073009099423
4089,21,13,1,1,8,7341,37,9,25,10,CCN(CC)C1OC(=N)C(S(=O)(=O)[O][Na])C1=CC=C1:C(N(C)C):S:C:C(N(C)C):S:1NC(C)=O,510.1660130303202,15.615525683825869
2737,14,18,19,17,14,7499,38,14,11,24,CCOC(=O)C1:C:S(C(=O)[O][Na]):C:C(C(F)(F)F):C:1OC1(C(=O)O)SCC(N)C1C(C)C,510.1584009069388,23.93363146438126
8526,43,9,11,22,11,6722,34,19,22,3,CCN(CC)N1:C(C#CC2(C(=O)[O][Na])NC(S(=O)(=O)O)CC2C):C:C(S(=O)(=O)O):C:N:1N,510.14272964920895,21.498079847100335
950,5,23,12,17,9,7415,38,7,4,20,CCNS1:C:C(O):C:C(C(F)(F)F):C:1C1SC(OC)C(CC)C1[O][Na],510.1284870733606,8.899363047460815
8577,43,19,13,10,4,545,3,9,12,13,CCN(CC)C1:C(O):C:C(NC(C)=O):C:N:1C=CC1:C(S(=O)(=O)[O][Na]):C:C(NC(C)=O):N:N:1C(=O)[O][Na],509.99442214309767,8.312462966758535
6810,35,15,24,21,20,5764,29,9,17,21,CCN(CC)S1(C=CC(C)=CC2CN(Br)C(C(C)C)C2=C(C#N)C#N)NCC(C(F)(F)F)C1Br,509.98181821449634,26.213459404142935
8654,44,23,18,20,8,6760,34,21,26,16,CCNN1:S:C(C(=O)OCC):C:C([O][Na]):C:1=CC=C1C(CN(CC(=O)O)CC(=O)O)CC(=O)N1Br,509.97817985649834,34.51773758082287
2218,12,13,13,10,20,2679,14,19,20,2,CC(=O)NC1:C(S(=O)(=O)[O][Na]):C:C(C=C(C)C=CC2(C(=O)[O][Na]):C:S:C([O][Na]):C([SH](=O)=O):C:2):C:N:1NC(C)=O,509.91885926480825,23.285168138823906
2344,12,17,24,20,3,6341,32,1,7,12,COC1NC(O)CS1(C=CC(=O)CC(=O)C=CC1:C:N(C(F)(F)F):C(C(C)C):C:C:1[O][Na])N(C)C,509.90041185021926,12.716707303362499
6728,34,14,2,23,15,9566,48,7,24,19,CCNC1(C=CC=CCS2(OC)CSC(C(C)C)C2C(=O)[O][Na])CNC(C(=O)O)C1[SH](=O)=O,509.89316856967946,33.31071916858634
2177,11,5,17,17,20,3072,16,22,14,20,CC(C=CN1:C:C([O][Na]):N:C(C(=O)O):C:1S(=O)(=O)O)=CC1:C:C(Cl):N(C(F)(F)F):C:C:1C(F)(F)F,509.8668794140329,26.215306222663656
4528,23,10,25,17,15,3454,18,9,18,4,CCOC(=O)S1:C(CC):C:N(CC=CC=CC2CC(C(F)(F)F)C(=N)C2S(=O)(=O)[O][Na]):C:C:1N(CC)CC,509.86255572420595,31.775630080325353
923,5,9,14,12,16,6492,33,10,9,8,CCN(CC)C1:S:C(C=CC=CC=CC2(S(=O)(=O)[O][Na])CC(N=O)[SH](N(CC)CC)C2):C:C(O):C:1C(=O)O,509.8117264425764,19.785323195646626
4471,23,21,7,15,10,5080,26,4,20,19,CCC1CS(=C2C(=C(C#N)C#N)C(OC)CC2Br)C(C(=O)[O][Na])C1[O][Na],509.7633378880655,17.212657285219418
6703,34,2,19,11,13,5733,29,12,13,1,CC(=O)NN1C(N(C)C)CCS1(O)C=CC=CC1(N)CC(C(=O)[O][Na])NC1[SH](=O)=O,509.7570406707475,20.90097658907506
932,5,22,20,14,2,2182,11,18,9,10,CCOC(=O)C1(C(=O)C=CC2:S:C(S(=O)(=O)O):C:C([O][Na]):C:2C(=O)O):C:N:C(N(CC)CC):C(S(=O)(=O)[O][Na]):C:1,509.74628995478025,21.536658694393672
6886,35,2,7,10,13,1818,10,9,23,2,CCNC1:N:C([SH](=O)=O):C:C(C=CC=CC2(S(=O)(=O)[O][Na])CCN([SH](=O)=O)C2OC):C:1N(CC)CC,509.72411234330536,17.858976998588503
1141,6,5,4,23,19,83,1,15,6,3,CCNC1:C:C(CC):B(Cl):C(C(=N)C2=CC(C)=C([N+](=O)O)C2=C(C#N)C#N):C:1,509.71137492573797,18.07803402952012
9551,48,23,25,24,14,829,5,12,21,15,CCN[SH]1CSC(=N)C1(OS1(O):C:C(=C(C#N)C#N):C:C:C:1Br)C(C)C,509.693639245579,28.212801299906484
9523,48,23,7,21,19,911,5,16,3,9,CCNC1SC(Br)(C(=N)S2:C:C(N(CC)CC):C(C):C:C:2CN(CC(=O)O)CC(=O)O)C[SH]1OC,509.5787810727121,19.777375742274277
8522,43,10,2,25,16,1356,7,5,14,9,CCN(CC)C1:C:C(Cl)(C=CC=CC=CC2:N:N:C(S(=O)(=O)[O][Na]):C([SH](=O)=O):C:2=N):C(C(=O)O):C:O:1,509.5740692479009,21.069393928651618
9237,47,12,16,21,8,6498,33,2,2,6,O=C(O)CN(CC(=O)O)CS1:C(Br):C:C(=CC=C2C([N+](=O)O)C([SH](=O)=O)SC2[SH](=O)=O):O:C:1O,509.5472168447066,29.936043582590692
1891,10,7,20,10,16,6447,33,3,13,19,COC1:C:C(C=CC=CC=CC2C[SH](C)C(NC(C)=O)C2C(=O)[O][Na]):C(S(=O)(=O)[O][Na]):N:C:1[O][Na],509.5268561198498,12.28147163406219
4415,23,16,21,20,7,9597,48,25,9,1,CCN(CC)C1SC[SH](=N)(N=CC2C(CN(CC(=O)O)CC(=O)O)CC(Br)C2[O][Na])C1N(C)C,509.47812794374556,26.290540462763275
1848,10,13,14,10,17,7499,38,14,11,24,CC(=O)NC1:C:C(C=CC=CC=CC=CC2(C(=O)O)SCC(N)C2C(C)C):C(S(=O)(=O)[O][Na]):N(C(=O)O):C:1,509.4756233216332,24.151843093920743
5731,29,22,2,19,10,9000,45,23,13,16,CCNS1(=C2C(C(=O)[O][Na])C([SH](=O)=O)N[SH]2S(=O)(=O)O):C:C:C(CN(CC(=O)O)CC(=O)O):C:S:1NC(C)=O,509.45121470033865,47.28295686197589
6635,34,20,20,8,13,5676,29,14,13,25,CC(=O)NC1CC(=N)S(C=CC=CC2CC(N=O)N([O][Na])C2[O][Na])(C(=O)O)N1,509.4437662859608,23.604885655839176
2769,14,1,13,1,15,7214,37,21,21,8,CC(=O)NC1:S:C(N(C)C):C:C(C=CC=CCC2C(Br)OC(Br)C2N=O):C:1N(C)C,509.43557399929267,23.973540662349528
847,5,24,20,4,9,4409,23,4,23,21,CCNC1CC(Br)CC1(CC)C1:C:C:C(CC):C([O][Na]):S:1C(C)C,509.4277030457664,12.290951831681467
83,1,15,6,3,9,2792,14,25,11,19,CC1=C([N+](=O)O)C(=C(C#N)C#N)C=C1C1:C:C(C(=O)[O][Na]):C:S(N):C:1=N,509.4264417923899,13.024633163304763
8438,43,7,7,11,2,6988,35,10,6,15,CON1:C(N):C:C:C(C=CC(=O)C2C(=C(C#N)C#N)C([N+](=O)O)NC2S(=O)(=O)[O][Na]):N:1OC,509.36677615282935,36.109797499690245
5625,29,17,9,10,7,5054,26,15,24,24,CCN(CC)C1CN(C(F)(F)F)SC1(C=N[SH]1(=C(C#N)C#N)CC(C(C)C)CC1C(C)C)S(=O)(=O)[O][Na],509.3635106111401,23.720904336437435
317,2,26,10,25,12,6366,32,25,18,13,CCOC(=O)C1NCC(NC(C)=O)[SH]1(=N)C#CC#CC1:C:C(=N):C:C(S(=O)(=O)[O][Na]):C:1=O,509.3335771637473,14.900892054894737
2133,11,21,24,14,13,1534,8,10,2,8,CC(C)N1:C:C(C(=O)O):C(C=CC=CC2:C:C(N=O):C([SH](=O)=O):O:C:2S(=O)(=O)[O][Na]):C:C:1Br,509.31642357738446,24.374617899534098
2990,15,18,1,4,3,6554,33,3,14,7,CCOC(=O)C1:C(C=CC(=O)CC(=O)C=CC2CC(OC)[SH](C(=O)O)C2C):C(CC):C:C:S:1N(C)C,509.29572439017767,25.15555254791727
6861,35,5,1,10,20,7111,36,1,14,2,CC(C=CC1(N(C)C)OCC(C(=O)O)C1[SH](=O)=O)=CC1(S(=O)(=O)[O][Na])CC(Cl)N(N(C)C)C1,509.29260632052393,31.71205528393221
5480,28,6,21,17,13,7401,38,10,26,10,O=C1SC(C=CC=CC2(C(F)(F)F)ON([N+](=O)O)CC2Br)(S(=O)(=O)[O][Na])CC1S(=O)(=O)[O][Na],509.23576394731333,8.56648123479501
6635,34,20,20,8,20,8689,44,12,12,13,CC(=O)NC1:C:N(C=CC(C)=CC2CC(N=O)N([O][Na])C2[O][Na]):S:C(O):C:1O,509.1857312464166,19.796312643804107
1676,9,23,21,8,20,1090,6,3,19,14,CCNC1:O:C:C(Br):C(N=O):C:1C=C(C)C=CB1:C:C(C(=O)O):C:C(C(=O)[O][Na]):C:1C,509.1831997390126,12.082839822535474
8596,43,23,1,25,17,6203,32,9,16,5,CCNN1:N:C(C=CC=CC=CC=C[SH]2CC(Cl)N(CN(CC(=O)O)CC(=O)O)C2N(CC)CC):C:C(=N):C:1N(C)C,509.1501450312703,12.309198564464987
1646,9,4,1,15,13,6840,35,17,12,4,CCC1:O:C:C(C=CC=CC2(C(F)(F)F)CN(O)CC2CC):C(=C(C#N)C#N):C:1N(C)C,509.0876241589889,13.287879249091823
7517,38,15,16,11,12,2042,11,18,16,26,CCOC(=O)C1(C#CC#CC2(N)CC[SH](CN(CC(=O)O)CC(=O)O)C2=C(C#N)C#N):C:C:C(=O):N:C:1CN(CC(=O)O)CC(=O)O,509.0271409091216,25.33428061525749
8006,41,1,9,8,18,6922,35,22,9,19,CCN(CC)C1:C:C(N=O):C(NCC2C(C(=O)[O][Na])C(N(CC)CC)NC2S(=O)(=O)O):O:N:1N(C)C,508.9938711090498,17.741591746751425
8800,44,12,17,3,13,5031,26,10,17,20,CC1:C:C(C=CC=C[SH]2CC([O][Na])C(C(F)(F)F)C2S(=O)(=O)[O][Na]):N(O):S:C:1C(F)(F)F,508.96740839623163,18.977981839294074
9238,47,22,14,26,17,2655,14,8,12,20,O=NC1(C=CC=CC=CC=CC2:O:C(S(=O)(=O)O):S(C(=O)O):C:C:2=O):C:C:C([O][Na]):S(O):C:1,508.9476554520814,23.028825185379006
2075,11,7,7,19,2,372,2,19,15,10,COC1:N:C(C(=O)[O][Na]):C:C(C=CC(=O)C2(C(=O)[O][Na]):C:C:C:C(S(=O)(=O)[O][Na]):C:2=C(C#N)C#N):C:1OC,508.93106765824933,12.24018184964118
2227,12,1,21,20,13,3536,18,11,11,10,CN(C)C1:N:C:C(C=CC=CN2:C:C(S(=O)(=O)[O][Na]):S(N):C:C:2N):C([O][Na]):C:1Br,508.9089207393875,11.486367826330952
501,3,1,8,21,16,5714,29,17,13,3,CC(=O)NC1NS(C=CC=CC=CC2:C:C(Br):C(N=O):C(N(C)C):N:2)(C(F)(F)F)CC1C,508.85465995649946,22.882382446917074
9583,48,19,10,12,20,7495,38,17,3,25,CC(C=CC1C(=N)CC(C)[SH]1C(F)(F)F)=CC1(O)SC[SH](C(=O)[O][Na])C1S(=O)(=O)[O][Na],508.84667523737954,18.105061635142267
1333,7,9,10,11,16,2822,15,14,12,9,CCN(CC)C1:C:C:C(C=CC=CC=CC2:C(N):O:C:C(S(=O)(=O)[O][Na]):C:2N(CC)CC):S(C(=O)O):C:1O,508.8416014102215,20.24191675090741
2307,12,14,4,10,18,2092,11,10,11,4,CCC1:C:C(CNC2:C(C(=O)O):N:C:C(CC):C:2S(=O)(=O)[O][Na]):C(S(=O)(=O)[O][Na]):N:C:1N,508.764956622803,12.47741690351616
4525,23,14,12,3,15,389,2,22,1,19,CC1C(O)CC(C(=O)O)C1C=CC=CCC1(S(=O)(=O)O):C:C:C(C(=O)[O][Na]):C:C:1N(C)C,508.75544241577,29.380844611943523
5690,29,15,16,23,17,1431,8,2,6,25,CCNC1(C=CC=CC=CC=CC2:C:C(=N):C([N+](=O)O):O:C:2[SH](=O)=O)C(CN(CC(=O)O)CC(=O)O)CNS1=C(C#N)C#N,508.7211563234928,26.92380991618962
5388,27,12,19,9,19,7260,37,24,20,3,CCN(CC)C1(C(=N)C2C(C)C([O][Na])OC2C(C)C)CC(C(=O)[O][Na])NN1O,508.6986980445178,25.053567033322153
5773,29,1,19,15,18,4433,23,17,25,12,CN(C)[SH]1C(NCC2(C(F)(F)F)C(=N)CCC2O)C(=C(C#N)C#N)CN1C(=O)[O][Na],508.6904146192728,27.84625405498656
1742,9,23,22,15,9,429,3,9,25,23,CCNC1:O:C:C(S(=O)(=O)O):C(=C(C#N)C#N):C:1N1:C:C(NCC):C(=N):C:C:1N(CC)CC,508.6544613239888,13.81807905443628
2679,14,19,20,2,13,2090,11,13,4,13,CCC1:C(NC(C)=O):C:C(C=CC=CC2:C(C(=O)[O][Na]):C:S:C([O][Na]):C:2[SH](=O)=O):C:N:1NC(C)=O,508.5575858217547,15.577531991205772
5763,29,15,12,23,15,7389,37,4,20,6,CCNC1CC(C=CC=CCC2C(CC)OC([O][Na])C2[N+](=O)O)S(=C(C#N)C#N)N1O,508.4945907570849,26.417264765201406
348,2,10,21,12,17,1649,9,10,5,1,CN(C)C1:C:C:C(C=CC=CC=CC=CC2:C:C:C(S(=O)(=O)[O][Na]):C(Br):C:2O)(S(=O)(=O)[O][Na]):O:C:1Cl,508.46300944465304,14.620541244003558
4186,21,24,10,25,19,6774,34,6,24,3,CC(C)C1:S:C(C(=N)C2([N+](=O)O)CCC(C)N2C(C)C):C:S(=N):C:1S(=O)(=O)[O][Na],508.3715728668644,21.808988459649143
5710,29,24,2,10,17,2314,12,5,24,11,CC(C)C1:C:N:C(Cl)(C=CC=CC=CC=CC2(S(=O)(=O)[O][Na])CC([SH](=O)=O)N(C(C)C)S2):C:C:1N,508.3696107361642,30.104305465678138
2284,12,15,21,23,5,6259,32,10,1,14,CCNC1:C:C(N=[SH]2(S(=O)(=O)[O][Na])CN(N(C)C)CC2C(=O)O):C(=C(C#N)C#N):N(Br):C:1,508.3107260355979,28.208325143931035
9466,48,20,23,17,18,4650,24,9,13,26,CCN[SH]1C[SH]([O][Na])C(NCN2C(=O)CC(NC(C)=O)C2N(CC)CC)(C(F)(F)F)C1,508.30210119078373,21.436200594147365
3086,16,11,21,17,3,9568,48,2,7,15,COC1SC(=C(C#N)C#N)CS1(C=CC(=O)CC(=O)C=CC1:C:N(C(F)(F)F):C:C(Br):N:1N)[SH](=O)=O,508.2981717394041,31.961685458879806
6495,33,5,14,1,7,1718,9,9,12,10,CCN(CC)C1(N=CC2(N(C)C)CC(Cl)[SH](C(=O)O)C2):C:C:C(S(=O)(=O)[O][Na]):C(O):O:1,508.2787581614305,21.988084927426144
9522,48,5,10,6,20,285,2,7,13,9,CCN(CC)C1:C:C(C=CC(C)=CC2C[SH]([N+](=O)O)C(S(=O)(=O)[O][Na])[SH]2Cl):C(OC):C:C:1NC(C)=O,508.25902915577683,8.965956295071157
2135,11,8,21,15,19,2404,13,21,17,15,N#CC(C#N)=C1:C(Br):N:C:C(N=O):C:1C(=N)C1(Br):C:C:S(=C(C#N)C#N):C:C:1C(F)(F)F,508.2584580543504,23.387990036083423
906,5,7,17,14,17,8507,43,8,10,13,COC1:S:C(C=CC=CC=CC=CN2:C:C:C(NC(C)=O):C(S(=O)(=O)[O][Na]):N:2N=O):C:C(C(=O)O):C:1C(F)(F)F,508.2290657338552,29.19783543561234
1902,10,4,13,3,16,3510,18,19,22,26,CCC1:C:C(NC(C)=O):N:C(C):C:1C=CC=CC=CN1:C:C:S(=O):C(S(=O)(=O)O):C:1C(=O)[O][Na],508.2212586225065,20.868834488224735
4067,21,20,11,3,15,909,5,7,6,20,COS1(CC=CC=CC2:C(C):S:C(N):C:S:2[O][Na]):C:C:C:C([O][Na]):C:1[N+](=O)O,508.1759184433475,6.522531230244389
2704,14,13,26,24,3,6956,35,21,23,8,CCNN1CC(Br)(C=CC(=O)CC(=O)C=CC2:C(C(C)C):C:S:C(=O):C:2NC(C)=O)CC1N=O,508.1602653825554,15.016783324541278
4608,24,15,2,15,14,6846,35,11,10,12,N#CC(C#N)=C1NC(OC2(N)CC(O)N(S(=O)(=O)[O][Na])C2)C(=C(C#N)C#N)C1[SH](=O)=O,508.1457159252679,35.652309098534275
553,3,11,10,3,15,2537,13,21,18,7,CCOC(=O)C1:C:S:C(OC):C:C:1(Br)CC=CC=CC1:C:C(C):C(S(=O)(=O)[O][Na]):C:N:1N,508.09582006711605,20.97781901607515
4573,23,15,25,20,12,3002,16,14,2,12,N#CC(C#N)=C1CC(=N)C([O][Na])C1C#CC#CN1:C:C(O):N([SH](=O)=O):C:C:1C(=O)O,508.083023458901,27.371069185240096
1864,10,24,17,19,17,6584,33,1,12,12,CC(C)C1:C:C(C=CC=CC=CC=CC2(N(C)C)CC(O)SC2O):C:N(C(=O)[O][Na]):C:1C(F)(F)F,508.0803505527327,22.12707508748735
8200,41,10,11,16,12,5708,29,23,7,3,CCNS1(C#CC#CC2:O:N(S(=O)(=O)[O][Na]):C:C(N):C:2CN(CC(=O)O)CC(=O)O)C(C)CCN1OC,508.01238134844414,22.019280361854037
5760,29,19,22,25,19,8584,43,12,6,17,N=C1CC(C(=N)N2:C:C(C(F)(F)F):C:C([N+](=O)O):N:2O)[SH](C(=O)[O][Na])N1S(=O)(=O)O,507.99454518820585,15.801044151823952
840,5,1,16,24,12,7220,37,13,11,21,CC(=O)NC1(C#CC#CC2:C:C(C(C)C):C(CN(CC(=O)O)CC(=O)O):C:S:2N(C)C)CC(Br)OC1N,507.97052181470883,24.010225652871668
2515,13,3,1,22,11,6768,34,23,14,20,CCNN1CC(C(=O)O)C([O][Na])C1C#CC1:C:S(S(=O)(=O)O):C(N(C)C):C:C:1C,507.87900885149213,32.69558117642339
3282,17,11,20,24,4,4172,21,16,9,7,CCN(CC)S1:C:C:S(C=CC2:C:O:C(C(C)C):C([O][Na]):N:2N)(CN(CC(=O)O)CC(=O)O):C:C:1OC,507.8463593251002,24.55432167418034
8201,42,20,5,9,15,9482,48,8,26,3,CCN(CC)C1:C:C(C=CC=CC[SH]2C(N=O)SC(=O)C2C):O:S([O][Na]):C:1Cl,507.8398157751679,6.452243648175673
5836,30,19,21,19,17,8806,45,21,5,16,O=C(O)CN(CC(=O)O)CC1:C:C:S(Cl):S(Br)(C=CC=CC=CC=CC2CN(C(=O)[O][Na])C(Br)N2C(=O)[O][Na]):C:1,507.8197003790162,18.871734707225126
523,3,19,14,10,3,6331,32,16,1,5,CN(C)C1NC(CN(CC(=O)O)CC(=O)O)[SH](C=CC(=O)CC(=O)C=CC2:C(S(=O)(=O)[O][Na]):C:C(C(=O)O):C:N:2C(=O)[O][Na])C1Cl,507.81925251559994,27.143574634596636
2852,15,1,8,24,14,9585,48,6,10,8,CC(C)C1:C:C(OS2([N+](=O)O)CC(N=O)SC2S(=O)(=O)[O][Na]):C(N(C)C):S(N=O):C:1,507.8117931716494,17.67309146968534
2569,13,16,23,2,8,2273,12,4,18,20,CCNS1:C(CN(CC(=O)O)CC(=O)O):C:C:C(=CC=C2:C:C:C([O][Na]):C(C(=O)OCC):N:2CC):C:1[SH](=O)=O,507.78177692396605,27.669977346765567
4191,21,4,15,19,10,6378,32,12,20,17,CCS1:C:C(=C(C#N)C#N):S(C(=O)[O][Na]):C:C:1=[SH]1(O)CN([O][Na])CC1C(F)(F)F,507.73470430337136,29.37513223066632
6672,34,13,14,14,16,9471,48,26,25,23,CCN[SH]1CC[SH](=O)(C=CC=CC=CC2CN(NC(C)=O)C(C(=O)O)C2C(=O)O)C1=N,507.7331582320165,15.236427012417451
2564,13,24,3,19,7,1659,9,2,10,7,COC1:C:C(N=CC2:C:C(C(C)C):C:S(C):C:2C(=O)[O][Na])([SH](=O)=O):O:C:C:1S(=O)(=O)[O][Na],507.66388463191896,18.66137195517433
8731,44,9,22,9,14,5094,26,6,20,25,CCN(CC)C1:C:C(S(=O)(=O)O):S(N(CC)CC):N:C:1O[SH]1CC(=N)C([O][Na])C1[N+](=O)O,507.65152767312355,22.529586919574044
1332,7,6,20,1,3,330,2,16,14,22,CN(C)C1:O:C:C([O][Na]):C([N+](=O)O):C:1C=CC(=O)CC(=O)C=CC1(CN(CC(=O)O)CC(=O)O):C:C(S(=O)(=O)O):C:C:C:1C(=O)O,507.65106542365646,25.079665516895183
8259,42,16,20,16,1,2459,13,18,14,18,CCOC(=O)C1:C:S(C(=O)O):C(C(=O)OCC):C:C:1N=NC1:O:S:C(CN(CC(=O)O)CC(=O)O):C([O][Na]):C:1CN(CC(=O)O)CC(=O)O,507.56170736785714,34.65757307272619
687,4,20,17,16,16,6828,35,3,5,21,CC1(C=CC=CC=CC2:O:C([O][Na]):C:C(C(F)(F)F):C:2CN(CC(=O)O)CC(=O)O)CC(Br)N(Cl)C1,507.55165806003725,24.716073272172824
1130,6,20,20,10,3,3526,18,21,14,3,CC1:C:N(C=CC(=O)CC(=O)C=CC2:B:C:C([O][Na]):C([O][Na]):C:2S(=O)(=O)[O][Na]):C(Br):C(C(=O)O):S:1,507.53608478407415,13.720304013351923
4041,21,6,2,7,2,5348,27,24,7,10,COC1CN(C(C)C)N(C(=O)C=CC2:C:S(OC):C([SH](=O)=O):C:S:2[N+](=O)O)C1S(=O)(=O)[O][Na],507.5055357879777,24.378528973436836
2734,14,15,21,19,5,5754,29,8,3,19,CC1CC(C(=O)[O][Na])[SH](N=O)(=NC2:C:C(=C(C#N)C#N):S:C(Br):C:2C(=O)[O][Na])N1,507.4670573064547,26.089779677382904
5400,27,6,13,6,19,8959,45,16,19,23,CCNC1:C:S(C(=N)C2C([N+](=O)O)CN(NC(C)=O)N2[N+](=O)O):S(CN(CC(=O)O)CC(=O)O):C:C:1C(=O)[O][Na],507.45529998070134,35.41864482428354
8955,45,10,4,25,13,6430,33,18,23,25,CCNC1SCC(=N)C1(C=CC=CC1:S:S:C(S(=O)(=O)[O][Na]):C(CC):C:1=N)C(=O)OCC,507.44808926077013,12.703012298336233
8120,41,5,9,11,5,2732,14,26,2,4,CCC1:C:C(=NC2:O:N(Cl):C(N(CC)CC):C:C:2N):C(=O):S([SH](=O)=O):C:1,507.4443796440572,14.51245081853218
5870,30,21,14,14,17,1474,8,4,20,18,CCOC(=O)C1:C:C(C=CC=CC=CC=CC2NC(Br)N(C(=O)O)C2C(=O)O)(CC):C:O:C:1[O][Na],507.4315097275495,23.627156281826814
9303,47,16,21,6,10,2929,15,15,26,15,N#CC(C#N)=C1:C:C(=C2:C:C([N+](=O)O):S(Br):C(CN(CC(=O)O)CC(=O)O):O:2):S:C(=C(C#N)C#N):C:1=O,507.4293154661617,38.86740361487036
2991,15,18,7,19,13,6212,32,22,2,11,CCOC(=O)C1:S:C:C(OC):C(C(=O)[O][Na]):C:1C=CC=CS1(S(=O)(=O)O)CNC([SH](=O)=O)C1N,507.4269861343857,24.13043706722225
6632,34,17,17,4,16,573,3,5,7,15,CCC1(C=CC=CC=CN2:C:C:C(=C(C#N)C#N):C(OC):C:2Cl)CN(C(F)(F)F)CC1C(F)(F)F,507.39308765176804,17.385628222735676
8577,43,19,13,10,15,1417,8,17,26,3,CC(=O)NC1:C:C(S(=O)(=O)[O][Na]):C(C=CC=CCC2:C:C(C):C(=O):O:C:2C(F)(F)F):N(C(=O)[O][Na]):N:1,507.36594491261746,29.675433969477048
2755,14,23,2,26,16,3056,16,21,9,3,CCNC1:C:S:C([SH](=O)=O):C(=O):C:1C=CC=CC=CN1:C:C(C):N(N(CC)CC):C:C:1Br,507.2773481925915,14.093707213074929
480,3,4,21,17,20,5784,29,23,8,15,CCNS1(C=CC(C)=CC2:C:C:C(C(F)(F)F):C(Br):N:2CC)NCC(N=O)C1=C(C#N)C#N,507.27063360602716,20.348988629913357
2368,12,25,23,10,20,9535,48,24,24,24,CCNC1:N:C(=N):C(C=C(C)C=CS2(C(C)C)CC(C(C)C)[SH](C(C)C)C2):C:C:1S(=O)(=O)[O][Na],507.2462675460589,17.98286592520868
4171,21,2,6,11,3,1088,6,17,7,13,COC1:C:C(C(F)(F)F):B(C=CC(=O)CC(=O)C=CC2:S:C:C([SH](=O)=O):S([N+](=O)O):C:2N):C:C:1NC(C)=O,507.22473498605586,15.120601614978408
1860,10,8,20,10,13,8969,45,6,15,9,CCN(CC)C1:C:S(C=CC=CC2:C:N:C(S(=O)(=O)[O][Na]):C([O][Na]):C:2N=O):S([N+](=O)O):C:C:1=C(C#N)C#N,507.1716987995668,19.58846523725105
2092,11,10,11,4,4,8,1,26,22,21,CCC1:C(C=CC2=CC(=O)C(S(=O)(=O)O)=C2Br):C:C(S(=O)(=O)[O][Na]):N:C:1N,507.103910043228,9.033896286065476
4740,24,8,7,12,17,6531,33,3,16,25,COC1C(N=O)NC(C=CC=CC=CC=CC2(C)CSC(CN(CC(=O)O)CC(=O)O)C2=N)C1O,507.07502511761834,19.062902536874347
6980,35,23,3,13,17,2256,12,11,8,14,CCNC1C(C)NC(NC(C)=O)C1C=CC=CC=CC=CC1(N):C:C:C(C(=O)O):C:N:1N=O,507.0588559847682,25.221978000126683
483,3,8,2,2,16,1812,10,2,3,20,CC1:C([SH](=O)=O):C(C=CC=CC=CC2:C([SH](=O)=O):C:C:C([SH](=O)=O):N:2N=O):C:C:N:1[O][Na],507.0173686161405,27.016578481174285
2982,15,19,20,23,4,9488,48,5,8,20,CCNC1:C:C:C(C=C[SH]2CC([O][Na])[SH](N=O)C2Cl):C(C(=O)[O][Na]):S:1[O][Na],506.99657848781,25.539493276881945
67,1,11,25,7,17,6723,34,22,8,14,COC1=C(C=CC=CC=CC=CC2CC(C(=O)O)C(N=O)N2S(=O)(=O)O)C(N)=CC1=N,506.9931848810778,25.51581583421945
1940,10,17,25,9,15,1140,6,20,22,5,CCN(CC)N1:C:C(C=CC=CCB2:C:C(Cl):C:C(S(=O)(=O)O):C:2[O][Na]):C(C(F)(F)F):C:C:1=N,506.9866856533914,23.21227285471026
1877,10,6,10,16,8,2272,12,3,24,6,CC(C)C1:C:C([N+](=O)O):C:C(=CC=C2:C(CN(CC(=O)O)CC(=O)O):N:C:C(S(=O)(=O)[O][Na]):C:2[N+](=O)O):N:1C,506.90055715543406,33.1248167842923
3491,18,13,7,12,20,349,2,25,19,24,COC1:S:C(O):C(C=C(C)C=CC2:C:C:C(C(C)C):C(C(=O)[O][Na]):C:2=N):N:C:1NC(C)=O,506.89651833306016,14.428698086698851
8938,45,14,26,26,16,2796,14,24,10,4,CCC1:C:C(C=CC=CC=CC2:C:C(=O):C:S(=O):S:2C(=O)O):C(C(C)C):S:C:1S(=O)(=O)[O][Na],506.8538906827695,28.289592663580287
2687,14,15,15,7,11,2838,15,10,19,11,COC1:C:S(=C(C#N)C#N):C:C(=C(C#N)C#N):C:1C#CC1:C:C(N):C(C(=O)[O][Na]):C(S(=O)(=O)[O][Na]):S:1,506.83824196004724,24.040053493348235
1814,10,26,22,5,17,6906,35,19,18,3,CCOC(=O)N1CC(C)C(C=CC=CC=CC=CC2:C:C:C(=O):N(S(=O)(=O)O):C:2Cl)C1C(=O)[O][Na],506.76129201795385,31.089133957599074
3407,18,24,16,19,4,6254,32,19,4,5,CCC1NC(Cl)CS1(C=CC1:C:S(C(=O)[O][Na]):C:C(CN(CC(=O)O)CC(=O)O):N:1C(C)C)C(=O)[O][Na],506.7291304942297,19.667778445634177
6588,33,7,11,23,17,2395,12,9,19,4,CCNC1(C=CC=CC=CC=CC2(N(CC)CC):C:C(CC):C(C(=O)[O][Na]):C:N:2)CC(OC)[SH](N)C1,506.71640852670396,20.320027064954733
2336,12,20,12,12,17,924,5,10,22,23,CCNC1:C:C(S(=O)(=O)O):C:S(C=CC=CC=CC=CC2:C:N([O][Na]):C(O):C:C:2O)(S(=O)(=O)[O][Na]):C:1,506.5953053584062,12.497474207743421
2920,15,7,7,12,16,6895,35,13,23,17,CCNN1C(NC(C)=O)C(C=CC=CC=CC2:C:C:C(O):S(OC):C:2OC)CC1C(F)(F)F,506.5859252834509,20.0655782405657
7134,36,2,20,19,3,4562,23,23,22,19,CCNC1(C=CC(=O)CC(=O)C=CC2(C(=O)[O][Na])CC([O][Na])OC2[SH](=O)=O)CC(C(=O)[O][Na])CC1S(=O)(=O)O,506.54376351372474,20.15853021103829
5571,28,10,24,19,17,272,2,21,10,8,CC(C)C1C(C(=O)[O][Na])C(C=CC=CC=CC=CC2(Br):C:C:C:C(N=O):C:2S(=O)(=O)[O][Na])ON1S(=O)(=O)[O][Na],506.54277717344456,18.381587810408085
2447,13,9,4,15,12,6282,32,22,24,1,CCC1:S:C(=C(C#N)C#N):C(C#CC#CS2(S(=O)(=O)O)CC(N(C)C)N(C(C)C)C2):C:C:1N(CC)CC,506.49580452770533,32.939891200032264
6450,33,18,20,1,5,9413,48,23,19,12,CCN[SH]1CS(=NC2CC(C(=O)OCC)[SH]([O][Na])C2N(C)C)C(O)C1C(=O)[O][Na],506.48706200323323,22.02485613655233
4690,24,13,14,5,15,4473,23,8,10,10,CC(=O)NC1NC(Cl)(C=CC=CCC2CC(N=O)C(S(=O)(=O)[O][Na])C2S(=O)(=O)[O][Na])CC1C(=O)O,506.45526597555,20.770120561546946
6511,33,4,13,10,13,9478,48,17,4,20,CCC1C[SH](NC(C)=O)CC1(C=CC=CS1(C(F)(F)F)C[SH](CC)CC1[O][Na])S(=O)(=O)[O][Na],506.44954340186393,19.624136572010386
5890,30,23,16,19,9,5091,26,21,12,24,CCNN1C(CN(CC(=O)O)CC(=O)O)NC(C(=O)[O][Na])C1[SH]1CC(C(C)C)C(O)C1Br,506.42778139006015,26.26770147089038
6366,32,25,18,13,15,1847,10,23,22,10,CCNC1(CC=CC=CC2(NC(C)=O)CNC(C(=O)OCC)S2=N):C:C:N(S(=O)(=O)[O][Na]):C:C:1S(=O)(=O)O,506.322298772281,16.832258756978405
946,5,26,15,4,14,4035,21,10,15,14,CCC1:C:C(OS2(S(=O)(=O)[O][Na]):C:C:S(C(=O)O):C:C:2=C(C#N)C#N):S(=O):C:C:1=C(C#N)C#N,506.2227882561927,26.53029925608907
411,3,19,4,4,16,8649,44,12,6,4,CCC1:C:C:N(C(=O)[O][Na]):C(C=CC=CC=CN2:C:C:C(CC):C([N+](=O)O):S:2O):C:1CC,506.1640815957882,10.881932784503803
2347,12,19,12,10,3,2164,11,7,16,18,CCOC(=O)C1:C:C(C=CC(=O)CC(=O)C=CC2:C:C(S(=O)(=O)[O][Na]):C(O):N:C:2C(=O)[O][Na])(OC):C:N:C:1CN(CC(=O)O)CC(=O)O,506.1581028750064,37.718218394393105
867,5,24,24,2,3,4006,21,19,12,6,CC(C)C1:S:C(C=CC(=O)CC(=O)C=CS2(C(=O)[O][Na]):C:C:S([N+](=O)O):C(O):C:2):C:C([SH](=O)=O):C:1C(C)C,506.1022869235994,12.659188393902019
2681,14,1,25,7,20,4154,21,21,6,19,COS1:C:C:C(C=C(C)C=CS2(Br):C:C:S([N+](=O)O):C(C(=O)[O][Na]):C:2):C(N(C)C):C:1=N,506.09113814081775,6.961297070817142
117,1,18,11,26,15,8987,45,24,4,26,CCOC(=O)C1=C(C=CC=CCS2:C:C(=O):C:C(CC):S:2C(C)C)C(=O)C(N)=C1,506.0716954408132,36.13994276903564
594,3,8,8,26,16,1525,8,6,21,19,O=NC1:C:C(=O):C:C(C=CC=CC=CC2:C:C(C(=O)[O][Na]):C(Br):O:C:2[N+](=O)O):N:1N=O,506.0555123282132,24.87308072368121
2583,13,1,6,14,20,3504,18,23,23,13,CCNC1:S:C(NC(C)=O):C:N(C=CC(C)=CC2:C(N(C)C):C:C([N+](=O)O):S:C:2C(=O)O):C:1NCC,506.05411961041335,8.378502453031308
8410,43,12,9,7,6,9428,48,20,13,11,CCN(CC)N1:C:C(OC):C:C(C=[SH]2([O][Na])CSC(NC(C)=O)C2N):N:1O,506.0513764221332,13.699968509425428
5848,30,1,5,4,19,2903,15,16,6,5,CCC1(C(=N)C2:C:C(Cl):C:C([N+](=O)O):S:2CN(CC(=O)O)CC(=O)O)NCN(N(C)C)C1Cl,506.0403957457288,27.68649046852915
9299,47,15,13,23,19,870,5,4,8,7,CCNC1:C:C(C(=N)S2:C:C:C(OC):C(N=O):C:2CC):O:C(=C(C#N)C#N):S:1NC(C)=O,506.01801992307827,28.922775236280156
5979,30,1,23,24,17,5606,29,16,9,4,CCNC1N(C(C)C)CC(C=CC=CC=CC=CS2(CN(CC(=O)O)CC(=O)O)C(CC)CCN2N(CC)CC)N1N(C)C,505.9977291118665,26.70095222212833
8503,43,9,9,2,17,5054,26,15,24,24,CCN(CC)C1:C:C([SH](=O)=O):C(C=CC=CC=CC=C[SH]2(=C(C#N)C#N)CC(C(C)C)CC2C(C)C):N:N:1N(CC)CC,505.9636472350782,29.119184574407477
5199,26,4,3,23,3,1858,10,5,12,19,CCNC1C(C=CC(=O)CC(=O)C=CC2:C:C:N(C(=O)[O][Na]):C(O):C:2Cl)SC(CC)C1C,505.95635612292097,16.930693059223373
9262,47,19,20,18,20,959,5,21,8,26,CCOC(=O)C1:C:S([O][Na]):C(C(=O)[O][Na]):O:C:1C=C(C)C=CS1:C:C(=O):C:C(N=O):C:1Br,505.9345550136562,18.14514454827674
5012,26,5,19,6,13,4511,23,5,26,4,CCC1CCC(=O)C1(Cl)C=CC=CC1C([N+](=O)O)C(C(=O)[O][Na])C[SH]1Cl,505.9300092827667,17.491468180549738
4200,21,6,10,24,20,5125,26,13,25,11,CC(=O)NS1(C=CC(C)=CC2:C:S(C(C)C):C(S(=O)(=O)[O][Na]):C:S:2[N+](=O)O)CCC(N)C1=N,505.9140973298798,17.401096853797025
4431,23,3,14,19,19,6604,34,2,21,15,CC1CC(C(=N)C2C(=C(C#N)C#N)C(Br)CN2[SH](=O)=O)(C(=O)[O][Na])CC1C(=O)O,505.8400777041162,28.265276641239808
920,5,7,9,24,15,5911,30,17,5,3,CCN(CC)C1:C:C(C(C)C):C:C(C=CC=CCN2CN(C(F)(F)F)C(Cl)C2C):S:1OC,505.8237782139269,24.567029933596416
3170,16,17,20,2,4,8897,45,11,18,9,CCOC(=O)C1:C(N(CC)CC):C:C:S(C=CC2:C:N:C([SH](=O)=O):C([O][Na]):N:2C(F)(F)F):S:1N,505.8154304151952,13.152342267134875
835,5,5,1,25,3,5217,27,4,1,12,CCC1NN(C=CC(=O)CC(=O)C=CC2:C:C(=N):C:C(N(C)C):S:2Cl)C(O)C1N(C)C,505.7774802129596,20.53859218451816
3410,18,10,12,12,15,6562,33,6,16,16,O=C(O)CN(CC(=O)O)CC1C(CC=CC=CC2:N:C(S(=O)(=O)[O][Na]):C(O):S:C:2O)C[SH]([N+](=O)O)C1CN(CC(=O)O)CC(=O)O,505.7651115983028,34.1024525771138
9585,48,6,10,8,20,6341,32,1,7,12,COC1NC(O)CS1(C=CC(C)=CC1C(N=O)SC(S(=O)(=O)[O][Na])[SH]1[N+](=O)O)N(C)C,505.6976356635063,16.844422883150703
1104,6,24,13,15,19,2344,12,17,24,20,CC(=O)NC1:C:C:C(=C(C#N)C#N):C(C(=N)C2:C:C([O][Na]):C:C(C(C)C):N:2C(F)(F)F):B:1C(C)C,505.64933104890736,17.712252171080095
2790,14,21,8,1,16,888,5,17,25,16,CN(C)C1:C:C(C=CC=CC=CS2(C(F)(F)F):C:C:C:C(CN(CC(=O)O)CC(=O)O):C:2=N):C(Br):C(N=O):S:1,505.6251941974002,14.047743362254462
9572,48,21,6,21,3,7339,37,22,16,26,O=C(O)CN(CC(=O)O)CC1OC(S(=O)(=O)O)C(C=CC(=O)CC(=O)C=CC2(Br)C([N+](=O)O)SC[SH]2Br)C1=O,505.6190464362356,32.91441073343071
5333,27,5,5,1,5,4470,23,21,19,9,CCN(CC)C1C(=NC2C(N(C)C)C(Cl)NN2Cl)CC(Br)C1C(=O)[O][Na],505.6103923949848,27.294730348484194
5340,27,4,12,10,3,2930,15,6,13,22,CCN1NC(C=CC(=O)CC(=O)C=CC2([N+](=O)O):C:C:C:C(S(=O)(=O)O):S:2NC(C)=O)(S(=O)(=O)[O][Na])CC1O,505.59184945453825,36.75036530037597
8878,45,18,15,17,2,1891,10,7,20,10,CCOC(=O)S1:S:C(C=CC(=O)C2:C:C(S(=O)(=O)[O][Na]):N:C([O][Na]):C:2OC):C(C(F)(F)F):C:C:1=C(C#N)C#N,505.56936856908226,20.68979325549756
3810,20,19,24,20,16,2014,11,25,26,26,CC(C)S1:C:C(C(=O)[O][Na]):O:C(C=CC=CC=CC2:C:C(=O):C(=O):N:C:2=N):C:1[O][Na],505.55574264926526,16.295227234462022
4094,21,9,25,10,3,8889,45,9,1,18,CCOC(=O)C1:C:C:S(C=CC(=O)CC(=O)C=CC2:C(S(=O)(=O)[O][Na]):S(=N):C:C:S:2N(CC)CC)(N(CC)CC):S(N(C)C):C:1,505.5283027609761,30.535566799352875
6122,31,24,12,9,17,6916,35,23,14,13,CCNN1CC(C=CC=CC=CC=CC2(N(CC)CC)OCN(C(C)C)C2O)C(NC(C)=O)C1C(=O)O,505.5206570581401,22.003743340583366
7571,38,15,13,14,11,6423,33,3,19,18,CCOC(=O)C1C(C(=O)[O][Na])SC(C)C1C#CC1(C(=O)O)CC(NC(C)=O)SC1=C(C#N)C#N,505.47560136358777,32.97514098469656
8562,43,21,14,3,15,8878,45,18,15,17,CCOC(=O)S1:C(=C(C#N)C#N):C:C(C(F)(F)F):C:S:1CC=CC=CC1:C:C(C):C(C(=O)O):N(Br):N:1,505.43714163812666,23.693232036691334
2420,13,24,21,11,18,7079,36,7,24,15,COC1(CNC2:C:S(N):C:C(Br):C:2C(C)C)OC(C(C)C)CC1=C(C#N)C#N,505.43629994580397,16.10706744885082
3011,16,20,25,20,17,5051,26,20,3,5,CC1CS(C=CC=CC=CC=CC2:N:C([O][Na]):C(=N):N:C:2[O][Na])([O][Na])CC1Cl,505.43612710314665,6.954404881845332
6787,34,17,17,13,15,6247,32,21,15,21,CC(=O)NC1C(C=CC=CC[SH]2CN(Br)C(=C(C#N)C#N)C2Br)CN(C(F)(F)F)C1C(F)(F)F,505.3915780019396,8.856901373094669
8542,43,18,2,25,20,2085,11,8,5,19,CCOC(=O)N1:N:C:C([SH](=O)=O):C(=N):C:1C=C(C)C=CC1:C:C(C(=O)[O][Na]):C:N(Cl):C:1N=O,505.3681563322465,24.375174549866788
8393,42,21,20,7,7,6217,32,8,16,23,CCNC1CS(N=O)(N=CC2:O:S:C(Br):C([O][Na]):C:2OC)CN1CN(CC(=O)O)CC(=O)O,505.30518642070075,39.849474050391116
6336,32,9,12,17,6,7341,37,9,25,10,CCN(CC)C1OC(=N)C(S(=O)(=O)[O][Na])C1=CC1(C(F)(F)F)CNC(O)[SH]1N(CC)CC,505.30358513846534,17.20402591372879
6274,32,18,17,7,17,6441,33,15,17,11,CCOC(=O)C1NC(C(F)(F)F)C(C=CC=CC=CC=CC2C(=C(C#N)C#N)[SH](C(F)(F)F)CC2N)(OC)S1,505.2802396514136,25.959975124800184
3750,19,4,19,5,3,2207,12,12,22,5,CCC1:O:C(C=CC(=O)CC(=O)C=CC2(O):C:C(Cl):C:C(S(=O)(=O)O):N:2):C(Cl):O:C:1C(=O)[O][Na],505.262114163217,21.37855558549799
6891,35,8,16,7,16,811,5,26,17,25,COC1C(C=CC=CC=CS2:C:C(=N):C:C(C(F)(F)F):C:2=O)C(N=O)CN1CN(CC(=O)O)CC(=O)O,505.253710391146,34.30261371468392
5760,29,19,22,25,20,5716,29,20,20,25,CC(C=CS1([O][Na])CC(=N)C([O][Na])N1)=CC1CC(=N)N(S(=O)(=O)O)[SH]1C(=O)[O][Na],505.2432470626721,30.162068183273472
8901,45,8,22,1,17,6692,34,22,7,18,CCOC(=O)C1CC(OC)N(S(=O)(=O)O)C1C=CC=CC=CC=CC1:C(N(C)C):C:C(S(=O)(=O)O):S:S:1N=O,505.2285626161357,46.12055552767737
6355,32,13,1,25,16,9473,48,3,18,16,CCOC(=O)C1SC(CN(CC(=O)O)CC(=O)O)CS1(C)C=CC=CC=CC1C(=N)NC(N(C)C)[SH]1NC(C)=O,505.2238280011123,22.033100415341
9015,46,9,24,10,17,2291,12,12,7,17,CCN(CC)C1:N:C(C(C)C):C(S(=O)(=O)[O][Na]):C(C=CC=CC=CC=CC2(O):C:C(C(F)(F)F):C:C(OC):N:2):O:1,505.1816340774054,15.932356491366292
4037,21,25,1,16,16,6309,32,21,7,1,CON1CC(N(C)C)S(Br)(C=CC=CC=CC2:C(CN(CC(=O)O)CC(=O)O):S:C:C(N(C)C):S:2=N)C1,505.17723482884304,17.14960533246373
2939,15,21,16,26,13,6567,33,17,8,16,O=NC1SCC(CN(CC(=O)O)CC(=O)O)C1(C=CC=CC1:C:C:C(=O):S(CN(CC(=O)O)CC(=O)O):C:1Br)C(F)(F)F,505.0369735692374,25.961783388217828
6680,34,3,26,6,13,8913,45,7,6,22,COS1:C:C([N+](=O)O):C(S(=O)(=O)O):C:S:1C=CC=CC1([N+](=O)O)CC(=O)N(C)C1,504.97261122529136,35.611276479262145
1860,10,8,20,10,16,4006,21,19,12,6,O=NC1:C(C=CC=CC=CS2(C(=O)[O][Na]):C:C:S([N+](=O)O):C(O):C:2):C:N:C(S(=O)(=O)[O][Na]):C:1[O][Na],504.9611670825874,18.749514881964245
4602,24,9,14,13,6,9402,48,25,19,11,CCN(CC)N1CC(C(=O)O)C(NC(C)=O)C1C=S1(=N)CC(N)[SH](C(=O)[O][Na])C1,504.92314288674686,21.801890587054405
2461,13,23,16,15,19,7516,38,20,23,6,CCNC1:C:C(CN(CC(=O)O)CC(=O)O):S(=C(C#N)C#N):C:C:1C(=N)C1CC([N+](=O)O)C(NCC)[SH]1[O][Na],504.8844482560552,20.74875480290238
228,2,10,2,3,13,8889,45,9,1,18,CCOC(=O)C1:C:C:S(C=CC=CC2:C:C(S(=O)(=O)[O][Na]):C([SH](=O)=O):C:C:2C)(N(CC)CC):S(N(C)C):C:1,504.86661404968964,19.28758067756795
9030,46,15,18,14,12,7435,38,20,6,9,CCOC(=O)N1:C(C(=O)O):C:C(C#CC#CC2([O][Na])SCC([N+](=O)O)C2N(CC)CC):O:C:1=C(C#N)C#N,504.85701624636675,26.127367635782093
2672,14,12,21,18,17,2489,13,23,8,13,CCNC1(C=CC=CC=CC=CC2:C(O):C:S:C(Br):C:2C(=O)OCC):C:C:S(NC(C)=O):C:C:1N=O,504.83717606184456,23.068567163647838
4143,21,18,17,20,13,4118,21,11,10,12,CCOC(=O)S1:C(C=CC=CS2:C:C:S(O):C(S(=O)(=O)[O][Na]):C:2N):C:S:C([O][Na]):C:1C(F)(F)F,504.81473940941976,10.024778124302484
2503,13,22,2,10,18,3180,16,16,20,10,O=C(O)CN(CC(=O)O)CC1:C:N([O][Na]):C(S(=O)(=O)[O][Na]):C:N:1CNC1:C:S(S(=O)(=O)[O][Na]):C([SH](=O)=O):C:C:1S(=O)(=O)O,504.75844430090746,22.179791375622177
2636,14,20,8,8,15,2010,11,12,22,20,O=NC1:C:S(N=O):C([O][Na]):C:C:1C=CC=CCC1(O):C:C([O][Na]):C:N:C:1S(=O)(=O)O,504.7386835941035,28.388295374447836
7531,38,4,6,8,13,9585,48,6,10,8,CCC1SC([N+](=O)O)C(N=O)C1C=CC=CS1([N+](=O)O)CC(N=O)SC1S(=O)(=O)[O][Na],504.68450875534955,14.072443802549799
5269,27,3,18,9,13,2801,15,19,6,14,CCOC(=O)C1CC(C=CC=CC2(C(=O)[O][Na]):C:C:C(C(=O)O):C:S:2[N+](=O)O)(N(CC)CC)NN1C,504.6701964510745,20.500792883200997
2548,13,3,8,11,4,3019,16,25,16,20,CC1:C(C=CN2:C:C([O][Na]):N:C(CN(CC(=O)O)CC(=O)O):C:2=N):C:S(N):C:C:1N=O,504.6324666754208,17.783072948756164
2579,13,5,12,7,19,2397,12,8,10,8,COS1:C:C(O):C(Cl):C(C(=N)C2(N=O):C:C:C(N=O):C:N:2S(=O)(=O)[O][Na]):C:1,504.59783068023734,17.53638810875824
1659,9,2,10,7,17,4430,23,16,6,11,COC1:C(S(=O)(=O)[O][Na]):C:O:C([SH](=O)=O):C:1C=CC=CC=CC=CC1(CN(CC(=O)O)CC(=O)O)C(N)CCC1[N+](=O)O,504.5319940789033,34.674453038774374
1041,6,15,22,5,20,6584,33,1,12,12,CC(C=CC1(N(C)C)CC(O)SC1O)=CC1:B:C(=C(C#N)C#N):C(S(=O)(=O)O):C(Cl):C:1,504.50332832107176,15.939190281916154
2670,14,15,7,7,17,5038,26,6,18,6,CCOC(=O)C1CCS(C=CC=CC=CC=CC2:C:C(=C(C#N)C#N):S(OC):C:C:2OC)([N+](=O)O)C1[N+](=O)O,504.41492140266473,16.249921987728012
2832,15,1,2,19,15,6594,33,23,2,8,CCNC1C(CC=CC=CC2:C(C(=O)[O][Na]):C:C([SH](=O)=O):S:C:2N(C)C)C(N=O)C[SH]1[SH](=O)=O,504.3685979073499,18.376323219508613
1983,10,15,10,10,4,4095,21,25,23,17,CCNC1:S:C(C(F)(F)F):C:S(C=CC2:C:C:C(=C(C#N)C#N):N(S(=O)(=O)[O][Na]):C:2S(=O)(=O)[O][Na]):C:1=N,504.3346052007585,20.844298825291737
2810,15,9,6,17,16,2857,15,9,25,16,CCN(CC)S1:C:C(C=CC=CC=CC2(N(CC)CC):C:C:C(CN(CC(=O)O)CC(=O)O):C(=N):S:2):C(C(F)(F)F):C([N+](=O)O):C:1,504.3216509990766,14.530096782195345
6347,32,1,18,21,3,1815,10,14,26,13,CCOC(=O)N1C[SH](N(C)C)C(C=CC(=O)CC(=O)C=CC2(C(=O)O):C:C:N:C(NC(C)=O):C:2=O)C1Br,504.28261820629325,33.35423817721617
2546,13,25,1,25,15,6430,33,18,23,25,CCNC1SCC(=N)C1(CC=CC=CC1:C(=N):C:C(N(C)C):S:C:1=N)C(=O)OCC,504.2707103188626,22.604300157836928
7013,36,5,22,10,7,5064,26,9,20,24,CCN(CC)C1C([O][Na])CC(C(C)C)[SH]1N=CC1C(Cl)OC(S(=O)(=O)O)C1S(=O)(=O)[O][Na],504.2288426756944,20.108021664872588
5703,29,20,18,24,2,2966,15,19,15,11,CCOC(=O)C1C(C(C)C)C(C=CC(=O)C2(C(=O)[O][Na]):C:C(N):C(=C(C#N)C#N):C:S:2)SN1[O][Na],504.22882626046794,20.71111458446094
2339,12,16,4,9,10,6606,34,2,10,21,CCN(CC)C1:C:C:N(CC):C(CN(CC(=O)O)CC(=O)O):C:1=C1NC([SH](=O)=O)C(S(=O)(=O)[O][Na])C1Br,504.2228974416181,24.072822891200914
337,2,23,4,9,13,6673,34,10,12,13,CCNC1:C(CC):C:C:C(N(CC)CC):C:1C=CC=CC1(S(=O)(=O)[O][Na])NCC(O)C1NC(C)=O,504.22044906695527,8.147192455956233
837,5,13,19,24,15,2337,12,12,12,4,CCC1:C:C:N(O):C(O)(CC=CC=CC2:S:C(NC(C)=O):C:C(C(=O)[O][Na]):C:2C(C)C):C:1,504.18123856269375,21.473927624729235
2459,13,18,14,18,12,4500,23,14,16,6,CCOC(=O)C1:C:C(C#CC#CC2C(C(=O)O)C(CN(CC(=O)O)CC(=O)O)CC2[N+](=O)O):C(C(=O)OCC):S(C(=O)O):C:1,504.13985332690027,33.272183143854406
6539,33,7,2,7,17,2872,15,4,17,19,CCC1:S:C(C=CC=CC=CC=CC2C(OC)SC([SH](=O)=O)C2OC):C:C(C(=O)[O][Na]):C:1C(F)(F)F,504.12467167406646,22.63724820571811
274,2,20,10,11,3,2493,13,12,3,25,CC1:C:C(O)(C=CC(=O)CC(=O)C=CC2:C:C(N):C:C(S(=O)(=O)[O][Na]):C:2[O][Na]):C:C:S:1=N,504.11999334478907,14.542808053616481
6419,33,6,19,16,15,2830,15,9,2,15,CCN(CC)C1(CC=CC=CC2C([N+](=O)O)C[SH](C(=O)[O][Na])C2CN(CC(=O)O)CC(=O)O):C:C(=C(C#N)C#N):C:C([SH](=O)=O):S:1,504.1164192402008,34.08764002795678
9567,48,8,19,4,19,5640,29,6,24,5,CC[SH]1CC(C(=N)[SH]2NC([N+](=O)O)C(C(C)C)C2Cl)[SH](N=O)C1C(=O)[O][Na],503.99407106089456,21.445667429534105
1383,7,10,22,19,13,8989,45,17,9,14,CCN(CC)S1:C:C(C(=O)O):C:C:S:1(C=CC=CC1:C(S(=O)(=O)[O][Na]):C:C(S(=O)(=O)O):O:C:1C(=O)[O][Na])C(F)(F)F,503.93346288685643,26.647010545030884
4933,25,12,15,7,2,5080,26,4,20,19,CCC1C[SH](C(=O)C=CC2OC(O)C(=C(C#N)C#N)C2OC)C(C(=O)[O][Na])C1[O][Na],503.9055312775934,17.01877007061662
5019,26,1,2,8,15,1815,10,14,26,13,CC(=O)NC1:N:C:C:C(CC=CC=CC2C(N=O)C([SH](=O)=O)C[SH]2N(C)C)(C(=O)O):C:1=O,503.8103614502346,14.06305682231461
5731,29,22,2,19,2,6791,34,12,3,9,CCN(CC)C1CCN(C)C1(O)C(=O)C=CC1C(C(=O)[O][Na])C([SH](=O)=O)N[SH]1S(=O)(=O)O,503.7673226019298,33.502889804643985
6477,33,20,9,20,7,2574,13,17,7,21,CCN(CC)C1C([O][Na])C(C=NC2(C(F)(F)F):C:C(Br):S:C:C:2OC)C[SH]1[O][Na],503.74868525356334,21.001829412057443
6440,33,3,19,4,14,4047,21,13,4,14,CCC1:C(NC(C)=O):S(OC2C[SH](CC)C(C(=O)[O][Na])C2C):C:C:S:1C(=O)O,503.7378016540679,25.10667810376988
6484,33,1,6,15,8,4087,21,3,1,26,CN(C)C1:C(=O):S:C:C:S:1(C)=CC=C1C(=C(C#N)C#N)[SH]([N+](=O)O)CC1N(C)C,503.7365432365168,32.04771404235747
7491,38,26,26,16,3,5911,30,17,5,3,CC1C(Cl)N(C(F)(F)F)CN1C=CC(=O)CC(=O)C=CC1(CN(CC(=O)O)CC(=O)O)CSC(=O)C1=O,503.7247665590463,23.54760009802413
4486,23,25,20,2,15,6298,32,19,17,21,N=C1C([O][Na])CCC1(C=CC=CC[SH]1CC(Br)N(C(F)(F)F)C1C(=O)[O][Na])[SH](=O)=O,503.6366162997603,21.391578044038067
7406,38,13,1,22,15,6323,32,9,16,11,CCN(CC)C1N(CN(CC(=O)O)CC(=O)O)CC(N)[SH]1CC=CC=CC1(S(=O)(=O)O)C[SH](NC(C)=O)CC1N(C)C,503.625891363512,15.393050561778814
8643,44,2,4,7,16,997,5,5,19,15,CCC1:C:C(OC):C(C=CC=CC=CS2(Cl):C:C:C(C(=O)[O][Na]):C(=C(C#N)C#N):C:2):N([SH](=O)=O):S:1,503.56556832761135,19.00274746637204
8949,45,5,12,22,16,8502,43,22,18,16,CCOC(=O)C1:C(CN(CC(=O)O)CC(=O)O):C:C:N(C=CC=CC=CC2:C(S(=O)(=O)O):C(O):C:S:S:2Cl):N:1S(=O)(=O)O,503.5475912588646,26.45237914369647
8675,44,3,3,1,12,6389,32,14,10,11,CC1:C:S(C):N:C(C#CC#CS2(C(=O)O)CC(N)NC2S(=O)(=O)[O][Na]):C:1N(C)C,503.4987047488441,15.541393442193975
2427,13,3,12,26,3,5775,29,26,19,18,CCOC(=O)C1C[SH](=O)(C=CC(=O)CC(=O)C=CC2:C:C:C(C):S(O):C:2=O)NC1C(=O)[O][Na],503.45380787436807,29.81300652609673
2484,13,15,5,21,19,1042,6,16,2,12,N#CC(C#N)=C1:C(C(=N)B2:C:C(O):C([SH](=O)=O):C:C:2CN(CC(=O)O)CC(=O)O):C:S:C(Br):C:1Cl,503.35659720997427,19.66228514392467
5715,29,19,2,1,3,947,5,16,14,22,CN(C)C1C(C=CC(=O)CC(=O)C=CS2(CN(CC(=O)O)CC(=O)O):C:C(S(=O)(=O)O):C:C:C:2C(=O)O)[SH](C(=O)[O][Na])NC1[SH](=O)=O,503.32110113748865,24.888604520766624
8981,45,14,9,8,3,2114,11,4,18,3,CCOC(=O)C1:N:C:C(C=CC(=O)CC(=O)C=CC2:C:C(N=O):C(N(CC)CC):S:S:2C(=O)O)(CC):C:C:1C,503.22844301789263,19.412852794990176
2895,15,24,5,21,11,6270,32,20,20,19,CC(C)S1:C:C(C#CS2([O][Na])CNC([O][Na])C2C(=O)[O][Na]):C(Br):C:C:1Cl,503.2239003725801,29.012709521163313
1015,6,4,4,9,8,6441,33,15,17,11,CCB1:C(CC):C(N(CC)CC):C:C:C:1=CC=C1C(=C(C#N)C#N)[SH](C(F)(F)F)CC1N,503.19215730827165,15.649313861871363
6298,32,19,17,21,19,2632,14,3,6,2,CS1:C:C(C(=N)C2SC(C(=O)[O][Na])N(C(F)(F)F)C2Br):C:C([SH](=O)=O):C:1[N+](=O)O,503.188126321048,18.592281346346933
8866,45,18,16,5,13,7560,38,24,4,14,CCOC(=O)S1:S:C(C=CC=CC2(C(C)C)SC(CC)CC2C(=O)O):C(Cl):C:C:1CN(CC(=O)O)CC(=O)O,503.1801650209733,21.358867831375132
4015,21,18,19,5,16,372,2,19,15,10,CCOC(=O)C1:C:S:C(C=CC=CC=CC2(C(=O)[O][Na]):C:C:C:C(S(=O)(=O)[O][Na]):C:2=C(C#N)C#N):C(Cl):S:1C(=O)[O][Na],503.16709997406423,17.268032020887485
4944,25,15,10,7,1,4531,23,5,10,20,COC1(N=NC2(Cl)CC([O][Na])CC2S(=O)(=O)[O][Na])OC(=C(C#N)C#N)CC1S(=O)(=O)[O][Na],503.1588749874489,19.94956337352284
6348,32,2,16,3,2,8863,45,19,2,11,CC1(C=CC(=O)S2:C:C(N):C:C([SH](=O)=O):S:2C(=O)[O][Na])CNC(CN(CC(=O)O)CC(=O)O)[SH]1[SH](=O)=O,503.0575863922901,35.501960918270576
6530,33,19,11,20,7,886,5,5,5,6,N[SH]1CC(C(=O)[O][Na])C(C=NS2:C:C(Cl):C(Cl):C([N+](=O)O):C:2)C1[O][Na],503.04410711347356,19.941864077550452
6523,33,24,13,9,1,7292,37,20,17,2,CCN(CC)C1(N=NC2([O][Na])COC(C(F)(F)F)C2[SH](=O)=O)C[SH](NC(C)=O)CC1C(C)C,503.0409011102098,17.334786370884874
8259,42,16,20,16,4,8455,43,6,25,12,N=C1:C:N([N+](=O)O):N(C=CC2:O:S:C(CN(CC(=O)O)CC(=O)O):C([O][Na]):C:2CN(CC(=O)O)CC(=O)O):C:C:1O,503.0107608056928,25.516616361571966
8842,45,15,24,16,7,7551,38,1,23,2,CCNC1CC([SH](=O)=O)C(N=CC2:C:C(CN(CC(=O)O)CC(=O)O):C(C(C)C):S:S:2=C(C#N)C#N)(N(C)C)S1,502.98199878791064,22.30188413592118
2578,13,15,19,26,3,2604,14,13,18,4,CCOC(=O)C1:S:C(CC):C:C:C:1(C=CC(=O)CC(=O)C=CC1:C:C(=C(C#N)C#N):C:S(C(=O)[O][Na]):C:1=O)NC(C)=O,502.9807202531874,23.991872900935793
470,3,22,19,10,15,5355,27,6,22,10,O=C([O][Na])C1:C:C:N(S(=O)(=O)O):C(C=CC=CCN2C(S(=O)(=O)[O][Na])CC(S(=O)(=O)O)N2[N+](=O)O):C:1S(=O)(=O)[O][Na],502.97717672566966,24.633172861364354
6202,32,17,21,19,6,4045,21,1,23,9,CCNC1:S:C(N(CC)CC):C:S(=CC2(C(=O)[O][Na])CN(Br)C[SH]2C(F)(F)F):C:1N(C)C,502.9417000048106,19.466847385777875
6473,33,17,20,3,20,7063,36,2,10,4,CCC1C(C=CC(C)=CC2(C)CC[SH](C(F)(F)F)C2[O][Na])OC([SH](=O)=O)C1S(=O)(=O)[O][Na],502.9414568688235,16.898674048429235
4434,23,4,7,7,17,9777,49,1,24,24,CCC1CC(C=CC=CC=CC=CN2ON(N(C)C)C(C(C)C)C2C(C)C)C(OC)C1OC,502.91826344017466,13.12960851025592
7405,38,26,24,24,13,6950,35,17,11,15,CC(C)C1C(C=CC=CC2(C(F)(F)F)CC(=C(C#N)C#N)NC2N)CS(=O)C1C(C)C,502.8530979959893,12.03132516159671
8539,43,7,11,10,15,3376,17,1,23,21,CCNC1:O:C(Br):C:N(CC=CC=CC2:C:C(S(=O)(=O)[O][Na]):C(N):N:N:2OC):C:1N(C)C,502.8507108566147,20.22358034317414
9286,47,5,25,1,3,3153,16,15,3,1,CN(C)C1:C(C=CC(=O)CC(=O)C=CN2:C:C(N(C)C):N(C):C:C:2=C(C#N)C#N):O:C:S(Cl):C:1=N,502.8469237308992,25.673358485187162
4100,21,18,7,1,17,2550,13,22,23,17,CCNC1:C(C(F)(F)F):S:C:C:C:1(C=CC=CC=CC=CC1:C:S(N(C)C):C(OC):C(C(=O)OCC):S:1)S(=O)(=O)O,502.84357766452547,27.422577643767305
6729,34,6,5,17,16,326,2,11,13,22,CC(=O)NC1:C:C(N):C(C=CC=CC=CC2(C(F)(F)F)CC(Cl)NC2[N+](=O)O):C:C:1S(=O)(=O)O,502.8237642327432,23.348177628843153
8922,45,15,2,19,11,6908,35,10,21,22,N#CC(C#N)=S1:C:C([SH](=O)=O):C(C(=O)[O][Na]):C(C#CC2C(S(=O)(=O)O)C(Br)NC2S(=O)(=O)[O][Na]):S:1,502.7938024192955,27.05181898992651
5684,29,10,26,3,13,3019,16,25,16,20,CC1(C=CC=CN2:C:C([O][Na]):N:C(CN(CC(=O)O)CC(=O)O):C:2=N)SNC(S(=O)(=O)[O][Na])C1=O,502.7279762862251,23.268952937047647
4608,24,15,2,15,2,7547,38,11,9,17,CCN(CC)C1C[SH](N)C(C(=O)C=CC2NC(=C(C#N)C#N)C([SH](=O)=O)C2=C(C#N)C#N)C1C(F)(F)F,502.6811289215578,25.38868516341943
9174,46,10,22,23,17,1543,8,8,22,19,CCNC1:C(S(=O)(=O)O):N:C(S(=O)(=O)[O][Na]):O:C:1C=CC=CC=CC=CC1(N=O):C:C:C(C(=O)[O][Na]):O:C:1S(=O)(=O)O,502.62534051448404,16.06632053469417
2751,14,14,14,3,3,2989,15,11,19,12,CC1:C:C(C=CC(=O)CC(=O)C=CC2(N):C:C(O):C:C:S:2C(=O)[O][Na]):C:C(C(=O)O):S:1C(=O)O,502.58488531256916,11.586050819103965
9365,47,1,10,15,9,8931,45,15,6,19,CN(C)C1:O:C(S2(=C(C#N)C#N):C:C:C(C(=O)[O][Na]):C:S:2[N+](=O)O):C(=C(C#N)C#N):C:S:1S(=O)(=O)[O][Na],502.5599955073145,15.518537494435083
1161,6,24,3,7,6,2846,15,16,19,5,COC1:C:C(C=C2:C:C:C(Cl):C(C(=O)[O][Na]):S:2CN(CC(=O)O)CC(=O)O):B:C(C(C)C):C:1C,502.54111517268973,27.16209342438671
2798,14,7,3,23,4,5127,26,19,9,15,CCNC1:C(C):S:C:C(OC):C:1C=C[SH]1C(=C(C#N)C#N)C(N(CC)CC)CC1C(=O)[O][Na],502.53278211397236,15.748082255374115
7312,37,11,23,10,20,2987,15,1,4,19,CCNC1OC(N)CC1(C=C(C)C=CC1(N(C)C):C:C:C:C(C(=O)[O][Na]):S:1CC)S(=O)(=O)[O][Na],502.429262811265,8.859456118269147
1978,10,26,20,23,13,4407,23,2,1,9,CCNN1:C:C(C=CC=CC2C(N(CC)CC)C(N(C)C)CC2[SH](=O)=O):C:C(=O):C:1[O][Na],502.42634154808945,27.27426252961895
9018,46,20,24,10,8,2327,12,23,16,17,CCNN1:C:C(CN(CC(=O)O)CC(=O)O):C(C(F)(F)F):C:C:1=CC=C1:C:C(S(=O)(=O)[O][Na]):N(C(C)C):C([O][Na]):O:1,502.3914101049625,22.839134973725436
2772,14,12,10,14,14,9585,48,6,10,8,O=NC1CS(OC2:C(O):C:S(S(=O)(=O)[O][Na]):C:C:2C(=O)O)([N+](=O)O)C(S(=O)(=O)[O][Na])S1,502.3581880215781,27.26057073650846
6502,33,20,15,14,19,9698,49,8,8,1,CN(C)C1C(N=O)N(N=O)ON1C(=N)C1C([O][Na])CS(=C(C#N)C#N)C1C(=O)O,502.2885770850224,39.2738280598793
6690,34,19,12,21,11,982,5,12,16,8,O=NC1:C:C:S(C#CC2C(Br)CN(O)C2C(=O)[O][Na]):C(O):C:1CN(CC(=O)O)CC(=O)O,502.28541751505963,42.061627889740066
881,5,19,25,26,15,2606,14,1,24,23,CCNC1:C:C:C(CC=CC=CC2:C:C(=O):C:C(=N):S:2C(=O)[O][Na]):C(N(C)C):S:1C(C)C,502.2852434660143,15.519656455210127
5778,29,16,25,17,2,2651,14,9,19,18,CCOC(=O)C1:C:C(C(=O)C=CC2(C(F)(F)F)CC(=N)N(CN(CC(=O)O)CC(=O)O)S2):C(N(CC)CC):S:C:1C(=O)[O][Na],502.2719883089432,17.75545568317615
760,4,5,26,5,3,6601,34,7,15,19,CON1C(=C(C#N)C#N)CC(C(=O)[O][Na])C1C=CC(=O)CC(=O)C=CC1:C:C(Cl):C(=O):C(Cl):O:1,502.254592596342,29.40882692879951
3485,18,18,25,5,3,1204,7,11,11,24,CCOC(=O)N1:C(C=CC(=O)CC(=O)C=CC2(N):C:C(N):O:C(C(C)C):C:2):C(Cl):S:C:C:1=N,502.23791774991304,13.003334289612319
453,3,6,6,16,20,4023,21,15,12,19,CC(C=CS1(=C(C#N)C#N):C:C(C(=O)[O][Na]):S:C:C:1O)=CC1:C:C(CN(CC(=O)O)CC(=O)O):C:C([N+](=O)O):N:1[N+](=O)O,502.224458420614,28.944556357722366
2509,13,7,26,13,3,347,2,8,8,19,COC1:C:C(=O):S(NC(C)=O):C:C:1C=CC(=O)CC(=O)C=CC1(N=O):C:C:C(N=O):C(C(=O)[O][Na]):C:1,502.2122966614735,29.760473176732273
8984,45,2,6,11,15,6439,33,7,9,11,CCN(CC)C1SC(N)CC1(CC=CC=CC1:C:C:C(N):S([N+](=O)O):S:1[SH](=O)=O)OC,502.1789105113007,18.148337797827466
2436,13,4,8,25,20,2516,13,22,16,10,CCC1:C:C(N=O):S:C(=N):C:1C=C(C)C=CC1(S(=O)(=O)O):C:C:S:C(S(=O)(=O)[O][Na]):C:1CN(CC(=O)O)CC(=O)O,502.07745951054784,14.155252573302095
2542,13,5,10,16,14,5238,27,6,15,7,COC1CC(=C(C#N)C#N)N([N+](=O)O)N1OC1:C(Cl):C:C(S(=O)(=O)[O][Na]):S:C:1CN(CC(=O)O)CC(=O)O,502.032771663619,32.62188892411603
1302,7,2,16,22,2,2981,15,19,13,6,CC(=O)NS1:C([N+](=O)O):C:C:C:C:1(C(=O)C=CC1:C([SH](=O)=O):C:C(CN(CC(=O)O)CC(=O)O):O:C:1S(=O)(=O)O)C(=O)[O][Na],501.9536794975148,34.02976045610549
5249,27,14,13,9,3,6407,33,23,5,18,CCNC1C(C=CC(=O)CC(=O)C=CC2C(N(CC)CC)CN(NC(C)=O)N2C(=O)O)CC(C(=O)OCC)[SH]1Cl,501.94593640440644,19.306055730028316
5629,29,2,4,3,16,813,5,16,23,16,CCNC1:C(CN(CC(=O)O)CC(=O)O):C:C:C:S:1(C=CC=CC=CC1(C)C(CC)CN[SH]1[SH](=O)=O)CN(CC(=O)O)CC(=O)O,501.9411240602561,37.222609967101086
2810,15,9,6,17,4,6754,34,21,3,3,CCN(CC)S1:C:C(C=CC2NC(Br)C(C)C2C):C(C(F)(F)F):C([N+](=O)O):C:1,501.8933458937744,12.095993569566021
3447,18,10,23,10,16,362,2,19,20,15,CCNC1:C(S(=O)(=O)[O][Na]):N:C(C=CC=CC=CC2(C(=O)[O][Na]):C:C:C([O][Na]):C(=C(C#N)C#N):C:2):C:S:1S(=O)(=O)[O][Na],501.7216131442112,22.261355594587386
4118,21,11,10,12,20,235,2,5,24,23,CCNC1:C:C:C(C(C)C):C(Cl)(C=CC(C)=CC2:C:S(O):C(S(=O)(=O)[O][Na]):C(N):S:2):C:1,501.71573456712224,21.35521227028663
2672,14,12,21,18,17,4082,21,25,19,17,CCOC(=O)C1:C(Br):S:C:C(O):C:1C=CC=CC=CC=CS1(=N):C:C:S(C(=O)[O][Na]):C(C(F)(F)F):C:1,501.68666673952856,19.877393637836967
9519,48,25,13,25,15,6651,34,15,21,7,COC1C(CC=CC=CC2C(=N)SC(NC(C)=O)S2=N)NC(=C(C#N)C#N)C1Br,501.6045558270811,11.354850725583614
7177,36,21,25,10,13,5012,26,5,19,6,N=C1OC(Br)C(C=CC=CS2(Cl)CC(C(=O)[O][Na])C([N+](=O)O)C2)C1S(=O)(=O)[O][Na],501.5956031865186,27.155318017797196
1522,8,12,25,20,16,3133,16,26,1,18,CCOC(=O)C1:C:N(C=CC=CC=CC2:C:C([O][Na]):O:C(=N):C:2O):C(=O):C(N(C)C):N:1,501.5668662225513,21.70173527429953
1847,10,23,22,10,20,2010,11,12,22,20,CCNC1:C(C=C(C)C=CC2(O):C:C([O][Na]):C:N:C:2S(=O)(=O)O):C:N(S(=O)(=O)[O][Na]):C:C:1S(=O)(=O)O,501.5529969049403,22.043778414986587
9472,48,16,4,20,2,6299,32,14,25,9,CCN(CC)N1CCS(C(=O)O)(C(=O)C=CC2([O][Na])C[SH](CC)C(CN(CC(=O)O)CC(=O)O)S2)C1=N,501.4840949546714,28.892336630317182
1034,6,7,5,26,16,4051,21,24,22,1,COB1:C(Cl):C:C(=O):C:C:1C=CC=CC=CS1:C:C(N(C)C):S:C(S(=O)(=O)O):C:1C(C)C,501.46750950729995,28.290438642117348
5830,30,6,21,25,17,4103,21,17,23,25,CCNC1:C:S(C=CC=CC=CC=CC2NC([N+](=O)O)N(Br)C2=N)(C(F)(F)F):C:C:S:1=N,501.4191009805839,21.245569337010565
2842,15,11,5,1,15,5152,26,18,18,7,CCOC(=O)C1CC(OC)S(CC=CC=CC2:C:C(N(C)C):C:S(Cl):C:2N)(C(=O)OCC)C1,501.3986271380807,10.664280265375677
5350,27,2,22,20,1,4036,21,24,22,23,CCNS1:C:C:S(N=NC2([O][Na])CCN(S(=O)(=O)O)N2[SH](=O)=O):C(C(C)C):C:1S(=O)(=O)O,501.3907393129356,17.525798047200848
2526,13,13,1,4,14,6687,34,15,4,25,CCC1:C(OC2NC(=C(C#N)C#N)C(CC)C2=N):C(NC(C)=O):C:C:S:1N(C)C,501.3433991156059,41.377622511176874
8134,41,19,2,14,18,5740,29,22,16,15,N#CC(C#N)=C1C(CN(CC(=O)O)CC(=O)O)CN(S(=O)(=O)O)[SH]1CNC1:O:N:C(C(=O)[O][Na]):C([SH](=O)=O):C:1C(=O)O,501.31764434615627,34.73776010311448
2210,12,9,15,10,18,6994,35,3,4,16,CCN(CC)C1:N:C(=C(C#N)C#N):C(S(=O)(=O)[O][Na]):C:C:1NCC1(C)CC(CN(CC(=O)O)CC(=O)O)N(CC)C1,501.30521707818934,30.045646586609113
3452,18,11,24,13,7,1853,10,5,8,20,CC(=O)NC1:S:C(C(C)C):C:N(N):C:1C=NC1(Cl):C:C:N(N=O):C([O][Na]):C:1,501.2695702433346,12.619731911018478
7523,38,17,7,22,3,8809,45,10,10,18,CCOC(=O)C1:C:S(C=CC(=O)CC(=O)C=CC2(S(=O)(=O)O)CC(OC)SC2C(F)(F)F):S:C(S(=O)(=O)[O][Na]):C:1S(=O)(=O)[O][Na],501.21211497264966,16.437583783722943
9550,48,4,18,12,16,5076,26,26,10,19,CCOC(=O)[SH]1C[SH](CC)C(C=CC=CC=C[SH]2(=O)CC(C(=O)[O][Na])C(S(=O)(=O)[O][Na])C2)C1O,501.1442272532183,16.51780276131699
9341,47,24,2,12,3,1032,6,6,16,18,CCOC(=O)C1:C:C:B(C=CC(=O)CC(=O)C=CC2:O:C(C(C)C):S([SH](=O)=O):C:C:2O):C([N+](=O)O):C:1CN(CC(=O)O)CC(=O)O,501.1313012594963,36.649201148181994
462,3,3,6,25,16,2266,12,1,24,19,CC(C)N1:C(C(=O)[O][Na]):C:C:C:C:1(C=CC=CC=CC1:C(=N):C([N+](=O)O):C:C:N:1C)N(C)C,501.0385377357149,15.52056401629206
1817,10,11,4,13,20,6727,34,18,10,12,CCOC(=O)C1(C=CC(C)=CC2:C:N:C(NC(C)=O):C(CC):C:2N)C(O)CCN1S(=O)(=O)[O][Na],501.03412366832436,4.325011711515365
7493,38,23,21,18,16,8703,44,24,5,5,CCN[SH]1CC(C=CC=CC=CN2:C:C(Cl):C:C(Cl):S:2C(C)C)C(C(=O)OCC)C1Br,501.0201065596426,27.631275809261478
7477,38,2,23,11,3,6323,32,9,16,11,CCNC1CSC([SH](=O)=O)C1(N)C=CC(=O)CC(=O)C=C[SH]1C(N)CN(CN(CC(=O)O)CC(=O)O)C1N(CC)CC,501.00167691710084,21.40808178638022
8919,45,4,6,6,15,8921,45,17,21,18,CCOC(=O)C1:C:S(CC=CC=CC2:S:S(CC):C([N+](=O)O):C:C:2[N+](=O)O):S(C(F)(F)F):C:C:1Br,500.9619596881022,28.33902483629446
5307,27,9,26,26,17,9533,48,22,12,15,CCN(CC)N1NC(C=CC=CC=CC=CS2(S(=O)(=O)O)CCS(=C(C#N)C#N)C2O)C(=O)C1=O,500.9484166635617,26.728695934170766
2872,15,4,17,19,2,2774,14,2,15,16,CCC1:S:C:C(C=CC(=O)C2:C:C(CN(CC(=O)O)CC(=O)O):C:S(=C(C#N)C#N):C:2[SH](=O)=O):C(C(=O)[O][Na]):C:1C(F)(F)F,500.9324547835793,27.29941457205501
9217,47,11,20,19,16,2483,13,24,25,5,CC(C)C1(C=CC=CC=CC2:O:C:S(N):C([O][Na]):C:2C(=O)[O][Na]):C:C:S:C(Cl):C:1=N,500.931657731455,24.880668083717357
5877,30,24,23,21,20,2123,11,19,4,11,CCNC1NC(Br)C(C=C(C)C=CC2:C:C(N):C(CC):N(C(=O)[O][Na]):C:2)N1C(C)C,500.91590691136787,24.908239221170806
5684,29,10,26,3,20,6906,35,19,18,3,CCOC(=O)N1CC(C)C(C=CC(C)=CC2(C)SNC(S(=O)(=O)[O][Na])C2=O)C1C(=O)[O][Na],500.87815311171215,8.852344058748569
5316,27,4,16,8,19,7388,37,18,19,10,CCOC(=O)C1(C(=N)C2(N=O)CC(CN(CC(=O)O)CC(=O)O)NN2CC)COC(C(=O)[O][Na])C1S(=O)(=O)[O][Na],500.8696271777079,27.80799132999464
8750,44,3,13,5,20,5614,29,18,3,14,CCOC(=O)S1(C=CC(C)=CC2:C(Cl):C:C(NC(C)=O):S:N:2C)C(C(=O)O)CCN1C,500.8595111680728,20.50058794758979
4039,21,5,3,23,17,4079,21,13,14,8,CCNC1:C(C=CC=CC=CC=CS2:C:C(N=O):S:C(C(=O)O):C:2NC(C)=O):S:C(Cl):C:S:1C,500.8386035707948,25.690092604420197
4720,24,7,7,14,6,7546,38,1,23,10,CCNC1C(S(=O)(=O)[O][Na])CC(=CC2(C(=O)O)CCC(OC)N2OC)[SH]1N(C)C,500.7352089692964,29.41144050507325
2726,14,24,1,20,2,7537,38,17,23,9,CCNC1CC(N(CC)CC)C(C(=O)C=CC2:C:C(C(C)C):S:C(N(C)C):C:2[O][Na])[SH]1C(F)(F)F,500.70936741917086,17.06843852562262
1131,6,9,17,6,11,4036,21,24,22,23,CCNS1:C:C:S(C#CC2:B:C(N(CC)CC):C:C(C(F)(F)F):C:2[N+](=O)O):C(C(C)C):C:1S(=O)(=O)O,500.7030762005837,16.126455180487874
3016,16,13,13,18,17,7485,38,14,16,12,CCOC(=O)C1:N:C:C(NC(C)=O):N(NC(C)=O):C:1C=CC=CC=CC=CC1(C(=O)O)CC(O)C[SH]1CN(CC(=O)O)CC(=O)O,500.6982811712677,28.01003116366508
6047,31,3,12,23,17,5304,27,20,4,14,CCNC1C(C=CC=CC=CC=CN2C(C(=O)O)C(CC)CN2[O][Na])OC(C)N1O,500.6836004906184,31.019834530523678
7308,37,26,9,24,20,2183,11,18,12,10,CCOC(=O)C1(C=CC(C)=CC2(C(C)C)C(=O)COC2N(CC)CC):C:C(S(=O)(=O)[O][Na]):C:N:C:1O,500.6830053762527,23.462718170261578
9566,48,7,24,19,2,7550,38,24,20,23,CCNC1CC(C(=O)C=CC2(C(=O)[O][Na])C(C(C)C)SC[SH]2OC)(C(C)C)SC1[O][Na],500.54698329237226,21.470567891601085
9446,48,4,1,21,16,4053,21,15,14,18,CCOC(=O)C1:C:S(C=CC=CC=CC2C(Br)[SH](N(C)C)C[SH]2CC):C(=C(C#N)C#N):C:S:1C(=O)O,500.5372959431321,29.661096997620593
5906,30,8,20,19,3,4748,24,13,12,14,CC(=O)NC1CN(C=CC(=O)CC(=O)C=CC2C(C(=O)[O][Na])N([O][Na])CN2N=O)C(C(=O)O)C1O,500.4712376191361,32.418919636561725
264,2,18,17,25,2,6432,33,11,9,19,CCOC(=O)C1:C:C:C(C(F)(F)F):C(=N):C:1C=CC(=O)C1(N)CC[SH](C(=O)[O][Na])C1N(CC)CC,500.4327103960839,6.299590524501207
9325,47,26,4,3,17,4048,21,20,15,19,CCC1:S:C(=O):O:C(C=CC=CC=CC=CS2:C:C([O][Na]):S(=C(C#N)C#N):C(C(=O)[O][Na]):C:2):C:1C,500.4222248421256,23.19132938369458
5935,30,19,7,12,11,8844,45,24,4,9,CCC1:C:C(N(CC)CC):C:S(C#CC2(O)C(OC)NCN2C(=O)[O][Na]):S:1C(C)C,500.4114040344698,21.09026798143036
6896,35,13,3,24,13,2595,13,1,4,19,CCS1:C:C:C(C=CC=CC2C(NC(C)=O)CN(C)C2C(C)C)(N(C)C):C:C:1C(=O)[O][Na],500.37493768270986,11.454282449037848
6549,33,22,7,12,20,1665,9,17,21,20,COC1SC(S(=O)(=O)O)CC1(O)C=C(C)C=CC1(C(F)(F)F):C:C([O][Na]):C:C(Br):O:1,500.29874312645177,11.052363171338474
7376,37,13,20,4,11,8981,45,14,9,8,CCN(CC)C1:S:S(C#CC2(CC)C(NC(C)=O)COC2[O][Na])(C(=O)O):C:C:C:1N=O,500.24936825979665,21.881386514288135
8769,44,24,14,4,2,2956,15,1,11,20,CCC1:C:C(C(=O)O):S(C(C)C):N:C:1C=CC(=O)C1(N(C)C):C:C([O][Na]):C:C:S:1N,500.24400386335947,20.177666664078057
1843,10,14,14,16,2,6883,35,20,20,25,N=C1C([O][Na])NCC1([O][Na])C(=O)C=CC1:C(C(=O)O):C:C(C(=O)O):N:C:1CN(CC(=O)O)CC(=O)O,500.22201934245106,18.91302011746899
1102,6,19,22,11,9,8670,44,17,9,6,CCN(CC)C1:C([N+](=O)O):C:N(C2:B:C(C(=O)[O][Na]):C(S(=O)(=O)O):C:C:2N):S:C:1C(F)(F)F,500.21617640407004,13.188012058338487
7412,38,13,18,23,1,7589,38,19,6,3,CCNC1(N=NC2(C(=O)[O][Na])CC(C)C([N+](=O)O)S2)CC(C(=O)OCC)[SH](NC(C)=O)C1,500.13727096313215,21.11736024490831
6538,33,1,20,5,6,6346,32,2,9,4,CCC1C(N(CC)CC)NC([SH](=O)=O)S1=CC1(Cl)C([O][Na])SCC1N(C)C,500.1348213897645,29.32379287886662
9466,48,20,23,17,5,6312,32,9,18,12,CCN[SH]1C[SH]([O][Na])C(N=S2CC(O)N(C(=O)OCC)C2N(CC)CC)(C(F)(F)F)C1,500.0894927542173,26.29653742088881
2462,13,21,13,5,7,9468,48,4,25,6,CCS1(N=CC2:C:C:C(Br):S(NC(C)=O):C:2Cl)C(=N)SCC1[N+](=O)O,500.0812703320902,12.13868422739216
8913,45,7,6,22,13,2756,14,6,9,16,CCN(CC)C1:S(CN(CC(=O)O)CC(=O)O):C:C:C:C:1(C=CC=CC1:S:S(OC):C:C([N+](=O)O):C:1S(=O)(=O)O)[N+](=O)O,500.0798263450223,31.86022719245553
993,5,19,9,3,9,6710,34,24,26,10,CCN(CC)C1:C(C):C:C:C(C2(C(C)C)NC(=O)CC2S(=O)(=O)[O][Na]):S:1C(=O)[O][Na],500.0676669457042,11.783126807515043
8942,45,3,6,17,16,889,5,3,22,10,CS1:S:C([N+](=O)O):C(C(F)(F)F):C:C:1C=CC=CC=CS1(C):C:C:C(S(=O)(=O)O):C(S(=O)(=O)[O][Na]):C:1,500.05713335359616,29.790475589781327
6350,32,26,10,6,20,9738,49,18,14,17,CCOC(=O)N1ON(C=CC(C)=CC2SC(=O)N(S(=O)(=O)[O][Na])C2[N+](=O)O)C(C(F)(F)F)C1C(=O)O,500.046591065937,35.64822341103885
2095,11,21,16,23,2,7402,38,19,5,1,CCNC1:C(C=CC(=O)C2(C(=O)[O][Na])CC(N(C)C)C[SH]2Cl):C:C(Br):N:C:1CN(CC(=O)O)CC(=O)O,500.00608851088793,38.000724201518416
4507,23,8,17,18,3,2857,15,9,25,16,CCOC(=O)C1C(C=CC(=O)CC(=O)C=CC2(N(CC)CC):C:C:C(CN(CC(=O)O)CC(=O)O):C(=N):S:2)C(N=O)CC1C(F)(F)F,499.9929878402435,31.86784016485842
322,2,20,8,23,13,5705,29,19,11,7,CCNC1:C:C(C=CC=CS2(C(=O)[O][Na])NCC(N)C2OC):C:C([O][Na]):C:1N=O,499.97294517119207,29.041907051824648
8372,42,10,1,23,2,7356,37,17,2,17,CCNC1:C(C=CC(=O)C2(C(F)(F)F)C([SH](=O)=O)OCC2C(F)(F)F):O:S:C(S(=O)(=O)[O][Na]):C:1N(C)C,499.9596052676296,23.259368165958
2787,14,22,15,16,15,549,3,5,12,6,N#CC(C#N)=S1:C:C(CN(CC(=O)O)CC(=O)O):C(C=CC=CCN2:C:C([N+](=O)O):C(O):C:C:2Cl):C(S(=O)(=O)O):C:1,499.9321759671376,22.346381630994642
1003,6,22,13,10,13,4541,23,2,2,6,CC(=O)NC1:C:B(S(=O)(=O)O):C(C=CC=CC2([SH](=O)=O)CC([N+](=O)O)C([SH](=O)=O)C2):C:C:1S(=O)(=O)[O][Na],499.84478108924725,27.800937669522558
6605,34,19,9,8,9,5665,29,5,4,10,CCC1C(S(=O)(=O)[O][Na])C[SH](C2(N=O)C(C(=O)[O][Na])NCC2N(CC)CC)N1Cl,499.83459434271253,20.498875321021462
7317,37,16,24,18,9,2470,13,19,12,24,CCOC(=O)C1OC(C(C)C)C(CN(CC(=O)O)CC(=O)O)C1C1(C(=O)[O][Na]):C:C(C(C)C):S:C:C:1O,499.8344667442062,35.23906252428779
6410,33,5,12,17,17,2179,11,24,14,26,CC(C)C1:C(C=CC=CC=CC=CC2CC(Cl)[SH](O)C2C(F)(F)F):C:C(=O):C:N:1C(=O)O,499.82610123132963,22.603703286931598
7505,38,8,19,13,2,9515,48,23,11,9,CCN[SH]1C[SH](C(=O)C=CC2C(NC(C)=O)C[SH](C(=O)[O][Na])C2N=O)C(N(CC)CC)C1N,499.8132691332644,17.442884034718205
9041,46,23,25,22,8,1852,10,24,19,21,CCNN1:C:O:C(=CC=C2:C:C:N(Br):C(C(=O)[O][Na]):C:2C(C)C):C(S(=O)(=O)O):C:1=N,499.7494183313339,41.02423027285076
5027,26,3,4,4,17,2298,12,16,21,24,CCC1CC(C=CC=CC=CC=CC2:C:C(C(C)C):C(Br):C:N:2CN(CC(=O)O)CC(=O)O)(CC)SC1C,499.71599069380454,19.512696500161248
3279,17,23,6,20,15,2673,14,9,7,9,CCNN1:C:C([N+](=O)O):O:C([O][Na]):C:1C=CC=CCC1(N(CC)CC):C:C:C(N(CC)CC):S(OC):C:1,499.6948235612864,15.679563117411718
8612,44,8,1,25,1,8891,45,16,14,15,CN(C)C1:C:C(=N):C(N=NS2:C:C(=C(C#N)C#N):C(C(=O)O):C:S:2CN(CC(=O)O)CC(=O)O):N:S:1N=O,499.62660282821423,23.45694587214012
737,4,8,16,23,3,2479,13,11,2,15,CCNC1:C:C(C=CC(=O)CC(=O)C=CC2(N):C:C:S([SH](=O)=O):C(=C(C#N)C#N):C:2):O:C(N=O):C:1CN(CC(=O)O)CC(=O)O,499.58399515271714,33.90299766678473
5646,29,17,20,4,12,5805,30,22,5,16,CCC1(C#CC#CN2C(CN(CC(=O)O)CC(=O)O)CN(Cl)C2S(=O)(=O)O)CC([O][Na])N[SH]1C(F)(F)F,499.5777926529523,28.154130203476132
8879,45,13,1,23,13,6919,35,21,5,17,CCNC1:C:C(C=CC=CC2C(Br)NC(Cl)C2C(F)(F)F):S(NC(C)=O):S:C:1N(C)C,499.5345984202907,15.92565550776337
235,2,5,24,23,3,7401,38,10,26,10,CCNC1:C:C:C(C(C)C):C(Cl):C:1C=CC(=O)CC(=O)C=CC1(S(=O)(=O)[O][Na])CC(S(=O)(=O)[O][Na])C(=O)S1,499.4808394751596,15.866053607781177
8458,43,4,9,10,2,3158,16,22,25,10,CCN(CC)N1:C:C:C(S(=O)(=O)[O][Na]):C(C=CC(=O)N2:C:C:N(S(=O)(=O)[O][Na]):C(=N):C:2S(=O)(=O)O):N:1CC,499.27504710194955,14.772066012024384
2661,14,23,20,22,19,8788,44,22,26,24,CCNC1:C:S([O][Na]):C(S(=O)(=O)O):C:C:1C(=N)N1:C:C(C(C)C):C(=O):C:S:1S(=O)(=O)O,499.27494345890227,24.792054931263348
2357,12,10,15,25,19,2636,14,20,8,8,N#CC(C#N)=C1:C:N(S(=O)(=O)[O][Na]):C:C(C(=N)C2:C:C(N=O):C:S(N=O):C:2[O][Na]):C:1=N,499.2320715229779,24.477753671084614
3121,16,7,13,15,19,4591,23,10,10,26,CON1:C(C(=N)C2(S(=O)(=O)[O][Na])CCC(=O)C2S(=O)(=O)[O][Na]):C:N:C(=C(C#N)C#N):C:1NC(C)=O,499.2204619243668,28.45479716385978
4691,24,23,22,12,16,938,5,23,21,9,CCNC1:C(Br):C(N(CC)CC):C:C:S:1C=CC=CC=CC1(O)CC(S(=O)(=O)O)C(NCC)N1,499.1817455420369,13.30562732571151
6424,33,21,16,11,13,5717,29,7,9,9,CCN(CC)C1CN(N(CC)CC)S(C=CC=CC2(N)CSC(CN(CC(=O)O)CC(=O)O)C2Br)(OC)C1,499.1530095684704,17.57342878440054
6410,33,5,12,17,17,5736,29,24,7,8,COC1CN(C(C)C)[SH](C=CC=CC=CC=CC2CC(Cl)[SH](O)C2C(F)(F)F)C1N=O,499.1284232476839,18.48274546468725
6210,32,2,10,20,1,7542,38,15,9,20,CCN(CC)C1CC([O][Na])C(N=NC2([O][Na])CN(S(=O)(=O)[O][Na])C([SH](=O)=O)S2)S1=C(C#N)C#N,499.10802193421176,22.42417019638635
9623,49,10,1,9,5,6763,34,24,2,5,CCN(CC)C1(N=C2C(Cl)CC([SH](=O)=O)N2C(C)C)NON(S(=O)(=O)[O][Na])C1N(C)C,499.10432439688464,21.433160345714896
5130,26,24,24,11,11,5352,27,20,9,16,CCN(CC)C1C([O][Na])NN(C#CC2(N)CC(C(C)C)C[SH]2C(C)C)C1CN(CC(=O)O)CC(=O)O,499.08783328155204,17.534647921062017
6459,33,13,23,9,20,2900,15,22,16,3,CCNC1SC(N(CC)CC)C(C=C(C)C=CC2(S(=O)(=O)O):C:C(C):C(CN(CC(=O)O)CC(=O)O):C:S:2)C1NC(C)=O,499.06458727217387,20.28421139330959
5401,28,14,21,4,12,2522,13,2,1,19,CCC1C(C#CC#CC2:C:C:S(C(=O)[O][Na]):C(N(C)C):C:2[SH](=O)=O)ON(C(=O)O)C1Br,498.947132962905,26.09095852164935
4116,21,22,16,14,15,8806,45,21,5,16,O=C(O)CN(CC(=O)O)CC1:C:C:S(Cl):S(Br)(CC=CC=CC2:C:S(C(=O)O):C(CN(CC(=O)O)CC(=O)O):C(S(=O)(=O)O):S:2):C:1,498.9432013299741,19.4132674961881
8854,45,21,24,25,20,7553,38,1,7,7,COC1CCC(C=CC(C)=CC2:C:C(=N):C(C(C)C):S(Br):S:2)(N(C)C)[SH]1OC,498.8788241838939,33.06999806401986
3451,18,3,2,12,6,5185,26,1,19,18,CCOC(=O)C1CS(=CC2:C(O):S:C:C([SH](=O)=O):N:2C)C(N(C)C)C1C(=O)[O][Na],498.8534341627307,23.134756843088343
2099,11,9,12,19,2,1245,7,14,9,26,CCN(CC)C1:C:N:C(O):C(C(=O)[O][Na]):C:1C=CC(=O)C1(C(=O)O):C:C:O:C(=O):C:1N(CC)CC,498.83695359650335,22.005540878677916
4788,24,1,1,17,17,1969,10,14,13,24,CC(=O)NC1:C:C(C=CC=CC=CC=CC2NC(N(C)C)C(N(C)C)C2C(F)(F)F)(C(=O)O):C:C:N:1C(C)C,498.8101767428636,16.54879785918717
6698,34,16,10,18,19,2975,15,24,23,16,CCNC1:C:C(CN(CC(=O)O)CC(=O)O):C:C(C(=N)C2(C(=O)OCC)CN(CN(CC(=O)O)CC(=O)O)CC2S(=O)(=O)[O][Na])(C(C)C):S:1,498.7955254115195,29.796369453932687
3275,17,2,4,2,18,4084,21,17,19,26,CCC1:C([SH](=O)=O):O:C:C(NCS2:C:C(=O):S:C(C(=O)[O][Na]):C:2C(F)(F)F):N:1[SH](=O)=O,498.7843589020787,14.136851828891666
7169,36,1,26,11,7,8893,45,11,20,1,CN(C)C1:C:C([O][Na]):S:S(N)(N=CC2C(N)C(=O)OC2N(C)C):C:1,498.7617235722033,19.426753438778164
1530,8,1,26,25,20,4084,21,17,19,26,CC(C=CS1:C:C(=O):S:C(C(=O)[O][Na]):C:1C(F)(F)F)=CC1:C(N(C)C):C(=O):O:C:C:1=N,498.70181737035534,26.38734471622717
5161,26,6,14,3,19,6529,33,15,19,2,CC1(C(=N)C2CS(=C(C#N)C#N)C(C(=O)[O][Na])C2[SH](=O)=O)CC(C(=O)O)C[SH]1[N+](=O)O,498.68901899811715,31.02984696919165
6586,33,13,21,14,11,6686,34,24,13,15,CC(=O)NC1CNC(C#CC2(C(=O)O)CC(NC(C)=O)[SH](Br)C2)(C(C)C)C1=C(C#N)C#N,498.6831062974432,30.10075804956924
7529,38,7,15,14,2,7378,37,22,21,22,CO[SH]1CC(C=CC(=O)C2(S(=O)(=O)O)CC(S(=O)(=O)O)OC2Br)C(C(=O)O)C1=C(C#N)C#N,498.6763578945782,16.8353764839627
8989,45,17,9,14,13,2653,14,1,21,17,CCN(CC)S1:C:C(C(=O)O):C:C(C=CC=CC2(N(C)C):C:C:C:S(C(F)(F)F):C:2Br):S:1C(F)(F)F,498.6639557728401,21.45706704783578
2957,15,9,16,17,8,9402,48,25,19,11,CCN(CC)C1:S:C(CN(CC(=O)O)CC(=O)O):C(C(F)(F)F):C:C:1=CC=S1(=N)CC(N)[SH](C(=O)[O][Na])C1,498.61626185596924,22.882759700666
5845,30,11,10,25,13,4047,21,13,4,14,CCC1:C(NC(C)=O):S(C=CC=CC2NC(N)N(S(=O)(=O)[O][Na])C2=N):C:C:S:1C(=O)O,498.5365270082569,22.231809150479133
6131,31,6,4,16,11,820,5,15,6,13,CCC1NC([N+](=O)O)OC1(C#CS1(=C(C#N)C#N):C:C:C([N+](=O)O):C(NC(C)=O):C:1)CN(CC(=O)O)CC(=O)O,498.4489294399008,26.799796377545608
6829,35,21,6,16,16,1975,10,7,21,19,COC1:C:N(Br):C(C(=O)[O][Na]):C:C:1C=CC=CC=CC1CC(Br)N([N+](=O)O)C1CN(CC(=O)O)CC(=O)O,498.44406198391823,29.172344822972768
7416,38,11,1,1,3,2459,13,18,14,18,CCOC(=O)C1:C:S(C(=O)O):C(C(=O)OCC):C:C:1C=CC(=O)CC(=O)C=CC1C[SH](N)C(N(C)C)C1N(C)C,498.38551432613383,7.001010970367193
7156,36,12,6,8,3,1284,7,14,20,6,O=NC1(C=CC(=O)CC(=O)C=CC2(C(=O)O):C:C([N+](=O)O):O:C:C:2[O][Na])C(O)OCC1[N+](=O)O,498.2293473129397,30.894955525263082
873,5,8,9,20,5,2726,14,24,1,20,CCN(CC)C1:C([O][Na]):C:C(N=C2:C:C([O][Na]):C(N(C)C):S:C:2C(C)C):S:C:1N=O,498.18028119647624,12.368083087443482
8932,45,7,16,7,3,4166,21,11,11,3,COC1:C:C:C(C=CC(=O)CC(=O)C=CS2(N):C:C:S(C):C(N):C:2):S(OC):S:1CN(CC(=O)O)CC(=O)O,498.1794314914604,28.939925769116467
5507,28,14,12,20,17,2728,14,14,26,16,O=C(O)CN(CC(=O)O)CC1:C:C:C(C=CC=CC=CC=CC2ON(C(=O)O)C(O)C2[O][Na])(C(=O)O):C:S:1=O,498.1761751157302,32.89686277513243
3488,18,12,16,5,2,344,2,10,22,11,NC1:C:C:C(C(=O)C=CC2:C(Cl):S:C(CN(CC(=O)O)CC(=O)O):C:N:2O)(S(=O)(=O)[O][Na]):C(S(=O)(=O)O):C:1,498.1106102055037,24.48687093133618
8994,45,10,21,23,18,2425,13,7,8,7,CCNC1:C:C:S(Br):S(S(=O)(=O)[O][Na]):C:1NCC1(OC):C:C(OC):S:C:C:1N=O,498.02826770240506,29.50032386462145
2744,14,23,22,8,14,4562,23,23,22,19,CCNC1:C:S(S(=O)(=O)O):C:C(N=O):C:1OC1(NCC)CC(C(=O)[O][Na])CC1S(=O)(=O)O,498.0258453504051,20.98421953451548
4524,23,5,13,13,3,599,3,14,6,15,CC(=O)NC1CCC(C=CC(=O)CC(=O)C=CN2:C:C(=C(C#N)C#N):C:C([N+](=O)O):C:2C(=O)O)(NC(C)=O)C1Cl,498.0007595358021,30.49808817117119
2497,13,2,6,10,18,6534,33,12,26,10,O=C1SCC(S(=O)(=O)[O][Na])C1(O)CNC1:C:C([SH](=O)=O):C([N+](=O)O):S(S(=O)(=O)[O][Na]):C:1,497.9820672071581,26.27981771138588
457,3,15,25,7,10,7464,38,10,18,10,CCOC(=O)C1CC(S(=O)(=O)[O][Na])C(=C2:N:C:C(=C(C#N)C#N):C(=N):C:2OC)[SH]1S(=O)(=O)[O][Na],497.96692842277326,24.820620749572743
2340,12,18,9,4,17,6911,35,4,5,16,CCOC(=O)C1:C(C=CC=CC=CC=CC2(CC)CC(CN(CC(=O)O)CC(=O)O)NC2Cl):C(CC):C:C:N:1N(CC)CC,497.89950788055705,20.359994977859202
1935,10,17,10,19,11,429,3,9,25,23,CCNC1:C:N(C#CC2:C:N(C(=O)[O][Na]):C(S(=O)(=O)[O][Na]):C:C:2C(F)(F)F):C(N(CC)CC):C:C:1=N,497.8787037582603,25.262012908500246
3777,19,20,17,4,17,3584,18,5,18,4,CCOC(=O)S1:C:C(Cl):N(C=CC=CC=CC=CC2:O:C([O][Na]):C(C(F)(F)F):O:C:2CC):C:C:1CC,497.8704191021995,18.53989190724404
3514,18,21,8,21,13,6331,32,16,1,5,CN(C)C1NC(CN(CC(=O)O)CC(=O)O)[SH](C=CC=CC2:C(Br):S(N=O):C:C:N:2Br)C1Cl,497.84044937483077,16.392192957462623
6557,33,14,12,13,15,2838,15,10,19,11,CC(=O)NC1(C=CC=CCC2:C:C(N):C(C(=O)[O][Na]):C(S(=O)(=O)[O][Na]):S:2)C(O)SCC1C(=O)O,497.8213589727337,21.195159174347758
6256,32,21,6,14,15,202,2,4,2,18,CCOC(=O)C1:C:C(CC=CC=CC2CN(C(=O)O)C([N+](=O)O)[SH]2Br):C(CC):C([SH](=O)=O):C:1,497.7736168144958,13.671811415141093
8944,45,2,18,3,11,2904,15,5,6,10,CCOC(=O)S1:C:C:C(C):C(C#CC2(Cl):C:C(S(=O)(=O)[O][Na]):C([N+](=O)O):C:S:2):S:1[SH](=O)=O,497.7253170283091,24.14135530412598
2530,13,18,13,14,7,2592,13,17,5,3,CCOC(=O)C1:C:C:S(NC(C)=O):C(C(=O)O):C:1C=NC1:C:C(C):S(Cl):C(C(F)(F)F):C:1,497.6139969139787,21.940696771293787
9294,47,22,12,23,10,8892,45,9,16,5,CCNC1:C:S(O):C(S(=O)(=O)O):O:C:1=S1(N(CC)CC):C:C(Cl):C:C:S:1CN(CC(=O)O)CC(=O)O,497.60527110059337,8.122984947790773
3167,16,14,2,6,15,6473,33,17,20,3,CC1C(CC=CC=CC2:C([N+](=O)O):N:C:C([SH](=O)=O):N:2C(=O)O)C[SH](C(F)(F)F)C1[O][Na],497.58457428148415,35.979470654128036
4537,23,24,5,17,16,435,3,19,17,6,CC(C)C1C(Cl)CCC1(C=CC=CC=CN1:C:C:C([N+](=O)O):C(C(F)(F)F):C:1C(=O)[O][Na])C(F)(F)F,497.5776617208059,20.533327168216807
8963,45,11,19,23,6,7522,38,10,24,25,CCNC1:C:C(C(=O)[O][Na]):S:S(N):C:1C=C1SC(S(=O)(=O)[O][Na])C(C(C)C)C1=N,497.55510986390607,22.658646847183665
1417,8,17,26,3,20,5601,29,15,20,25,CC(C=C[SH]1(=C(C#N)C#N)CC(=N)C([O][Na])N1)=CC1:C:C(C(F)(F)F):O:C(=O):C:1C,497.5246131608516,24.60194355554326
6229,32,21,12,9,6,6359,32,24,19,14,CCN(CC)C1(C=[SH]2(C(C)C)CC(C(=O)O)NC2C(=O)[O][Na])SC(Br)NC1O,497.5098568660428,22.886271470066895
8644,44,15,2,26,13,6818,35,8,2,6,N#CC(C#N)=S1:C:C([SH](=O)=O):C(=O):C(C=CC=CC2(N=O)C([N+](=O)O)CNC2[SH](=O)=O):N:1,497.49162518833145,43.767066684696324
8025,41,9,23,1,13,6307,32,25,13,16,CCNC1:C(N(CC)CC):N:O:C(C=CC=C[SH]2C(=N)N(NC(C)=O)CC2CN(CC(=O)O)CC(=O)O):C:1N(C)C,497.4879868427993,23.06823442638255
1980,10,2,20,23,9,4342,22,23,1,15,CCNC1=C(C2:C:N(NCC):C([O][Na]):C:C:2[SH](=O)=O)C(=C(C#N)C#N)C=C1N(C)C,497.47485513660524,21.01157796615725
2391,12,4,23,3,6,4476,23,19,10,18,CCNC1:C:N(CC):C:C(C=C2CC(C(=O)[O][Na])C(S(=O)(=O)[O][Na])C2C(=O)OCC):C:1C,497.4674565049352,23.329307716132167
3458,18,3,23,12,20,1474,8,4,20,18,CCNC1:S:C(O):C(C=C(C)C=CC2(CC):C:O:C([O][Na]):C(C(=O)OCC):C:2):N:C:1C,497.422741756732,14.91621619597384
4945,25,24,26,16,4,2273,12,4,18,20,CCOC(=O)C1:C([O][Na]):C:C:C(C=CC2(CN(CC(=O)O)CC(=O)O)CC(=O)C(C(C)C)O2):N:1CC,497.4110245365822,31.339141178742274
3231,17,23,13,23,16,6906,35,19,18,3,CCNC1:N:C(C=CC=CC=CC2C(C)CN(C(=O)OCC)C2C(=O)[O][Na]):C(NCC):O:C:1NC(C)=O,497.3709747839953,30.851088654939325
8567,43,8,19,26,3,2900,15,22,16,3,CC1:C:C(C=CC(=O)CC(=O)C=CC2:N:N(N=O):C:C(C(=O)[O][Na]):C:2=O)(S(=O)(=O)O):S:C:C:1CN(CC(=O)O)CC(=O)O,497.36628739505386,18.629100636841585
236,2,20,20,13,15,5192,26,8,19,10,CC(=O)NC1:C(C=CC=CCS2(N=O)CCC(C(=O)[O][Na])C2S(=O)(=O)[O][Na]):C:C:C([O][Na]):C:1[O][Na],497.3647240290179,18.83275181866499
6506,33,10,26,23,6,986,5,10,18,7,CCNC1(C=S2(S(=O)(=O)[O][Na]):C:C:C:C(OC):C:2C(=O)OCC)CSC(=O)C1S(=O)(=O)[O][Na],497.3468976735993,22.542973410509163
214,2,10,25,18,2,2516,13,22,16,10,CCOC(=O)C1:C(C=CC(=O)C2(S(=O)(=O)O):C:C:S:C(S(=O)(=O)[O][Na]):C:2CN(CC(=O)O)CC(=O)O):C:C(S(=O)(=O)[O][Na]):C:C:1=N,497.33720715823273,33.24298044549382
7500,38,19,23,24,18,6528,33,22,24,20,CCN[SH]1CC(C(C)C)C(NCC2(S(=O)(=O)O)CC[SH]([O][Na])C2C(C)C)C1C(=O)[O][Na],497.33421563244553,26.38812604299983
3879,20,1,24,21,3,7219,37,9,6,13,CCN(CC)C1(C=CC(=O)CC(=O)C=CC2:O:C:C(N(C)C):S(C(C)C):C:2Br)C(NC(C)=O)COC1[N+](=O)O,497.30331010794725,12.576632871559491
5625,29,17,9,10,11,5049,26,24,1,14,CCN(CC)C1CN(C(F)(F)F)SC1(C#CS1(C(C)C)CCC(N(C)C)C1C(=O)O)S(=O)(=O)[O][Na],497.29788630646243,26.44804376143094
2848,15,6,8,23,17,1164,6,5,6,23,CCNC1:C:B(C=CC=CC=CC=CC2:C:S([N+](=O)O):C:C(N=O):C:2NCC):C:C(Cl):C:1[N+](=O)O,497.29564262998076,9.34510759331121
1004,6,2,20,5,15,5170,26,17,9,4,CCC1CC(N(CC)CC)CS1(CC=CC=CC1:B([SH](=O)=O):C:C([O][Na]):C:C:1Cl)C(F)(F)F,497.2887479421426,18.347779165784974
2244,12,19,26,22,17,7449,38,22,19,4,CCC1CC(C(=O)[O][Na])[SH](S(=O)(=O)O)C1C=CC=CC=CC=CC1:C:N:C(C(=O)[O][Na]):C(=O):C:1S(=O)(=O)O,497.27643222655377,17.64788864304194
4788,24,1,1,17,3,8993,45,19,9,18,CCOC(=O)C1:C:C:S(N(CC)CC):S(C=CC(=O)CC(=O)C=CC2NC(N(C)C)C(N(C)C)C2C(F)(F)F)(C(=O)[O][Na]):C:1,497.2309751412834,24.45189034256538
6284,32,19,4,16,9,5024,26,22,18,16,CCOC(=O)C1CCC(CN(CC(=O)O)CC(=O)O)S1(C1C(CN(CC(=O)O)CC(=O)O)N(CC)C[SH]1C(=O)[O][Na])S(=O)(=O)O,497.17678286126846,29.153486488733837
6823,35,25,6,11,3,345,2,8,15,3,CC1:C:C(C=CC(=O)CC(=O)C=CC2C(=N)C([N+](=O)O)NC2N):C:C(N=O):C:1=C(C#N)C#N,497.1640976386405,16.90114334569686
9598,48,18,5,2,17,2438,13,22,3,16,CCOC(=O)[SH]1C[SH](Cl)C([SH](=O)=O)C1C=CC=CC=CC=CC1(S(=O)(=O)O):C:C(CN(CC(=O)O)CC(=O)O):S:C:C:1C,497.1604341498379,26.892250895552273
8942,45,3,6,17,16,5784,29,23,8,15,CCNS1(C=CC=CC=CC2:C:C(C(F)(F)F):C([N+](=O)O):S:S:2C)NCC(N=O)C1=C(C#N)C#N,497.1127759433978,21.7988277001996
6404,33,26,20,19,13,3131,16,25,9,14,CCN(CC)N1:C:C(=N):N(C=CC=CC2C(=O)C[SH]([O][Na])C2C(=O)[O][Na]):C:C:1C(=O)O,497.0562219814595,20.544001179510936
5919,30,20,18,9,9,9425,48,26,15,10,CCOC(=O)C1NCC(N(CC)CC)([SH]2C(=O)S(=C(C#N)C#N)CC2S(=O)(=O)[O][Na])N1[O][Na],497.0377466594511,18.821762581792093
1925,10,4,5,8,13,379,2,20,21,23,CCNC1:C:C:C(Br):C(C=CC=CC2:C:C(CC):C(Cl):N(N=O):C:2)([O][Na]):C:1,497.0193696876666,12.894729136066092
8558,43,17,3,16,16,4135,21,3,16,10,CN1:C(CN(CC(=O)O)CC(=O)O):C:C:C(C=CC=CC=CS2(C):C:C:S(S(=O)(=O)[O][Na]):C:C:2CN(CC(=O)O)CC(=O)O):N:1C(F)(F)F,497.0100571808439,31.232827784265297
2879,15,1,12,1,2,6992,35,4,14,21,CCN1CC(C(=O)C=CC2:C:S(N(C)C):C:C(O):C:2N(C)C)C(Br)C1C(=O)O,496.9728334554122,27.443396794736874
2511,13,7,5,8,16,429,3,9,25,23,CCNC1:C:N(C=CC=CC=CC2:C(N=O):S:C:C(Cl):C:2OC):C(N(CC)CC):C:C:1=N,496.95222595460274,18.555902346800607
482,3,2,23,17,17,6210,32,2,10,20,CCNC1:C(C(F)(F)F):C:C:C(C=CC=CC=CC=C[SH]2C([O][Na])CN(S(=O)(=O)[O][Na])C2[SH](=O)=O):N:1[SH](=O)=O,496.9206410778238,11.36517384505464
4190,21,19,26,13,16,2437,13,17,10,26,CC(=O)NC1:S:C(=O):C(C(=O)[O][Na]):S:C:1C=CC=CC=CC1(C(F)(F)F):C:C(S(=O)(=O)[O][Na]):S:C(=O):C:1,496.89844829376545,12.648523870090775
4728,24,21,23,14,11,9419,48,10,9,24,CCNC1CCC(C#C[SH]2C(C(C)C)C[SH](N(CC)CC)C2S(=O)(=O)[O][Na])(C(=O)O)N1Br,496.8440817991547,31.73431424420629
8985,45,4,4,4,3,5049,26,24,1,14,CCC1:C:C(C=CC(=O)CC(=O)C=CS2(C(C)C)CCC(N(C)C)C2C(=O)O):S(CC):S:C:1CC,496.8030248000059,11.304569637888253
5056,26,23,23,7,3,4140,21,13,7,14,CCNC1C[SH](NCC)C(C=CC(=O)CC(=O)C=CS2:C:C:S(C(=O)O):C(OC):C:2NC(C)=O)(OC)C1,496.7912910005099,20.757370658162944
6631,34,19,7,4,6,5053,26,11,22,9,CCN(CC)C1CC(S(=O)(=O)O)C[SH]1(N)=CC1(CC)CN(C(=O)[O][Na])CC1OC,496.7900802706619,26.91689805527124
826,5,9,10,5,2,6622,34,18,12,21,CCOC(=O)N1CC(O)C(Br)C1C(=O)C=CC1:C:C(Cl):C(S(=O)(=O)[O][Na]):C(N(CC)CC):S:1,496.78550657078233,18.04251771562929
1178,6,14,24,14,16,7030,36,8,19,8,CC(C)C1:B(C(=O)O):C(C=CC=CC=CC2(N=O)OC(C(=O)[O][Na])CC2N=O):C:C:C:1C(=O)O,496.73106334307766,23.744666756368833
8836,45,5,10,23,13,9506,48,20,8,17,CCNC1:C:C(C=CC=CS2([O][Na])C(N=O)SCC2C(F)(F)F):S(Cl):S:C:1S(=O)(=O)[O][Na],496.72763433443504,15.824876274240822
5327,27,5,14,10,14,1372,7,9,2,17,CCN(CC)C1(OC2(S(=O)(=O)[O][Na])C(C(=O)O)CNN2Cl):C:C([SH](=O)=O):O:C(C(F)(F)F):C:1,496.72597438271566,33.746171949076675
2695,14,9,12,4,20,4016,21,18,15,25,CCOC(=O)S1(C=CC(C)=CC2:C:C(N(CC)CC):S(O):C:C:2CC):C:C:S(=N):C:C:1=C(C#N)C#N,496.7037898458983,29.697199601458472
9484,48,5,14,4,13,4430,23,16,6,11,CCC1(C=CC=CC2(CN(CC(=O)O)CC(=O)O)C(N)CCC2[N+](=O)O)C[SH](C(=O)O)C[SH]1Cl,496.6825252076561,29.6576659135454
1598,8,19,14,3,15,7536,38,23,7,13,CCNC1(CC=CC=CC2:C(C(=O)[O][Na]):C:O:C(C(=O)O):C:2C)CCC(NC(C)=O)[SH]1OC,496.6735472146368,20.379518614312037
1049,6,16,13,22,13,6645,34,14,25,17,CC(=O)NC1:C:C:C(S(=O)(=O)O):C(C=CC=CC2(C(=O)O)CC(C(F)(F)F)C(=N)N2):B:1CN(CC(=O)O)CC(=O)O,496.6650663428938,31.869569773749625
4185,21,20,7,13,11,9558,48,5,15,5,COC1:C:S([O][Na]):C(C#C[SH]2C[SH](Cl)C(=C(C#N)C#N)C2Cl):C:S:1NC(C)=O,496.6451133038616,23.50730280462062
1909,10,10,12,8,13,4583,23,1,12,15,CN(C)C1CC(C=CC=CC2:C:C(S(=O)(=O)[O][Na]):C(O):N:C:2N=O)C(=C(C#N)C#N)C1O,496.6224277477507,25.8194887169559
1101,6,15,21,3,18,6615,34,14,10,9,CCN(CC)C1CCC(CNC2:B:C(=C(C#N)C#N):C(Br):C(C):C:2)(C(=O)O)N1S(=O)(=O)[O][Na],496.5646256589281,20.944748759168235
8657,44,3,24,15,3,6763,34,24,2,5,CC(C)C1:C:C(=C(C#N)C#N):C(C=CC(=O)CC(=O)C=CC2C(Cl)CC([SH](=O)=O)N2C(C)C):N(C):S:1,496.53679443630955,25.43219961677531
4413,23,11,13,19,13,6987,35,4,16,12,CCC1C(C=CC=CC2(C(=O)[O][Na])C(N)CCC2NC(C)=O)C(O)CN1CN(CC(=O)O)CC(=O)O,496.50448428432435,27.640851024735472
3234,17,19,8,4,2,5982,30,13,11,24,CCC1:O:C(N=O):C:N(C(=O)[O][Na]):C:1C=CC(=O)N1CC(C(C)C)N(N)C1NC(C)=O,496.50405876734783,18.658150614930744
3971,20,6,26,9,2,361,2,19,19,7,CCN(CC)C1:C(C=CC(=O)C2(C(=O)[O][Na]):C:C:C(C(=O)[O][Na]):C(OC):C:2):O:C([N+](=O)O):C:S:1=O,496.4886632743229,23.025572130049042
4615,24,19,9,5,9,6636,34,16,17,14,CCN(CC)C1CN(C(=O)[O][Na])C(C2(CN(CC(=O)O)CC(=O)O)CC(C(=O)O)C(C(F)(F)F)N2)C1Cl,496.4229785811114,28.8061485666088
6376,32,25,20,10,11,2357,12,10,15,25,N#CC(C#N)=C1:C:N(S(=O)(=O)[O][Na]):C(C#CC2(S(=O)(=O)[O][Na])SC(=N)NC2[O][Na]):C:C:1=N,496.31083824017486,17.548825912070416
5104,26,25,17,23,1,157,1,2,17,15,CCNC1(N=NC2=CC(=C(C#N)C#N)C(C(F)(F)F)=C2[SH](=O)=O)CC(C(F)(F)F)CS1=N,496.306777643664,30.635629038280477
6288,32,16,22,8,5,5738,29,19,6,19,O=NC1NC(S(=O)(=O)O)[SH](CN(CC(=O)O)CC(=O)O)C1N=[SH]1(C(=O)[O][Na])CC(C(=O)[O][Na])C([N+](=O)O)N1,496.297128160986,30.886006716010275
8645,44,18,16,2,20,8915,45,6,14,21,CCOC(=O)N1:S:C(CN(CC(=O)O)CC(=O)O):C([SH](=O)=O):C:C:1C=C(C)C=CS1:C:C(Br):C(C(=O)O):C([N+](=O)O):S:1,496.2395805760754,25.241568521662348
1521,8,8,18,5,8,5731,29,22,2,19,CCOC(=O)C1:O:C(Cl):C:C(=CC=[SH]2(S(=O)(=O)O)CC(C(=O)[O][Na])C([SH](=O)=O)N2):C:1N=O,496.22228351336855,26.269333635558077
4089,21,13,1,1,3,2031,11,17,24,17,CC(=O)NS1:C(N(C)C):C:S:C(N(C)C):C:1C=CC(=O)CC(=O)C=CC1:C:C(C(F)(F)F):C:N(C(C)C):C:1C(F)(F)F,496.14897860241325,6.583769719843269
6479,33,15,26,5,4,2261,12,14,9,2,CCN(CC)N1:C:C([SH](=O)=O):C:C:C:1(C=CC1C(=C(C#N)C#N)C(=O)SC1Cl)C(=O)O,496.0991412825368,20.658067034221926
4077,21,21,24,9,8,236,2,20,20,13,CCN(CC)S1:C:C(=CC=C2:C:C(NC(C)=O):C([O][Na]):C([O][Na]):C:2):S(Br):C:C:1C(C)C,496.02514941003864,28.4630278691137
963,5,18,3,11,16,4073,21,21,17,14,CCOC(=O)C1:C:C(C):C(N):C(C=CC=CC=CS2(Br):C:C:S:C(C(=O)O):C:2C(F)(F)F):S:1,496.02107008069027,14.026535800926368
866,5,7,19,20,18,4537,23,24,5,17,COS1:C(NCC2(C(C)C)C(Cl)CCC2C(F)(F)F):C:C([O][Na]):C:C:1C(=O)[O][Na],495.9764784545552,15.854698577829316
3443,18,19,7,14,1,6826,35,8,15,20,COC1:C:N(C(=O)[O][Na]):C(N=NC2CN(N=O)C(=C(C#N)C#N)C2[O][Na]):C(C(=O)O):S:1,495.9385565420258,28.565391673314345
6229,32,21,12,9,3,1905,10,7,13,5,CCN(CC)C1(C=CC(=O)CC(=O)C=CC2(OC):C:C(Cl):N:C:C:2NC(C)=O)SC(Br)NC1O,495.89177040570473,10.422839758912014
5697,29,11,19,3,1,368,2,15,16,17,CC1CN(C(=O)[O][Na])[SH](N)C1N=NC1:C:C:C(C(F)(F)F):C(CN(CC(=O)O)CC(=O)O):C:1=C(C#N)C#N,495.8837605963645,46.665604595516314
4478,23,19,10,14,16,1163,6,4,6,10,CCC1:B(C=CC=CC=CC2CC(C(=O)[O][Na])C(S(=O)(=O)[O][Na])C2C(=O)O):C:C:C(S(=O)(=O)[O][Na]):C:1[N+](=O)O,495.8672913529673,29.453233709746794
1962,10,18,10,11,2,5250,27,21,25,9,CCOC(=O)C1:C:C:C(C=CC(=O)N2NC(Br)C(=N)C2N(CC)CC):C(N):N:1S(=O)(=O)[O][Na],495.8253841177813,19.480609360743284
6897,35,4,16,24,7,997,5,5,19,15,CCC1C(CN(CC(=O)O)CC(=O)O)NC(C(C)C)C1C=NS1(Cl):C:C:C(C(=O)[O][Na]):C(=C(C#N)C#N):C:1,495.7935988873026,25.253345367853658
5693,29,18,5,24,16,9475,48,5,24,15,CCOC(=O)N1CC(Cl)C(C=CC=CC=C[SH]2CC(=C(C#N)C#N)[SH](C(C)C)C2Cl)(C(C)C)S1,495.77799923687337,30.633021949697053
6274,32,18,17,7,2,1756,9,24,10,8,CCOC(=O)C1NC(C(F)(F)F)C(C=CC(=O)C2(C(C)C):C:C(N=O):C:C(S(=O)(=O)[O][Na]):O:2)(OC)S1,495.7681367008293,19.514623986060286
2527,13,16,21,13,4,7500,38,19,23,24,CCN[SH]1CC(C(C)C)CC1(C=CC1:C:C(CN(CC(=O)O)CC(=O)O):C:S(Br):C:1NC(C)=O)C(=O)[O][Na],495.76185699915004,33.595171825643185
2459,13,18,14,18,8,2248,12,16,22,19,CCOC(=O)C1:C:C(=CC=C2:C:C(C(=O)[O][Na]):C:C(S(=O)(=O)O):N:2CN(CC(=O)O)CC(=O)O):C(C(=O)OCC):S(C(=O)O):C:1,495.7417318433474,29.254801977652914
5703,29,20,18,24,11,3490,18,11,13,23,CCNC1:C:N(C#CC2SN([O][Na])C(C(=O)OCC)C2C(C)C):C(N):C(NC(C)=O):S:1,495.68845161274294,11.935875843362966
8550,43,8,2,15,14,5751,29,1,10,21,CN(C)C1N[SH](OC2:C:C(=C(C#N)C#N):C([SH](=O)=O):N:N:2N=O)C(Br)C1S(=O)(=O)[O][Na],495.68641799093996,35.07512524221677
396,2,5,1,26,17,2347,12,19,12,10,CN(C)C1:C:C:C(Cl):C(C=CC=CC=CC=CC2(C(=O)[O][Na]):C:C:C(S(=O)(=O)[O][Na]):C(O):N:2):C:1=O,495.6653118811093,14.977803499103526
4007,21,14,8,2,3,2517,13,8,25,21,N=C1:C(N=O):C(C=CC(=O)CC(=O)C=CC2:C:S([SH](=O)=O):C(N=O):C:S:2C(=O)O):C:C:S:1Br,495.64796535794795,24.985363602886217
2797,14,6,7,4,15,2476,13,9,14,16,CCC1:C:S:C(OC):C([N+](=O)O):C:1C=CC=CCC1:C:C:S(CN(CC(=O)O)CC(=O)O):C(C(=O)O):C:1N(CC)CC,495.64617096253204,14.152144273762104
9457,48,5,14,24,19,7503,38,23,16,20,CCNC1(C(=N)C2SC(Cl)[SH](C(=O)O)C2C(C)C)CCC([O][Na])[SH]1CN(CC(=O)O)CC(=O)O,495.5658915923244,32.289198322036526
3065,16,26,23,9,8,847,5,24,20,4,CCNC1:C(=O):N:C(=CC=S2(C(C)C):C:C:C:C(CC):C:2[O][Na]):C:N:1N(CC)CC,495.54232610850806,14.729885093927857
8935,45,13,19,16,4,2458,13,12,17,2,CC(=O)NC1:S:S:C(C=CC2(O):C:C:S(C(F)(F)F):C([SH](=O)=O):C:2):C(CN(CC(=O)O)CC(=O)O):C:1C(=O)[O][Na],495.50899072636037,24.597275357854336
919,5,14,24,6,10,7559,38,10,14,14,CC(C)C1:C:C(C(=O)O):S:C(=C2C(C(=O)O)CC(C(=O)O)[SH]2S(=O)(=O)[O][Na]):C:1[N+](=O)O,495.48725373910474,35.59409483145937
1878,10,2,9,3,16,5031,26,10,17,20,CCN(CC)C1:C:C([SH](=O)=O):C(C=CC=CC=C[SH]2CC([O][Na])C(C(F)(F)F)C2S(=O)(=O)[O][Na]):C:N:1C,495.4207424835816,20.601690273629277
3080,16,12,1,9,17,7479,38,15,12,25,CCN(CC)C1:N:C:C(C=CC=CC=CC=CC2C(=N)CC(O)S2=C(C#N)C#N):N(O):C:1N(C)C,495.3950851058268,29.975570530741834
6525,33,26,21,17,16,4005,21,4,15,21,CCS1(C=CC=CC=CC2(C(F)(F)F)C[SH](Br)CC2=O):C:C:S(=C(C#N)C#N):C(Br):C:1,495.37404643003026,26.050376343364224
1933,10,15,4,17,3,9517,48,23,6,23,CCNC1CS(C=CC(=O)CC(=O)C=CC2:C:C(=C(C#N)C#N):C(CC):N(C(F)(F)F):C:2)(NCC)C[SH]1[N+](=O)O,495.36056645228456,24.857255108264965
5668,29,10,24,9,1,2840,15,8,19,19,CCN(CC)C1CN(C(C)C)[SH](S(=O)(=O)[O][Na])C1N=NC1(N=O):C:C:C(C(=O)[O][Na]):C(C(=O)[O][Na]):S:1,495.33164633761845,19.729729388966494
4190,21,19,26,13,13,1853,10,5,8,20,CC(=O)NC1:S:C(=O):C(C(=O)[O][Na]):S:C:1C=CC=CC1(Cl):C:C:N(N=O):C([O][Na]):C:1,495.2477119895887,14.685035259369045
6661,34,17,1,15,7,9000,45,23,13,16,CCNS1(N=CC2CC(=C(C#N)C#N)N(N(C)C)C2C(F)(F)F):C:C:C(CN(CC(=O)O)CC(=O)O):C:S:1NC(C)=O,495.2224404997736,27.67949905042349
1254,7,4,23,18,13,4077,21,21,24,9,CCNC1:O:C(C(=O)OCC):C(C=CC=CS2(Br):C:C:S(N(CC)CC):C(C(C)C):C:2):C:C:1CC,495.2035551152286,10.554710009813201
964,5,13,24,2,19,9563,48,25,17,16,CC(=O)NS1:C(C(=N)[SH]2CS(=N)C(C(F)(F)F)C2CN(CC(=O)O)CC(=O)O):C:C:C([SH](=O)=O):C:1C(C)C,495.1408864271285,16.394961643422707
5330,27,17,22,6,13,5687,29,22,9,16,CCN(CC)C1CNS(C=CC=CC2([N+](=O)O)CCN(S(=O)(=O)O)N2C(F)(F)F)(S(=O)(=O)O)C1CN(CC(=O)O)CC(=O)O,495.1394960729714,17.752743698530132
4687,24,13,3,2,8,8881,45,5,19,14,CC(=O)NN1C(=CC=S2(Cl):C:C:C(C(=O)O):C:S:2C(=O)[O][Na])C([SH](=O)=O)CC1C,495.13655024442807,23.758259875505424
3073,16,19,12,26,20,4038,21,11,21,1,CC(C=CS1:C:C:S(N(C)C):C(Br):C:1N)=CC1:C:N:C(=O):C(O):N:1C(=O)[O][Na],495.10918743814864,24.476894173949844
6715,34,16,24,20,3,1606,9,21,4,26,CCC1:C(Br):O:C(C=CC(=O)CC(=O)C=CC2([O][Na])CN(CN(CC(=O)O)CC(=O)O)CC2C(C)C):C:C:1=O,495.09567240004105,26.265831817661045
5253,27,17,10,23,13,571,3,1,21,13,CCNC1C(C=CC=CN2:C:C:C(NC(C)=O):C(Br):C:2N(C)C)NN(C(F)(F)F)C1S(=O)(=O)[O][Na],495.0915579533104,11.01289918157888
9524,48,1,22,5,5,878,5,20,19,22,CN(C)[SH]1CSC(Cl)(N=S2([O][Na]):C:C:C(C(=O)[O][Na]):C(S(=O)(=O)O):C:2)C1S(=O)(=O)O,495.0801832554278,22.482256914181537
575,3,3,13,15,17,6443,33,1,8,6,CC(=O)NC1:C:C:C(=C(C#N)C#N):C(C=CC=CC=CC=CC2(N(C)C)C(N=O)SCC2[N+](=O)O):N:1C,495.03055547113763,21.961598927299846
4458,23,1,3,10,13,386,2,23,21,19,CCNC1(C=CC=CC2(S(=O)(=O)[O][Na])CC(C)C(N(C)C)C2):C:C:C(C(=O)[O][Na]):C(Br):C:1,495.02993360389956,21.252718381661555
5434,28,13,7,9,16,5337,27,24,5,15,CCN(CC)C1C(C=CC=CC=CN2C(=C(C#N)C#N)CC(Cl)N2C(C)C)ON(NC(C)=O)C1OC,494.974297411865,8.67111259661996
8172,41,2,7,4,12,7566,38,21,6,20,CCC1:C(OC):C:N([SH](=O)=O):O:C:1C#CC#CC1(Br)SC([N+](=O)O)CC1[O][Na],494.9665202645798,22.415818418761354
2831,15,4,15,5,15,5245,27,18,25,11,CCOC(=O)C1NN(CC=CC=CC2:C(Cl):C:C:S(=C(C#N)C#N):C:2CC)C(N)C1=N,494.9604691292866,10.129703324686918
3896,20,26,21,24,14,5741,29,20,25,9,CCN(CC)C1CS([O][Na])(OC2:O:C(=O):C:S(Br):C:2C(C)C)NC1=N,494.9483416071947,31.142690749839467
2499,13,2,21,2,20,870,5,4,8,7,CCC1:C(N=O):C(OC):C:C:S:1C=CC(C)=CC1:C:S([SH](=O)=O):C:C(Br):C:1[SH](=O)=O,494.9040186154572,16.70644244841039
6223,32,18,10,17,9,2817,15,6,17,22,CCOC(=O)[SH]1CNC(S(=O)(=O)[O][Na])C1(C(F)(F)F)C1([N+](=O)O):C:C(S(=O)(=O)O):C(C(F)(F)F):C:S:1,494.86166981044937,22.08282438481047
4664,24,24,17,15,20,1597,8,14,13,20,CC(=O)NC1:O:C:C([O][Na]):C:C:1(C=CC(C)=CC1C(=C(C#N)C#N)CC(C(F)(F)F)N1C(C)C)C(=O)O,494.84020795102896,29.98215578723415
8552,43,16,12,1,17,6888,35,16,24,21,CC(C)N1CC(Br)C(C=CC=CC=CC=CC2:C:C(N(C)C):C(O):N:N:2CN(CC(=O)O)CC(=O)O)(CN(CC(=O)O)CC(=O)O)C1,494.79124273097915,20.117574210922008
1001,6,21,22,11,15,7437,38,7,4,9,CCN(CC)C1C[SH](CC)C(CC=CC=CC2:B:C(Br):C(S(=O)(=O)O):C(N):C:2)(OC)C1,494.7727162242559,8.375771584476164
8509,43,24,25,19,16,2771,14,22,6,22,CC(C)N1:N:C(=N):C(C(=O)[O][Na]):C:C:1C=CC=CC=CC1(S(=O)(=O)O):C:C:C:S(S(=O)(=O)O):C:1[N+](=O)O,494.7629800679022,27.363541749248455
5312,27,6,10,10,2,6866,35,12,25,17,N=C1NCC(O)(C(=O)C=CC2C(S(=O)(=O)[O][Na])CN(S(=O)(=O)[O][Na])N2[N+](=O)O)C1C(F)(F)F,494.7560674232603,23.478339622102684
2905,15,17,8,14,7,2832,15,1,2,19,CN(C)C1(N=CC2:C:S(C(F)(F)F):C(N=O):C:C:2C(=O)O):C:C(C(=O)[O][Na]):C:C([SH](=O)=O):S:1,494.75007296542225,11.585290181913583
6763,34,24,2,5,4,1706,9,3,1,20,CC(C)N1CC(Cl)(C=CC2(C):C:C([O][Na]):C(N(C)C):C:O:2)CC1[SH](=O)=O,494.7148241866341,12.503345399923544
7366,37,14,2,18,3,2883,15,7,24,18,CCOC(=O)C1:C:C(C(C)C):S:C(C=CC(=O)CC(=O)C=CC2(C(=O)OCC)COC([SH](=O)=O)C2C(=O)O)(OC):C:1,494.7119079792613,27.39233257966011
6376,32,25,20,10,16,2489,13,23,8,13,CCNC1(C=CC=CC=CC2(S(=O)(=O)[O][Na])SC(=N)NC2[O][Na]):C:C:S(NC(C)=O):C:C:1N=O,494.6826785229881,7.24366480268811
8641,44,17,24,13,15,359,2,26,20,12,CC(=O)NC1:C(C(C)C):C:S(C(F)(F)F):N:C:1C=CC=CCC1:C:C(O):C:C([O][Na]):C:1=O,494.66688752661537,33.00550556410759
5780,29,12,17,12,16,286,2,4,20,16,CCC1:C:C([O][Na]):C(CN(CC(=O)O)CC(=O)O):C:C:1C=CC=CC=CC1(O)CC(C(F)(F)F)N[SH]1O,494.63842603600904,15.344762465686337
3452,18,11,24,13,4,4191,21,4,15,19,CCS1(C=CC2:C(NC(C)=O):S:C(C(C)C):C:N:2N):C:C:S(C(=O)[O][Na]):C(=C(C#N)C#N):C:1,494.5841384149392,28.246162018188983
2238,12,8,16,22,2,2209,12,12,20,15,N#CC(C#N)=C1:C:C:N([O][Na]):C(O)(C(=O)C=CC2:C(N=O):N:C:C(CN(CC(=O)O)CC(=O)O):C:2S(=O)(=O)O):C:1,494.56385776680617,39.798144487637835
3879,20,1,24,21,18,9475,48,5,24,15,CC(C)S1:C(N(C)C):C:O:C(NC[SH]2CC(=C(C#N)C#N)[SH](C(C)C)C2Cl):C:1Br,494.5192935744666,16.428910018389505
8926,45,1,16,24,5,6235,32,16,14,13,CC(=O)NC1C[SH](CN(CC(=O)O)CC(=O)O)(=NC2:C:C:C(C(C)C):S(CN(CC(=O)O)CC(=O)O):S:2N(C)C)C(C(=O)O)N1,494.49462413506114,32.672429933759794
6416,33,8,6,4,4,7573,38,5,26,19,CCC1C(C=CC2(Cl)C(C(=O)[O][Na])CCS2=O)CC(N=O)[SH]1[N+](=O)O,494.482272699235,15.255383511642547
3365,17,21,20,25,20,6240,32,1,4,12,CCC1NCC(O)S1(C=CC(C)=CC1:C:O:C(=N):C([O][Na]):N:1Br)N(C)C,494.4696531829233,11.692880686828893
5642,29,12,15,5,6,5794,29,15,8,6,N#CC(C#N)=C1CC(Cl)(C=S2(=C(C#N)C#N)CCC([N+](=O)O)N2N=O)[SH](O)N1,494.4385208544928,43.62901481250017
4713,24,23,17,1,4,6231,32,20,26,16,CCNC1NC(C=C[SH]2C([O][Na])NC(=O)C2CN(CC(=O)O)CC(=O)O)(N(C)C)CC1C(F)(F)F,494.4058407445329,28.78123124764914
5829,30,8,14,21,20,2248,12,16,22,19,CC(C=CC1:C:C(C(=O)[O][Na]):C:C(S(=O)(=O)O):N:1CN(CC(=O)O)CC(=O)O)=CC1(Br)CN(C(=O)O)CN1N=O,494.3692404923093,27.960457905213783
5964,30,2,14,19,19,2415,13,5,14,1,CN(C)C1:C:C(C(=N)C2(C(=O)[O][Na])NC([SH](=O)=O)NC2C(=O)O):C:C(Cl):S:1C(=O)O,494.3687164912849,24.582016059924968
6382,32,18,9,12,13,909,5,7,6,20,CCOC(=O)[SH]1CNC(N(CC)CC)C1(O)C=CC=CS1(OC):C:C:C:C([O][Na]):C:1[N+](=O)O,494.3557551589266,14.363955949675603
5837,30,10,17,21,16,3434,18,13,13,12,CC(=O)NC1:C:N(C=CC=CC=CC2(Br)NCN(S(=O)(=O)[O][Na])C2C(F)(F)F):C:C(O):S:1NC(C)=O,494.34914397903884,23.086896370077536
4033,21,24,3,21,7,2260,12,14,23,18,CCNC1:C(C(=O)OCC):C:C(N=CC2:C:S(Br):C:C(C):S:2C(C)C):N:C:1C(=O)O,494.3096967142931,28.426702804383538
6394,32,10,13,23,13,924,5,10,22,23,CCNC1:C:C(S(=O)(=O)O):C:S(C=CC=CC2(NCC)CN(NC(C)=O)C(S(=O)(=O)[O][Na])S2)(S(=O)(=O)[O][Na]):C:1,494.2975951153943,28.792664752701153
1014,6,1,24,6,4,2905,15,17,8,14,CC(C)C1:C(N(C)C):C:B:C(C=CC2:C:C(C(=O)O):C:C(N=O):S:2C(F)(F)F):C:1[N+](=O)O,494.2923167199027,20.026174922610366
5006,26,2,15,19,7,5733,29,12,13,1,CC(=O)NN1C(N(C)C)CCS1(O)N=CC1(C(=O)[O][Na])CCC(=C(C#N)C#N)[SH]1[SH](=O)=O,494.28104387094027,21.032453992171817
8416,43,10,6,10,13,1489,8,12,3,5,CC1:O:C(Cl):C:C:C:1(O)C=CC=CC1:N:N(S(=O)(=O)[O][Na]):C([N+](=O)O):C:C:1S(=O)(=O)[O][Na],494.23809820005425,19.97742258560139
6684,34,5,26,17,16,3510,18,19,22,26,O=C1CC(C=CC=CC=CN2:C:C:S(=O):C(S(=O)(=O)O):C:2C(=O)[O][Na])(C(F)(F)F)C(Cl)N1,494.2377493281068,24.653586794118294
6986,35,22,16,12,3,6349,32,17,5,5,O=C(O)CN(CC(=O)O)CC1NCC(O)(C=CC(=O)CC(=O)C=CS2(C(F)(F)F)CC(Cl)N(Cl)C2)C1S(=O)(=O)O,494.2358111412508,15.943124915909339
6249,32,11,7,19,4,8507,43,8,10,13,COC1NC(C(=O)[O][Na])C(C=CN2:C:C:C(NC(C)=O):C(S(=O)(=O)[O][Na]):N:2N=O)[SH]1N,494.223290148657,15.82570844938535
6506,33,10,26,23,5,4481,23,7,5,9,CCNC1(N=C2CC(OC)C(Cl)C2N(CC)CC)CSC(=O)C1S(=O)(=O)[O][Na],494.2169454406312,25.087564026271103
6359,32,24,19,14,9,5056,26,23,23,7,CCNC1CC(OC)S(NCC)(C2C(C(=O)O)NC(C(=O)[O][Na])[SH]2C(C)C)C1,494.2037462282019,23.94890375941853
7579,38,5,8,6,20,6683,34,10,6,8,CC(C=CC1CC(N=O)C([N+](=O)O)N1S(=O)(=O)[O][Na])=CC1([N+](=O)O)CSC(Cl)C1N=O,494.1747177111092,20.706189990123715
2728,14,14,26,16,15,6882,35,16,4,18,CCOC(=O)C1CC(CC=CC=CC2:C:C(CN(CC(=O)O)CC(=O)O):S(=O):C:C:2C(=O)O)C(CN(CC(=O)O)CC(=O)O)N1CC,494.11009485157336,32.66957754382873
8677,44,22,1,18,6,5764,29,9,17,21,CCOC(=O)C1:C:C(N(C)C):S:N(S(=O)(=O)O):C:1C=[SH]1(N(CC)CC)NCC(C(F)(F)F)C1Br,494.0827082727589,16.130381305671392
8474,43,2,2,26,2,6831,35,17,2,16,O=C(O)CN(CC(=O)O)CC1CNC([SH](=O)=O)C1(C(=O)C=CC1:N:N:C([SH](=O)=O):C([SH](=O)=O):C:1=O)C(F)(F)F,494.06924147642746,24.521715095074125
901,5,1,24,8,4,2681,14,1,25,7,COS1:C:C:C:C(C=CC2:C:C(N=O):C:C(C(C)C):S:2N(C)C)(N(C)C):C:1=N,494.0687733244493,31.33988690776652
7463,38,21,13,18,13,1884,10,18,22,16,CCOC(=O)C1CC(C=CC=CC2(C(=O)OCC):C:C(CN(CC(=O)O)CC(=O)O):N:C(S(=O)(=O)O):C:2)C(Br)[SH]1NC(C)=O,494.03806110136327,33.89246291046603
6343,32,22,18,20,10,9580,48,10,24,25,CCOC(=O)C1NC([O][Na])C(=[SH]2(S(=O)(=O)[O][Na])CC(=N)SC2C(C)C)[SH]1S(=O)(=O)O,494.03228147693034,17.59644165418009
4591,23,10,10,26,13,211,2,19,24,25,CC(C)C1:C:C:C(C=CC=CC2CC(=O)C(S(=O)(=O)[O][Na])C2S(=O)(=O)[O][Na])(C(=O)[O][Na]):C:C:1=N,494.0174336780119,23.107914001623843
7453,38,22,17,14,19,4195,21,18,24,20,CCOC(=O)C1:C(C(C)C):S([O][Na]):C:C:S:1C(=N)C1(C(=O)O)CC[SH](C(F)(F)F)C1S(=O)(=O)O,493.9825050022579,31.019123141170972
836,5,13,16,15,19,8952,45,25,1,13,CC(=O)NC1:C:C(N(C)C):S:S(=N)(C(=N)C2:C:C(=C(C#N)C#N):C(CN(CC(=O)O)CC(=O)O):C(NC(C)=O):S:2):C:1,493.9014317954249,17.882553483973645
6663,34,17,25,16,6,4064,21,10,12,18,CCOC(=O)S1:C:C:S(=CC2CN(C(F)(F)F)C(=N)C2CN(CC(=O)O)CC(=O)O)(S(=O)(=O)[O][Na]):C:C:1O,493.8461148158866,32.06588746631715
2607,14,24,11,26,2,2491,13,4,21,10,CCC1(C(=O)C=CC2:C:C:S(C(C)C):C(N):C:2=O):C:C(S(=O)(=O)[O][Na]):S:C:C:1Br,493.8309108999697,15.534840085290565
7007,36,19,16,5,4,1978,10,26,20,23,CCNN1:C:C:C(C=CC2C(C(=O)[O][Na])OC(CN(CC(=O)O)CC(=O)O)C2Cl):C(=O):C:1[O][Na],493.78158489815223,24.49065064325311
7859,40,4,16,7,19,7484,38,4,3,20,CCC1:O:O:C(C(=N)C2(CC)CCC([O][Na])[SH]2C):C(OC):C:1CN(CC(=O)O)CC(=O)O,493.74836357299216,33.286835381673384
6943,35,6,15,21,4,6365,32,18,13,13,CCOC(=O)S1(C=CC2CN(Br)C(=C(C#N)C#N)C2[N+](=O)O)CC(NC(C)=O)NC1NC(C)=O,493.71735504804775,8.702611094889164
7528,38,13,21,21,7,6231,32,20,26,16,CC(=O)NC1C(C=N[SH]2C([O][Na])NC(=O)C2CN(CC(=O)O)CC(=O)O)CC(Br)[SH]1Br,493.7159010007912,25.942637300192033
5682,29,5,22,16,4,5681,29,21,20,4,CCC1CC([O][Na])NS1(Br)C=CC1C(CN(CC(=O)O)CC(=O)O)C(S(=O)(=O)O)N[SH]1Cl,493.71112384739337,31.958354675551625
5950,30,14,3,1,11,6402,33,23,7,19,CCNC1(C#CC2C(N(C)C)NC(C)N2C(=O)O)CC(C(=O)[O][Na])[SH](OC)C1,493.6622689734475,19.147293527889502
6148,31,5,13,7,12,2698,14,21,15,4,CCC1:C:C(C#CC#CC2OC(Cl)N(NC(C)=O)C2OC):C(Br):S:C:1=C(C#N)C#N,493.6314658436618,16.402069206508394
6010,31,13,20,10,3,4403,23,18,26,5,CCOC(=O)C1CC(C=CC(=O)CC(=O)C=CC2OC(NC(C)=O)N([O][Na])C2S(=O)(=O)[O][Na])C(Cl)C1=O,493.53657463305683,19.02116141270338
2916,15,8,11,20,16,1996,10,25,11,7,CON1:C:C:C(C=CC=CC=CC2:C(N=O):S:C:C(N):C:2[O][Na]):C(=N):C:1N,493.521638547749,28.30807355702362
5786,29,26,9,5,1,5777,29,21,19,25,CCN(CC)N1C(Cl)CC(N=NS2(Br)CC(=N)C(C(=O)[O][Na])N2)S1=O,493.3640109743393,31.86393932157865
5112,26,25,25,11,7,8969,45,6,15,9,CCN(CC)C1:C:S(N=CC2(N)C(=N)CCS2=N):S([N+](=O)O):C:C:1=C(C#N)C#N,493.3327229803892,29.67800109015146
6278,32,17,16,20,2,2757,14,14,11,25,N=C1:C:S:C(N):C(C(=O)O)(C(=O)C=CC2CN([O][Na])C(CN(CC(=O)O)CC(=O)O)[SH]2C(F)(F)F):C:1,493.32413793967515,30.665997362105507
6511,33,4,13,10,13,8903,45,11,5,23,CCNC1:C:C:S(Cl):S(N)(C=CC=CC2(S(=O)(=O)[O][Na])C[SH](NC(C)=O)CC2CC):C:1,493.3218274555623,22.562334399143925
7534,38,26,25,14,16,345,2,8,15,3,CC1:C:C(C=CC=CC=CC2(C(=O)O)CSC(=O)C2=N):C:C(N=O):C:1=C(C#N)C#N,493.29524922500866,19.37335481689797
3155,16,16,25,18,6,2050,11,10,4,24,CCOC(=O)N1:C:C(C=C2:C:C(C(C)C):C:N(CC):C:2S(=O)(=O)[O][Na]):N(CN(CC(=O)O)CC(=O)O):C:C:1=N,493.2354148781163,31.30598131583267
7496,38,14,26,19,3,419,3,20,22,12,O=C(C=CN1:C:C(O):C(S(=O)(=O)O):C:C:1[O][Na])CC(=O)C=CC1(C(=O)[O][Na])C[SH](C(=O)O)CC1=O,493.21477250956,27.906663220540004
7406,38,13,1,22,9,2954,15,12,19,1,CC(=O)N[SH]1CC(N(C)C)C(C2:C:C(N(C)C):C(C(=O)[O][Na]):C:S:2O)(S(=O)(=O)O)C1,493.1430921150501,16.82930844108954
1119,6,2,13,13,6,4428,23,4,18,19,CCOC(=O)C1C(C(=O)[O][Na])CC(=CC2:B:C([SH](=O)=O):C(NC(C)=O):C(NC(C)=O):C:2)C1CC,493.13014020320054,12.929543765095683
6593,33,2,8,16,4,2594,13,25,1,19,CN(C)C1:S:C(C(=O)[O][Na]):C:C(C=CC2C(CN(CC(=O)O)CC(=O)O)SC(N=O)C2[SH](=O)=O):C:1=N,493.10630879929397,37.82152089401919
9745,49,11,19,8,16,915,5,4,18,17,CCOC(=O)C1:C(C(F)(F)F):C:C:C:S:1(C=CC=CC=CC1(N=O)NON(N)C1C(=O)[O][Na])CC,493.08305777293543,26.289019465733933
4039,21,5,3,23,17,6377,32,16,12,22,CCNC1:C(C=CC=CC=CC=C[SH]2C(CN(CC(=O)O)CC(=O)O)N(O)CC2S(=O)(=O)O):S:C(Cl):C:S:1C,493.07180554672385,26.86554004022552
2305,12,12,8,10,9,1890,10,22,17,15,N#CC(C#N)=C1:C:C(C2:C(S(=O)(=O)[O][Na]):C:C(N=O):N:C:2O):C:C(S(=O)(=O)O):N:1C(F)(F)F,493.06304174225414,28.983086338146432
7886,40,11,15,6,3,8958,45,21,21,5,N#CC(C#N)=C1:C(N):O:O:C(C=CC(=O)CC(=O)C=CS2(Br):C:C(Cl):C:C:S:2Br):C:1[N+](=O)O,492.96366120548885,23.30324319595737
1143,6,12,4,4,8,4027,21,16,21,10,CCC1:C:C:C(=CC=S2(CN(CC(=O)O)CC(=O)O):C:C(S(=O)(=O)[O][Na]):S:C:C:2Br):B(O):C:1CC,492.9561954378074,23.934617195652798
2555,13,16,18,1,2,6866,35,12,25,17,CCOC(=O)S1:C:C:C(CN(CC(=O)O)CC(=O)O):C(C=CC(=O)C2(O)CNC(=N)C2C(F)(F)F):C:1N(C)C,492.9514500300599,16.087698092490385
3857,20,8,17,1,17,6397,32,13,21,4,CCC1C(Br)NCS1(C=CC=CC=CC=CC1:O:C:C(N=O):S(C(F)(F)F):C:1N(C)C)NC(C)=O,492.9149077732833,27.28597444392324
741,4,20,6,2,17,5198,26,22,22,9,CCN(CC)C1CCS(C=CC=CC=CC=CC2:O:C([O][Na]):C:C([N+](=O)O):C:2[SH](=O)=O)(S(=O)(=O)O)C1S(=O)(=O)O,492.89585489621993,31.263293034177224
8713,44,20,3,20,13,9458,48,5,23,21,CCNC1SCS(Cl)(C=CC=CC2:N:S:C([O][Na]):C(C):C:2[O][Na])C1Br,492.83039694166865,10.259920385453244
4493,23,17,8,8,2,7564,38,3,19,12,CC1(C(=O)C=CC2(N=O)CCC(N=O)C2C(F)(F)F)SC(C(=O)[O][Na])CC1O,492.8017719981255,14.516428386924606
5872,30,5,5,19,19,2325,12,19,23,11,CCNN1:C(N):C:C:C:C:1(C(=N)C1(C(=O)[O][Na])CNC(Cl)N1Cl)C(=O)[O][Na],492.7984613539541,23.789263662776495
2239,12,18,25,20,12,7580,38,12,14,15,CCOC(=O)C1:N:C:C(C#CC#CC2(O)C(=C(C#N)C#N)CC[SH]2C(=O)O):C([O][Na]):C:1=N,492.76924932352995,12.900876901250784
1107,6,2,20,12,3,6273,32,1,22,25,CN(C)C1NC(S(=O)(=O)O)C(=N)[SH]1C=CC(=O)CC(=O)C=CC1:B:C:C([SH](=O)=O):C([O][Na]):C:1O,492.7194310769196,28.54918511675434
2994,15,17,16,14,20,6309,32,21,7,1,CON1CC(N(C)C)S(Br)(C=CC(C)=CC2:C:C(C(=O)O):C:S(CN(CC(=O)O)CC(=O)O):C:2C(F)(F)F)C1,492.6912793004203,23.90277011669274
4772,24,13,18,13,9,8950,45,21,15,20,CCOC(=O)C1CCN(NC(C)=O)C1(NC(C)=O)S1(Br):C:C([O][Na]):C:C(=C(C#N)C#N):S:1,492.6897858279369,16.7713935356615
5110,26,4,1,19,4,5851,30,20,21,19,CC[SH]1CCC(N(C)C)C1(C=CN1CN([O][Na])C(Br)C1C(=O)[O][Na])C(=O)[O][Na],492.6532633246662,25.306932422507785
982,5,12,16,8,15,8892,45,9,16,5,CCN(CC)S1(CC=CC=CC2:C:C(N=O):C(CN(CC(=O)O)CC(=O)O):C(O):S:2):C:C(Cl):C:C:S:1CN(CC(=O)O)CC(=O)O,492.63311914478584,28.051808137117813
2068,11,5,26,5,20,991,5,25,14,19,CC(C=CS1:C:C(C(=O)[O][Na]):C:C(C(=O)O):C:1=N)=CC1:C:C:N(Cl):C(=O):C:1Cl,492.61757231258036,23.99283916478184
5791,29,3,19,3,7,6783,34,5,24,17,CC(C)C1CN(Cl)C(N=CC2(C)CC(C(=O)[O][Na])N[SH]2C)C1C(F)(F)F,492.59981698312697,16.36621664759699
5465,28,12,17,23,20,2478,13,16,20,21,CCNC1(C=C(C)C=CC2(CN(CC(=O)O)CC(=O)O):C:C:S(Br):C:C:2[O][Na])CC(C(F)(F)F)N(O)O1,492.5584569240391,22.69806023642044
4423,23,13,4,23,13,9600,48,5,13,2,CCNC1C(CC)CC(NC(C)=O)C1C=CC=CS1(Cl)CC([SH](=O)=O)[SH](NC(C)=O)C1,492.5167290030898,21.807145372092787
3592,18,4,6,14,20,8950,45,21,15,20,CCN1:C(C=C(C)C=CS2(Br):C:C([O][Na]):C:C(=C(C#N)C#N):S:2):C:S:C(C(=O)O):C:1[N+](=O)O,492.4467511876604,19.537137829896047
4734,24,5,16,22,9,7325,37,18,13,15,CCOC(=O)C1OC(NC(C)=O)C(=C(C#N)C#N)C1C1(S(=O)(=O)O)NC(Cl)CC1CN(CC(=O)O)CC(=O)O,492.41433991355944,17.27063557743206
5108,26,11,3,4,15,2606,14,1,24,23,CCNC1:C:C:C(CC=CC=CC2(CC)SCC(N)C2C):C(N(C)C):S:1C(C)C,492.32771477624544,17.9212088379312
4185,21,20,7,13,18,5748,29,16,19,6,COC1:C:S([O][Na]):C(NCS2(CN(CC(=O)O)CC(=O)O)CCC([N+](=O)O)N2C(=O)[O][Na]):C:S:1NC(C)=O,492.3231637727655,33.73436162445905
6265,32,19,1,22,18,9597,48,25,9,1,CCN(CC)C1SC[SH](=N)(CNC2C(S(=O)(=O)O)NC(N(C)C)[SH]2C(=O)[O][Na])C1N(C)C,492.299766894642,21.577594805493305
3843,20,13,17,26,13,4121,21,4,10,7,CCS1(C=CC=CC2:O:C(NC(C)=O):C(C(F)(F)F):S:C:2=O):C:C:S(OC):C:C:1S(=O)(=O)[O][Na],492.2916617925881,27.924027346261415
7376,37,13,20,4,15,4506,23,1,24,22,CCC1(C=CC=CCC2(N(C)C)C(C(C)C)CCC2S(=O)(=O)O)C(NC(C)=O)COC1[O][Na],492.28901746056783,17.574250566133614
6596,33,13,24,14,20,370,2,24,20,16,CC(=O)NC1CSC(C(C)C)C1(C=C(C)C=CC1:C:C(CN(CC(=O)O)CC(=O)O):C:C([O][Na]):C:1C(C)C)C(=O)O,492.2731045436849,22.468260732218386
405,3,20,2,6,20,8414,43,8,20,26,CC(C=CN1:C:C:C(=O):C([O][Na]):N:1N=O)=CC1:C:C([N+](=O)O):C:C([SH](=O)=O):N:1[O][Na],492.25503173092346,28.158481065043656
9098,46,21,5,12,13,9558,48,5,15,5,N#CC(C#N)=C1C(Cl)[SH](C=CC=CC2:C:C(O):N(Cl):C(Br):O:2)C[SH]1Cl,492.2405511559822,47.18244398637591
8517,43,22,15,16,4,4099,21,5,21,8,N#CC(C#N)=C1:C:N(S(=O)(=O)O):N:C(C=CS2:C:C:S(N=O):C(Br):C:2Cl):C:1CN(CC(=O)O)CC(=O)O,492.2393244454826,35.67094164181431
2509,13,7,26,13,15,2864,15,11,16,16,COC1:C:C(=O):S(NC(C)=O):C:C:1C=CC=CCC1:C:C(CN(CC(=O)O)CC(=O)O):C:C(CN(CC(=O)O)CC(=O)O):S:1N,492.2335636085333,30.47521390640622
1759,9,20,7,20,13,6599,33,19,23,12,CCNC1SCC(C=CC=CC2:C([O][Na]):C:C(OC):O:C:2[O][Na])(C(=O)[O][Na])C1O,492.1976888626007,20.784439882703545
9484,48,5,14,4,3,4594,23,16,2,14,CCC1(C=CC(=O)CC(=O)C=CC2C(CN(CC(=O)O)CC(=O)O)CC([SH](=O)=O)C2C(=O)O)C[SH](C(=O)O)C[SH]1Cl,492.0785116352011,31.625947770658343
9488,48,5,8,20,13,942,5,1,1,23,CCNC1:C:C:C(N(C)C):S(C=CC=CC2SC(Cl)[SH](N=O)C2[O][Na])(N(C)C):C:1,492.0569702737324,25.252280055679577
1334,7,14,13,5,20,7222,37,20,13,11,CC(=O)NC1:C:O:C(Cl):C(C=C(C)C=CC2([O][Na])COC(NC(C)=O)C2N):C:1C(=O)O,492.02045454328817,22.896053652851425
225,2,22,10,6,9,948,5,26,4,16,CCC1:C:C(CN(CC(=O)O)CC(=O)O):C:C:S:1(=O)C1:C:C([N+](=O)O):C:C(S(=O)(=O)[O][Na]):C:1S(=O)(=O)O,492.0120427674627,26.109905262313376
311,2,15,6,8,8,5120,26,18,19,1,CCOC(=O)[SH]1(=CC=C2:C:C(=C(C#N)C#N):C:C([N+](=O)O):C:2N=O)CCC(C(=O)[O][Na])C1N(C)C,492.00045463243504,23.948885837979365
4433,23,17,25,12,16,5746,29,3,20,12,CN1C([O][Na])C(O)C[SH]1C=CC=CC=CC1(O)CCC(=N)C1C(F)(F)F,491.9898820417313,11.652095024454738
1773,9,15,14,14,11,5964,30,2,14,19,N#CC(C#N)=C1:O:C(C(=O)O):C(C(=O)O):C:C:1C#CN1C(C(=O)[O][Na])C(C(=O)O)NC1[SH](=O)=O,491.98711158120966,36.017082826932906
1898,10,14,20,5,16,6888,35,16,24,21,CC(C)N1CC(Br)C(C=CC=CC=CC2:C:N(Cl):C:C([O][Na]):C:2C(=O)O)(CN(CC(=O)O)CC(=O)O)C1,491.9866548514651,21.978726866719743
6226,32,12,7,18,17,9431,48,6,14,2,CCOC(=O)C1(C=CC=CC=CC=CS2([N+](=O)O)CC([SH](=O)=O)[SH](C(=O)O)C2)CN(OC)C(O)S1,491.98251908572126,41.602425197536306
6609,34,12,21,16,20,2093,11,10,7,20,CON1:C:C(C=CC(C)=CC2(CN(CC(=O)O)CC(=O)O)CC(Br)NC2O)(S(=O)(=O)[O][Na]):C:C:C:1[O][Na],491.96562654240563,30.38509891509549
1541,8,4,25,5,13,579,3,17,15,3,CCC1:C:O:C(=N):C(Cl):C:1C=CC=CN1:C:C:C(C):C(=C(C#N)C#N):C:1C(F)(F)F,491.954136673225,22.57182859220385
7274,37,5,22,23,15,2907,15,15,22,3,CCNC1(C=CC=CCC2:C:C(C):C(S(=O)(=O)O):C:S:2=C(C#N)C#N)C(Cl)COC1S(=O)(=O)O,491.85775842008997,24.27345398434901
3243,17,16,5,13,20,9579,48,18,9,7,CCOC(=O)S1(C=CC(C)=CC2:N:C(CN(CC(=O)O)CC(=O)O):C(Cl):O:C:2NC(C)=O)C[SH](N(CC)CC)CC1OC,491.85640250774105,30.073344809561345
2123,11,19,4,11,4,8857,45,12,1,24,CCC1:C(N):C(C=CS2:C:C(C(C)C):C(N(C)C):C:S:2O):C:C:N:1C(=O)[O][Na],491.7938530382533,16.60510089931807
1433,8,15,21,5,18,9455,48,1,23,1,CCNC1SC(N(C)C)[SH](CNC2:C(Cl):C(Br):O:C:C:2=C(C#N)C#N)C1N(C)C,491.78512050333256,29.343742622518867
4025,21,12,15,7,13,2752,14,6,25,14,COS1:C:C(C=CC=CC2([N+](=O)O):C:S:C(=N):C(C(=O)O):C:2):S(O):C(=C(C#N)C#N):C:1,491.7670139431319,21.166989018928778
7498,38,19,17,16,9,2929,15,15,26,15,N#CC(C#N)=C1:C:C(C2(CN(CC(=O)O)CC(=O)O)CSC(C(=O)[O][Na])C2C(F)(F)F):S:C(=C(C#N)C#N):C:1=O,491.7616350311452,29.147820541786018
267,2,24,12,6,4,8862,45,10,11,9,CCN(CC)C1:C:C:S(C=CC2:C(C(C)C):C:C(O):C:C:2[N+](=O)O)(S(=O)(=O)[O][Na]):S:C:1N,491.7532212367345,7.657294471989288
6727,34,18,10,12,15,9527,48,12,21,1,CCOC(=O)C1N(S(=O)(=O)[O][Na])CCC1(O)C=CC=CCS1(O)CSC(Br)C1N(C)C,491.74086419424447,16.03018051681085
4460,23,13,23,8,3,3122,16,3,24,16,CCNC1C(N=O)CC(C=CC(=O)CC(=O)C=CN2:C:C(CN(CC(=O)O)CC(=O)O):N:C(C(C)C):C:2C)C1NC(C)=O,491.70050394126577,27.21475114472501
5177,26,7,16,7,16,5026,26,24,15,1,CO[SH]1CC(CN(CC(=O)O)CC(=O)O)CC1(C=CC=CC=C[SH]1C(C(C)C)CC(=C(C#N)C#N)C1N(C)C)OC,491.5707812957991,14.775410670597378
6562,33,6,16,16,11,1709,9,8,11,2,NC1:C:O:C(C#CC2(CN(CC(=O)O)CC(=O)O)CC[SH]([N+](=O)O)C2CN(CC(=O)O)CC(=O)O)(N=O):C:C:1[SH](=O)=O,491.5648732660683,14.700507921187391
929,5,13,5,3,12,5173,26,9,7,25,CCN(CC)S1(C#CC#CC2:C:C(C):C(Cl):C:S:2NC(C)=O)CCC(OC)C1=N,491.5376914475228,11.237631779833356
2575,13,19,20,13,1,4540,23,12,10,3,CC(=O)NS1:C:C(N=NC2CC(O)C(S(=O)(=O)[O][Na])C2C):C(C(=O)[O][Na]):C([O][Na]):C:1,491.5348946748453,16.201789262914765
5944,30,19,22,10,15,2347,12,19,12,10,O=C([O][Na])N1C(C=CC=CCC2(C(=O)[O][Na]):C:C:C(S(=O)(=O)[O][Na]):C(O):N:2)CN(S(=O)(=O)[O][Na])C1S(=O)(=O)O,491.52883261403184,26.46076209996889
7308,37,26,9,24,13,7095,36,8,20,2,CCN(CC)C1OCC(=O)C1(C=CC=CC1OC(N=O)C([O][Na])C1[SH](=O)=O)C(C)C,491.4751802393242,10.769192210701348
3528,18,12,2,17,3,2244,12,19,26,22,O=C(C=CC1:C:C(S(=O)(=O)O):C(=O):C(C(=O)[O][Na]):N:1)CC(=O)C=CC1:C(C(F)(F)F):S([SH](=O)=O):C:C:N:1O,491.4665491756239,21.555439673047143
1637,9,16,16,26,2,8733,44,6,6,17,O=C(O)CN(CC(=O)O)CC1:O:C(CN(CC(=O)O)CC(=O)O):C(=O):C:C:1C=CC(=O)N1:C:C:C(C(F)(F)F):C([N+](=O)O):S:1[N+](=O)O,491.46281084067084,18.58356673292122
6207,32,17,21,21,14,6922,35,22,9,19,CCN(CC)C1NC(S(=O)(=O)O)C(OC2(Br)CN(Br)C[SH]2C(F)(F)F)C1C(=O)[O][Na],491.4556342420675,18.46019379726255
866,5,7,19,20,12,4727,24,20,12,20,COS1:C(C#CC#CN2C([O][Na])CC(O)C2[O][Na]):C:C([O][Na]):C:C:1C(=O)[O][Na],491.4224861929344,20.138657613789892
4166,21,11,11,3,20,6586,33,13,21,14,CC(=O)NC1C(C=CC(C)=CC2:C:S(C):C(N):C:S:2N)C(C(=O)O)C[SH]1Br,491.4102705647344,8.32244157196609
9490,48,9,9,19,14,4481,23,7,5,9,CCN(CC)C1C(OC2(C(=O)[O][Na])CSC(N(CC)CC)[SH]2N(CC)CC)CC(OC)C1Cl,491.4050473736696,19.677571166523297
6382,32,18,9,12,13,4047,21,13,4,14,CCOC(=O)[SH]1CNC(N(CC)CC)C1(O)C=CC=CS1:C:C:S(C(=O)O):C(CC):C:1NC(C)=O,491.3524331976866,13.917453868815212
1904,10,20,19,22,1,5740,29,22,16,15,N#CC(C#N)=C1C(CN(CC(=O)O)CC(=O)O)CN(S(=O)(=O)O)[SH]1N=NC1:C:C([O][Na]):C(C(=O)[O][Na]):N(S(=O)(=O)O):C:1,491.34975847821454,34.11731800342475
7447,38,11,5,13,17,1999,10,16,2,7,COC1:C:C(C=CC=CC=CC=CC2C(N)SC(Cl)C2NC(C)=O):C(CN(CC(=O)O)CC(=O)O):C:N:1[SH](=O)=O,491.3128172187926,24.559142116733018
6747,34,10,11,24,20,3038,16,14,22,1,CC(C=CN1:C:C(N(C)C):N:C(S(=O)(=O)O):C:1C(=O)O)=CC1C(C(C)C)C(N)NC1S(=O)(=O)[O][Na],491.2976166689008,33.175462496104856
1935,10,17,10,19,20,2155,11,18,6,15,CCOC(=O)C1(C=CC(C)=CC2:C:N(C(=O)[O][Na]):C(S(=O)(=O)[O][Na]):C:C:2C(F)(F)F):C:C(=C(C#N)C#N):C:N:C:1[N+](=O)O,491.2525796553834,29.044303927813374
2082,11,5,24,25,20,8664,44,24,11,21,CC(C=CN1:C:C(Br):C(N):C:S:1C(C)C)=CC1:C(Cl):C(C(C)C):N:C:C:1=N,491.24153135857176,32.259005409691206
4009,21,12,13,15,3,231,2,8,5,2,CC(=O)NC1:C(O):S:C(C=CC(=O)CC(=O)C=CC2:C:C([SH](=O)=O):C:C(Cl):C:2N=O):C:S:1=C(C#N)C#N,491.1585518908163,13.128684269729774
6318,32,16,11,7,17,2658,14,23,18,1,CCNC1(C=CC=CC=CC=CC2C(OC)NC(N)[SH]2CN(CC(=O)O)CC(=O)O):C:S:C(C(=O)OCC):C(N(C)C):C:1,491.1375650573391,10.030448587531387
2919,15,14,23,9,15,2469,13,25,22,11,CCNC1:C(N(CC)CC):C:C(C=CC=CCC2:C:C(N):S:C(S(=O)(=O)O):C:2=N):C:S:1C(=O)O,491.1349700704494,20.175268433473278
5011,26,14,4,24,16,8884,45,5,23,25,CCNS1:C:C:C(=N):C:S:1(Cl)C=CC=CC=CC1(C(C)C)C(CC)CC[SH]1C(=O)O,491.07500660545577,14.414279456326737
1990,10,20,12,21,18,4497,23,9,7,1,CCN(CC)C1(CNC2:C(Br):N:C:C(O):C:2[O][Na])CC(OC)CC1N(C)C,491.04813036450315,13.847484392164136
4917,25,19,23,25,14,1372,7,9,2,17,CCNC1C(=N)C(OC2(N(CC)CC):C:C([SH](=O)=O):O:C(C(F)(F)F):C:2)OC1C(=O)[O][Na],491.026900549199,13.276909850127216
5584,28,7,11,10,19,6615,34,14,10,9,CCN(CC)C1CCC(C(=N)C2(S(=O)(=O)[O][Na])CC(N)N(OC)O2)(C(=O)O)N1S(=O)(=O)[O][Na],490.98745757388895,15.851202791315943
6639,34,16,2,9,4,6665,34,6,10,2,CCN(CC)C1CC(C=CC2([N+](=O)O)C([SH](=O)=O)CCN2S(=O)(=O)[O][Na])C(CN(CC(=O)O)CC(=O)O)N1[SH](=O)=O,490.9435137621106,26.74522756251732
8827,45,7,19,25,12,5273,27,24,25,6,COS1:S:C(C#CC#CN2NC(C(C)C)C(=N)C2[N+](=O)O):C:C(=N):C:1C(=O)[O][Na],490.9134094449822,25.367933187675437
4184,21,2,17,23,16,6549,33,22,7,12,CCNS1:C:C(C=CC=CC=CC2C(O)C(OC)SC2S(=O)(=O)O):S([SH](=O)=O):C(C(F)(F)F):C:1,490.87927233552836,24.42401358019445
2639,14,18,11,10,11,6802,35,23,12,22,CCNC1(C#CC2:C:C:S(C(=O)OCC):C(N):C:2S(=O)(=O)[O][Na])CNC(O)C1S(=O)(=O)O,490.8563351030413,9.749705393304655
5301,27,19,17,7,1,7400,37,26,16,9,CCN(CC)C1C(CN(CC(=O)O)CC(=O)O)OC(=O)C1N=NC1(OC)C(C(F)(F)F)CNN1C(=O)[O][Na],490.8515297775842,32.48924532081317
2711,14,19,2,11,1,7042,36,5,8,19,NC1:C(N=NC2(Cl)OC(N=O)CC2C(=O)[O][Na]):C:C:S(C(=O)[O][Na]):C:1[SH](=O)=O,490.7960462014894,20.166580405255395
5145,26,3,15,17,13,4007,21,14,8,2,CC1CSC(C=CC=CS2(C(=O)O):C:C:S([SH](=O)=O):C(N=O):C:2)(C(F)(F)F)C1=C(C#N)C#N,490.77771190580626,25.09342830433968
6911,35,4,5,16,16,7146,36,4,18,9,CCOC(=O)C1C(CC)OC(C=CC=CC=CC2C(CN(CC(=O)O)CC(=O)O)NC(Cl)C2CC)C1N(CC)CC,490.7415582653134,27.819922598827393
4184,21,2,17,23,16,6563,33,12,4,5,CCNS1:C:C(C=CC=CC=CC2(O)CC(Cl)SC2CC):S([SH](=O)=O):C(C(F)(F)F):C:1,490.73833787444363,24.281991625758277
8645,44,18,16,2,19,4734,24,5,16,22,CCOC(=O)N1:S:C(CN(CC(=O)O)CC(=O)O):C([SH](=O)=O):C:C:1C(=N)N1C(Cl)CC(CN(CC(=O)O)CC(=O)O)C1S(=O)(=O)O,490.73530395834143,27.100662768019568
8224,42,26,19,24,15,1888,10,1,26,13,CC(=O)NN1:C:C:C(CC=CC=CC2:O:S(=O):C(C(=O)[O][Na]):C:C:2C(C)C)(N(C)C):C:C:1=O,490.7104407245247,24.649578973366474
6347,32,1,18,21,15,1045,6,2,14,6,CCOC(=O)N1C[SH](N(C)C)C(C=CC=CCB2:C:C:C([N+](=O)O):C(C(=O)O):C:2[SH](=O)=O)C1Br,490.68538917456783,24.776472746355942
384,2,10,7,13,15,7036,36,2,19,8,COC1:C:C(NC(C)=O):C:C(C=CC=CCC2OC([SH](=O)=O)C(C(=O)[O][Na])C2N=O):C:1S(=O)(=O)[O][Na],490.6787381927323,19.140369164484913
9444,48,19,26,20,19,8517,43,22,15,16,N#CC(C#N)=C1:C:N(S(=O)(=O)O):N(C(=N)C2C[SH]([O][Na])C(=O)[SH]2C(=O)[O][Na]):C:C:1CN(CC(=O)O)CC(=O)O,490.60889456072937,20.91553405132129
5307,27,9,26,26,20,361,2,19,19,7,CCN(CC)N1NC(C=C(C)C=CC2(C(=O)[O][Na]):C:C:C(C(=O)[O][Na]):C(OC):C:2)C(=O)C1=O,490.562880639762,24.65186766889157
6206,32,1,1,8,8,4190,21,19,26,13,CC(=O)NC1:C:S(=CC=C2C(N=O)NC(N(C)C)[SH]2N(C)C):C(C(=O)[O][Na]):C(=O):S:1,490.56218777148234,21.691791193796767
8654,44,23,18,20,2,6704,34,8,5,26,CCNN1:S:C(C(=O)OCC):C:C([O][Na]):C:1C=CC(=O)C1(N=O)CCC(=O)N1Cl,490.5568864913199,18.15577554485103
6750,34,25,20,4,4,6978,35,6,11,15,CCC1C([O][Na])NC(=N)C1C=CC1C(=C(C#N)C#N)C(N)NC1[N+](=O)O,490.5310932024192,31.3249266333608
6036,31,16,8,17,7,7561,38,19,1,26,CN(C)[SH]1CC(=O)CC1(N=CC1(C(F)(F)F)CN(N=O)C(CN(CC(=O)O)CC(=O)O)O1)C(=O)[O][Na],490.512539819797,35.532469684651815
6253,32,9,25,5,17,1837,10,13,11,26,CCN(CC)[SH]1C(=N)NC(Cl)C1C=CC=CC=CC=CC1:C:C(=O):N:C(N):C:1NC(C)=O,490.48907595866194,14.909175951888216
9468,48,4,25,6,4,8908,45,10,8,6,CC[SH]1C(=N)SCC1(C=CS1(S(=O)(=O)[O][Na]):C:C([N+](=O)O):C:C(N=O):S:1)[N+](=O)O,490.4806530632253,24.269770672759556
6555,33,8,23,21,11,2940,15,21,20,7,CCNC1SCC(Br)(C#CC2:C:C:C(OC):C([O][Na]):S:2Br)C1N=O,490.4132686607903,30.515181806214382
2785,14,5,22,2,3,464,3,18,8,2,CCOC(=O)C1:C(N=O):C([SH](=O)=O):C:C:N:1C=CC(=O)CC(=O)C=CC1:C:C([SH](=O)=O):S:C(S(=O)(=O)O):C:1Cl,490.38454241730034,25.083381202968695
1642,9,21,26,2,20,8724,44,23,19,26,CCNS1:C(C(=O)[O][Na]):C:C(=O):C:N:1C=CC(C)=CC1:C([SH](=O)=O):C:C(=O):O:C:1Br,490.36999233710367,20.576048125567585
3278,17,16,13,25,4,4119,21,22,11,15,CC(=O)NC1:C:N(CN(CC(=O)O)CC(=O)O):C(C=CS2(S(=O)(=O)O):C:C(N):S:C(=C(C#N)C#N):C:2):C(=N):O:1,490.36339704092353,26.74319289977527
2199,11,23,26,25,4,203,2,13,16,2,CCNC1:C(C=CC2:C:C:C([SH](=O)=O):C(CN(CC(=O)O)CC(=O)O):C:2NC(C)=O):C(=N):C:N:C:1=O,490.3560296270069,17.019475559808626
1754,9,8,15,26,5,4545,23,26,24,15,CC(C)C1CC(=O)C(=NC2:C:C(=O):C(=C(C#N)C#N):O:C:2N=O)C1=C(C#N)C#N,490.31134134383376,42.45779620349197
1864,10,24,17,19,17,8633,44,5,22,7,COC1:C:C(S(=O)(=O)O):S(Cl):N(C=CC=CC=CC=CC2:C:C(C(C)C):C(C(F)(F)F):N(C(=O)[O][Na]):C:2):C:1,490.25971244312314,21.686454104959136
5062,26,23,14,1,16,1107,6,2,20,12,CCN[SH]1CC(C(=O)O)CC1(C=CC=CC=CB1:C:C(O):C([O][Na]):C([SH](=O)=O):C:1)N(C)C,490.2513208561148,25.033037757879892
3777,19,20,17,4,19,3113,16,23,4,20,CCNC1:C(CC):N:C([O][Na]):C:N:1C(=N)C1:O:C([O][Na]):C(C(F)(F)F):O:C:1CC,490.2060909335243,25.66387868523147
5856,30,23,12,20,15,2889,15,10,12,5,CCNN1C(O)NC([O][Na])C1C=CC=CCC1(S(=O)(=O)[O][Na]):C:C(Cl):C:C:S:1O,490.1879702134067,12.226765529882186
405,3,20,2,6,13,2647,14,8,21,8,O=NC1:C:S:C(Br):C(C=CC=CC2:C:C([N+](=O)O):C:C([SH](=O)=O):N:2[O][Na])(N=O):C:1,490.15259550734874,31.349594610409298
8626,44,23,5,24,2,6617,34,7,23,12,CCNN1CC(O)CC1(OC)C(=O)C=CC1:C:C(C(C)C):C(Cl):S:N:1NCC,490.0580486883732,6.369410332836819
3124,16,18,12,9,16,2957,15,9,16,17,CCOC(=O)C1:C:N:C(C=CC=CC=CC2(N(CC)CC):C:C:C(C(F)(F)F):C(CN(CC(=O)O)CC(=O)O):S:2):C(N(CC)CC):N:1O,490.0341980875122,18.39166378408827
8308,42,6,14,15,7,4445,23,19,7,1,COC1CC(N(C)C)C(N=CC2:O:S:C([N+](=O)O):C(C(=O)O):C:2=C(C#N)C#N)(C(=O)[O][Na])C1,490.0210103854027,31.120471414889384
3819,20,13,9,5,18,4083,21,7,20,21,CCN(CC)C1:S:C(Cl):C(NCS2:C:C:S(Br):C([O][Na]):C:2OC):O:C:1NC(C)=O,489.94445932287744,32.889620514015434
1582,8,23,6,14,4,2411,13,4,13,20,CCNC1:C:O:C([N+](=O)O):C(C(=O)O):C:1C=CC1(CC):C:C:S(NC(C)=O):C([O][Na]):C:1,489.93370302114306,35.02508078896866
5703,29,20,18,24,11,5666,29,17,24,3,CCOC(=O)C1C(C(C)C)C(C#C[SH]2C(C)CC(C(C)C)N2C(F)(F)F)SN1[O][Na],489.9134205678608,18.07334769267953
1341,7,25,22,10,13,8961,45,13,19,7,COC1:C:C:S(C(=O)[O][Na]):S(C=CC=CC2:C(S(=O)(=O)[O][Na]):O:C:C(S(=O)(=O)O):C:2=N)(NC(C)=O):C:1,489.8830339887278,27.67492567483985
3688,19,19,5,3,2,2210,12,9,15,10,CCN(CC)C1(C(=O)C=CC2:O:C(C(=O)[O][Na]):C(Cl):O:C:2C):C:C:C(S(=O)(=O)[O][Na]):C(=C(C#N)C#N):N:1,489.8637464525624,23.520907406441342
3277,17,5,12,20,20,7401,38,10,26,10,CC(C=CC1(S(=O)(=O)[O][Na])CC(S(=O)(=O)[O][Na])C(=O)S1)=CC1:N:C(Cl):C(O):O:C:1[O][Na],489.8605370997622,16.288468500980404
8424,43,5,4,15,16,3293,17,14,19,5,CCC1:C:N:N(Cl):C(C=CC=CC=CN2:C:C(Cl):O:C(C(=O)[O][Na]):C:2C(=O)O):C:1=C(C#N)C#N,489.8433198655169,23.855062285316816
2589,13,4,21,23,9,7075,36,21,16,6,CCNC1:C(C2(Br)CC([N+](=O)O)C(CN(CC(=O)O)CC(=O)O)O2):C:C(CC):C:S:1Br,489.823250492449,23.94709713757894
5801,30,12,13,25,20,3034,16,10,22,5,CC(=O)NN1C(=N)C(C=C(C)C=CN2:C:C(Cl):N(S(=O)(=O)O):C(S(=O)(=O)[O][Na]):C:2)NC1O,489.79754174686775,15.897835280671863
4528,23,10,25,17,8,9456,48,4,11,10,CC[SH]1(=CC=C2CC(C(F)(F)F)C(=N)C2S(=O)(=O)[O][Na])C[SH](N)CC1S(=O)(=O)[O][Na],489.773013612578,22.54408496971199
2796,14,24,10,4,14,1761,9,6,23,15,CCNC1:C([N+](=O)O):O:C(OC2:C:C(C(C)C):S:C(S(=O)(=O)[O][Na]):C:2CC):C:C:1=C(C#N)C#N,489.771882053349,19.70759043410085
9476,48,3,9,12,20,2311,12,22,6,14,CCN(CC)[SH]1C[SH](C)C(C=C(C)C=CC2(S(=O)(=O)O):C:C(C(=O)O):C:C:N:2[N+](=O)O)C1O,489.73612627078717,21.98809808211791
6528,33,22,24,20,6,7474,38,4,20,20,CCC1SC(=CC2C[SH]([O][Na])C(C(C)C)C2S(=O)(=O)O)C([O][Na])C1[O][Na],489.7319814963336,23.930013618217426
3099,16,23,4,26,13,2095,11,21,16,23,CCNC1:C:C(C=CC=CC2:N:C(NCC):C(CC):N:C:2=O):C(Br):N:C:1CN(CC(=O)O)CC(=O)O,489.7222794255582,11.28181470707326
2545,13,4,10,2,16,5065,26,1,4,12,CCC1:C(S(=O)(=O)[O][Na]):C:S:C([SH](=O)=O):C:1C=CC=CC=C[SH]1CC(N(C)C)C(CC)C1O,489.6427794697209,22.80617681967423
5408,28,5,11,13,1,6492,33,10,9,8,CCN(CC)[SH]1CC(N=NC2(NC(C)=O)CC(N)N(Cl)O2)(S(=O)(=O)[O][Na])CC1N=O,489.6335952493375,17.083182937176442
2756,14,6,9,16,16,8858,45,9,4,7,CCN(CC)C1:C([N+](=O)O):C(C=CC=CC=CS2(N(CC)CC):C:C:C:C(OC):S:2CC):C:C:S:1CN(CC(=O)O)CC(=O)O,489.60571470352534,22.36614993933301
2418,13,24,5,23,2,342,2,21,20,7,CCNC1:C(C=CC(=O)C2(Br):C:C:C(OC):C([O][Na]):C:2):C(C(C)C):C:C:S:1Cl,489.59016966017026,29.83400646973566
7369,37,1,8,24,14,9555,48,10,21,24,CC(C)C1C[SH](Br)CS1(OC1(C(C)C)C(N=O)OCC1N(C)C)S(=O)(=O)[O][Na],489.57966205897173,28.265038958121423
9496,48,2,23,11,4,1100,6,25,2,9,CCN[SH]1C[SH]([SH](=O)=O)C(N)(C=CB2:C:C(N(CC)CC):C([SH](=O)=O):C:C:2=N)C1,489.5604779999852,18.620024243871878
3040,16,10,10,13,8,2424,13,23,5,25,CCNC1:C:C(=CC=C2:C:N(NC(C)=O):C(S(=O)(=O)[O][Na]):C(S(=O)(=O)[O][Na]):N:2):C:C(=N):S:1Cl,489.54254432709206,20.63319264197897
5144,26,4,10,12,18,4031,21,24,15,19,CC[SH]1CCC(S(=O)(=O)[O][Na])C1(O)NCS1(C(C)C):C:C:S:C(C(=O)[O][Na]):C:1=C(C#N)C#N,489.4223623595778,10.99532340709728
4105,21,17,9,21,12,7317,37,16,24,18,CCOC(=O)C1CC(C#CC#CC2:S:C(C(F)(F)F):C(N(CC)CC):S:C:2Br)(CN(CC(=O)O)CC(=O)O)C(C(C)C)O1,489.39949664424114,8.81033098675271
6409,33,21,23,18,15,5911,30,17,5,3,CCNC1SCC(C=CC=CCN2CN(C(F)(F)F)C(Cl)C2C)(C(=O)OCC)C1Br,489.3871822363329,13.296866343003147
3430,18,5,11,7,16,7075,36,21,16,6,COC1:S:C(N):C(Cl):N:C:1C=CC=CC=CC1(Br)CC([N+](=O)O)C(CN(CC(=O)O)CC(=O)O)O1,489.3693695108386,20.6815793662594
903,5,9,25,14,17,9516,48,22,5,3,CCN(CC)S1:C:C:C(=N):C(C(=O)O):C:1C=CC=CC=CC=CS1(S(=O)(=O)O)C(C)CSC1Cl,489.3687544614612,27.247372938507894
8513,43,2,7,6,16,6743,34,14,9,4,CCC1CCN(N(CC)CC)C1(C=CC=CC=CC1:C:C:C([N+](=O)O):N(OC):N:1[SH](=O)=O)C(=O)O,489.3282198194969,24.457961702525015
6545,33,1,18,14,20,4480,23,14,25,15,CCOC(=O)[SH]1CC(N(C)C)C(C=C(C)C=CC2CC(C(=O)O)C(=N)C2=C(C#N)C#N)(C(=O)O)C1,489.3203504817964,16.34381142221324
5571,28,10,24,19,7,973,5,26,15,25,CC(C)C1C(C(=O)[O][Na])C(C=NS2:C:C(=N):C(=C(C#N)C#N):C:C:2=O)ON1S(=O)(=O)[O][Na],489.2308761283407,32.20146538540816
998,5,26,14,17,16,7042,36,5,8,19,O=NC1CC(C(=O)[O][Na])C(Cl)(C=CC=CC=CC2:C(C(F)(F)F):C(C(=O)O):C:C:S:2=O)O1,489.1730474089227,39.14818363960351
1111,6,9,10,1,2,2717,14,14,19,16,CCN(CC)B1:C(C=CC(=O)C2(C(=O)O):C:C(CN(CC(=O)O)CC(=O)O):C:S(C(=O)[O][Na]):C:2):C:C(N(C)C):C:C:1S(=O)(=O)[O][Na],489.14229259337964,26.458036214463426
2041,11,20,22,15,6,999,5,5,24,4,CCC1:C:C:S(Cl)(=CC2:C:C([O][Na]):N(S(=O)(=O)O):C:C:2=C(C#N)C#N):C(C(C)C):C:1,488.9941508826247,19.634861253404235
553,3,11,10,3,4,1922,10,16,6,24,CC1:C:C(C=CC2(CN(CC(=O)O)CC(=O)O):C:C:N:C(C(C)C):C:2[N+](=O)O):N(N):C:C:1S(=O)(=O)[O][Na],488.9531647599855,31.55316610877823
4585,23,5,12,13,20,2800,14,26,21,15,CC(=O)NC1(C=C(C)C=CC2:C:C(=C(C#N)C#N):C(Br):S(=O):C:2)C(O)CCC1Cl,488.9317004271487,25.52053045515368
291,2,10,4,16,13,8882,45,18,6,1,CCOC(=O)S1(C=CC=CC2:C:C(CN(CC(=O)O)CC(=O)O):C(CC):C(S(=O)(=O)[O][Na]):C:2):C:C:C(N(C)C):C:S:1[N+](=O)O,488.8891047193274,27.652012561966135
2811,15,23,18,23,4,6858,35,23,12,7,CCNC1:C:C(C=CC2(NCC)C(O)NCC2OC):C(NCC):S(C(=O)OCC):C:1,488.88490486428066,23.4766526429336
2831,15,4,15,5,13,6353,32,26,18,13,CCOC(=O)N1C[SH](=O)(C=CC=CC2:C(Cl):C:C:S(=C(C#N)C#N):C:2CC)CC1NC(C)=O,488.8199690596909,33.43535605846034
1041,6,15,22,5,12,9563,48,25,17,16,N#CC(C#N)=C1:B:C(C#CC#C[SH]2CS(=N)C(C(F)(F)F)C2CN(CC(=O)O)CC(=O)O):C:C(Cl):C:1S(=O)(=O)O,488.80850037776656,27.54377378829074
3592,18,4,6,14,15,1045,6,2,14,6,CCN1:C(C=CC=CCB2:C:C:C([N+](=O)O):C(C(=O)O):C:2[SH](=O)=O):C:S:C(C(=O)O):C:1[N+](=O)O,488.78682329675394,24.550222230148325
9433,48,26,12,22,20,6912,35,18,10,12,CCOC(=O)C1(C=CC(C)=CC2(S(=O)(=O)O)C[SH](O)CS2=O)CNC(S(=O)(=O)[O][Na])C1O,488.7406112751124,27.83047302331253
8616,44,7,15,3,19,2487,13,10,6,23,CCNC1:C:C(C(=N)C2:N:S(OC):C(=C(C#N)C#N):C:C:2C)(S(=O)(=O)[O][Na]):C([N+](=O)O):C:S:1,488.7227599254652,19.081663692502488
2205,12,5,10,16,2,2835,15,10,18,25,CCOC(=O)C1:C:S(S(=O)(=O)[O][Na]):C(C(=O)C=CC2:C:C(CN(CC(=O)O)CC(=O)O):C(S(=O)(=O)[O][Na]):N(Cl):C:2):C:C:1=N,488.67110250445,30.308327622389164
509,3,24,21,17,19,8819,45,22,6,21,CC(C)C1:C:C(Br):C(C(F)(F)F):C(C(=N)S2:C:C(Br):C:C([N+](=O)O):S:2S(=O)(=O)O):N:1,488.6165236099482,10.024467526502256
7478,38,10,19,2,17,2347,12,19,12,10,O=C([O][Na])C1C[SH](S(=O)(=O)[O][Na])CC1(C=CC=CC=CC=CC1(C(=O)[O][Na]):C:C:C(S(=O)(=O)[O][Na]):C(O):N:1)[SH](=O)=O,488.6049807959299,13.623618187981902
5711,29,10,20,2,13,6973,35,21,7,10,CON1CC(Br)(C=CC=CC2C([SH](=O)=O)C([O][Na])N[SH]2S(=O)(=O)[O][Na])CC1S(=O)(=O)[O][Na],488.55896612159023,26.460354761754303
8474,43,2,2,26,15,6776,34,14,15,16,N#CC(C#N)=C1CC(CN(CC(=O)O)CC(=O)O)C(CC=CC=CC2:N:N:C([SH](=O)=O):C([SH](=O)=O):C:2=O)(C(=O)O)N1,488.52650409034794,40.18347512189772
7511,38,26,20,19,15,7156,36,12,6,8,O=NC1C([N+](=O)O)COC1(O)CC=CC=CC1(C(=O)[O][Na])CSC(=O)C1[O][Na],488.47266709160004,17.735638114027104
9656,49,21,4,5,16,2131,11,6,16,26,CCC1N(Br)ONC1(Cl)C=CC=CC=CC1([N+](=O)O):C:C(=O):C:N(CN(CC(=O)O)CC(=O)O):C:1,488.4445203175381,18.72613101048098
2926,15,4,17,5,7,8962,45,11,2,4,CCC1:C:C([SH](=O)=O):S(N):S(N=CC2:C:C:C(Cl):S(C(F)(F)F):C:2CC):C:1,488.41317873247243,13.590346458369277
5839,30,13,22,6,19,7587,38,18,10,10,CCOC(=O)[SH]1C(C(=N)C2C([N+](=O)O)N(S(=O)(=O)O)CN2NC(C)=O)C(S(=O)(=O)[O][Na])CC1S(=O)(=O)[O][Na],488.3751281503663,18.246904655612553
2671,14,15,1,1,14,259,2,21,19,8,CN(C)C1:S:C:C(=C(C#N)C#N):C(OC2:C:C(Br):C(C(=O)[O][Na]):C(N=O):C:2):C:1N(C)C,488.3568267928389,19.137175715469514
7153,36,21,25,20,20,358,2,16,7,8,COC1:C(N=O):C:C:C(C=CC(C)=CC2([O][Na])C(=N)COC2Br):C:1CN(CC(=O)O)CC(=O)O,488.3529857553175,24.562037556575387
4138,21,23,13,2,18,4013,21,24,17,7,CCNC1:S:C(NCS2:C:C(OC):S(C(F)(F)F):C(C(C)C):C:2):C([SH](=O)=O):S:C:1NC(C)=O,488.3402058893962,15.978740887278327
6426,33,1,19,10,9,2564,13,24,3,19,CC(C)C1:C:S(C):C(C(=O)[O][Na]):C:C:1C1C[SH](S(=O)(=O)[O][Na])C(C(=O)[O][Na])C1N(C)C,488.2988624820865,31.529971903480423
4091,21,10,11,10,18,5642,29,12,15,5,N#CC(C#N)=C1CC(Cl)S(O)(CNC2:S:C(S(=O)(=O)[O][Na]):C:S(N):C:2S(=O)(=O)[O][Na])N1,488.25037992162277,16.430597855516258
7155,36,24,25,23,5,895,5,15,1,23,CCNC1:C:C:S(=NC2C(NCC)C(=N)OC2C(C)C):C(=C(C#N)C#N):C:1N(C)C,488.2353806366415,21.051804917481935
4564,23,1,8,6,11,4143,21,18,17,20,CCOC(=O)S1(C#CC2C(N(C)C)C(N=O)CC2[N+](=O)O):C:C:S:C([O][Na]):C:1C(F)(F)F,488.1164079954175,15.803537260919036
389,2,22,1,19,14,8624,44,8,22,15,CN(C)C1:C:C(C(=O)[O][Na]):C:C(ON2:C:C:C(=C(C#N)C#N):C(S(=O)(=O)O):S:2N=O):C:1S(=O)(=O)O,488.09857243501966,9.74456804073731
8685,44,9,1,2,3,1431,8,2,6,25,CCN(CC)S1:N:C(C=CC(=O)CC(=O)C=CC2:C:C(=N):C([N+](=O)O):O:C:2[SH](=O)=O):C:C([SH](=O)=O):C:1N(C)C,488.0233828788913,20.836537594310784
5389,27,9,22,24,4,1509,8,21,10,19,CCN(CC)N1CC(S(=O)(=O)O)C(C=CC2:C:C(C(=O)[O][Na]):C(S(=O)(=O)[O][Na]):O:C:2Br)(C(C)C)N1,488.01747712236113,18.609483277938068
5213,27,2,13,4,7,1100,6,25,2,9,CCN(CC)C1:C:B(N=CC2(CC)NNC([SH](=O)=O)C2NC(C)=O):C(=N):C:C:1[SH](=O)=O,487.999704931273,9.865816145581803
8626,44,23,5,24,12,5164,26,1,5,12,CCNN1:S:C(Cl):C(C(C)C):C:C:1C#CC#CS1(N(C)C)CC(O)C(Cl)C1,487.9541267201803,12.618443253639901
3268,17,1,11,13,6,6214,32,19,22,5,CC(=O)NC1:O:C:C(C=[SH]2(C(=O)[O][Na])CC(Cl)NC2S(=O)(=O)O):N(N(C)C):C:1N,487.9274515400299,19.51248782852575
2342,12,22,8,9,2,7452,38,9,20,2,CCN(CC)C1:C:C:C(C=CC(=O)C2SC(N(CC)CC)C([O][Na])C2[SH](=O)=O):C(S(=O)(=O)O):N:1N=O,487.87317457044867,31.547200809388674
4727,24,20,12,20,12,5837,30,10,17,21,O=S(=O)([O][Na])N1CN(C#CC#CC2([O][Na])CC(O)C([O][Na])N2)C(Br)C1C(F)(F)F,487.86210881981276,20.98346203310836
4460,23,13,23,8,18,6634,34,4,4,19,CCNC1C(N=O)CC(NCC2(CC)C(C(=O)[O][Na])CCN2CC)C1NC(C)=O,487.8436841795789,21.829482134991437
9483,48,26,24,4,20,2917,15,13,18,2,CCOC(=O)C1:C([SH](=O)=O):C:C(C=CC(C)=CC2(CC)C(C(C)C)SCS2=O):S:C:1NC(C)=O,487.8195354844098,18.499323009613146
1309,7,17,1,25,3,6238,32,9,4,22,CCC1NC(S(=O)(=O)O)CS1(C=CC(=O)CC(=O)C=CC1:C(C(F)(F)F):C(N(C)C):C:O:C:1=N)N(CC)CC,487.80833364050784,25.16348447859331
8966,45,23,1,20,5,5064,26,9,20,24,CCNS1:S:C(N=S2C(C(C)C)CC([O][Na])C2N(CC)CC):C([O][Na]):C:C:1N(C)C,487.78643335449635,22.004915954859378
4627,24,15,19,9,5,1823,10,4,17,16,CCC1:C(C(F)(F)F):N(CN(CC(=O)O)CC(=O)O):C:C:C:1=NC1NC(=C(C#N)C#N)C(C(=O)[O][Na])C1N(CC)CC,487.7111501096433,31.853045871077992
6505,33,21,25,13,17,456,3,3,21,8,CC(=O)NC1(C=CC=CC=CC=CN2:C:C(N=O):C:C(Br):C:2C)C(=N)SCC1Br,487.63880994290975,29.627725632166495
4509,23,26,4,19,8,7502,38,21,23,14,CCNC1C(Br)SC(=CC=C2CC(=O)C(CC)C2C(=O)[O][Na])C1C(=O)O,487.6352761609972,23.73106253206655
2163,11,3,6,7,17,8451,43,23,9,19,CCNN1:C(N(CC)CC):C:C(C(=O)[O][Na]):C:N:1C=CC=CC=CC=CC1:C:C(C):N([N+](=O)O):C(OC):C:1,487.61718739876034,20.598881942860714
9761,49,20,16,10,14,4412,23,13,18,25,CCOC(=O)C1CC(NC(C)=O)C(OC2C(S(=O)(=O)[O][Na])N(CN(CC(=O)O)CC(=O)O)ON2[O][Na])C1=N,487.6055310517762,33.995708744014614
2580,13,20,6,26,15,1734,9,18,8,17,CCOC(=O)C1:O:C(CC=CC=CC2:C:C([O][Na]):C:S([N+](=O)O):C:2=O):C:C(C(F)(F)F):C:1N=O,487.5940763095302,26.581492048656145
5944,30,19,22,10,17,4166,21,11,11,3,CS1:C:C:S(N)(C=CC=CC=CC=CC2CN(S(=O)(=O)[O][Na])C(S(=O)(=O)O)N2C(=O)[O][Na]):C:C:1N,487.5819701170596,23.331821316675903
711,4,1,10,24,6,1769,9,14,23,14,CCNC1:C(C(=O)O):C:C(=CC2:O:C(N(C)C):C:C(S(=O)(=O)[O][Na]):C:2C(C)C):O:C:1C(=O)O,487.57818940042523,41.42108227589718
2429,13,25,24,10,2,2072,11,8,6,13,CC(=O)NC1:C:C(C(=O)C=CC2:C(S(=O)(=O)[O][Na]):S:C(C(C)C):C:C:2=N):C(N=O):N:C:1[N+](=O)O,487.5720317211385,22.53287966118699
6639,34,16,2,9,9,5695,29,5,3,10,CCN(CC)C1CC(S2(Cl)CC(S(=O)(=O)[O][Na])CN2C)C(CN(CC(=O)O)CC(=O)O)N1[SH](=O)=O,487.54172377106244,21.10205928027478
858,5,7,9,8,15,5024,26,22,18,16,CCOC(=O)C1CCC(CN(CC(=O)O)CC(=O)O)S1(CC=CC=CC1:C(N=O):C(N(CC)CC):C:C:S:1OC)S(=O)(=O)O,487.5392977529103,23.98300121491799
4487,23,18,9,2,4,5005,26,10,3,6,CCOC(=O)C1CC(N(CC)CC)C(C=C[SH]2CC([N+](=O)O)C(C)C2S(=O)(=O)[O][Na])([SH](=O)=O)C1,487.5287471089558,34.45202249168468
6310,32,16,13,18,7,9466,48,20,23,17,CCN[SH]1CC(C(F)(F)F)S(N=CC2CN(C(=O)OCC)C(NC(C)=O)[SH]2CN(CC(=O)O)CC(=O)O)([O][Na])C1,487.4806988392229,20.00536741519285
5246,27,10,20,25,9,2940,15,21,20,7,COC1:C:C:C(C2NN(S(=O)(=O)[O][Na])C([O][Na])C2=N):S(Br):C:1[O][Na],487.47346666780106,23.62019367901855
7333,37,20,11,21,9,6734,34,3,7,9,CCN(CC)C1CC(OC)N(C)C1C1C(Br)OC(N)C1[O][Na],487.47143827052844,14.810184995539391
724,4,13,8,23,13,895,5,15,1,23,CCNC1:C:C(C=CC=CS2:C:C:C(NCC):C(N(C)C):C:2=C(C#N)C#N):O:C(NC(C)=O):C:1N=O,487.47118107932255,13.795219773464227
9230,47,9,19,13,6,1661,9,7,20,1,CCN(CC)C1:O:C(C=C2:C:C(N(C)C):C([O][Na]):C(OC):O:2):C(NC(C)=O):C:S:1C(=O)[O][Na],487.4645937421695,15.887358857643582
7554,38,22,10,14,16,1961,10,18,26,14,CCOC(=O)C1(C=CC=CC=CC2(C(=O)O)CSC(S(=O)(=O)O)C2S(=O)(=O)[O][Na]):C:C(C(=O)O):N:C(=O):C:1,487.46221674298266,27.054342207649864
2666,14,6,7,21,15,6966,35,13,7,11,COC1N(N)CCC1(CC=CC=CC1:C:C(Br):S(OC):C([N+](=O)O):C:1)NC(C)=O,487.4471907193182,18.007244644914223
6912,35,18,10,12,9,968,5,16,6,6,CCOC(=O)C1CNC(S(=O)(=O)[O][Na])C1(O)S1:C:C(CN(CC(=O)O)CC(=O)O):C([N+](=O)O):C([N+](=O)O):C:1,487.4164004940656,36.818341315291356
6638,34,19,5,7,13,910,5,15,4,11,CCC1:C:C(N):C:S(C=CC=CC2(OC)CC(Cl)N(C(=O)[O][Na])C2):C:1=C(C#N)C#N,487.35669996736397,16.96994735962724
1793,9,1,8,3,2,5025,26,19,14,10,CC1:C(N=O):C:O:C(N(C)C):C:1C=CC(=O)[SH]1C(C(=O)[O][Na])C(C(=O)O)CC1S(=O)(=O)[O][Na],487.35187731068106,23.67566953080945
4192,21,22,22,17,1,8985,45,4,4,4,CCC1:C:C:S(CC)(N=NC2:S:C(S(=O)(=O)O):C(S(=O)(=O)O):S:C:2C(F)(F)F):S:C:1CC,487.2658505295237,17.549494254658796
2010,11,12,22,20,18,4481,23,7,5,9,CCN(CC)C1C(CNC2:C([O][Na]):C:N:C(S(=O)(=O)O):C:2O)CC(OC)C1Cl,487.2585200951612,19.05531340680088
8121,41,22,12,2,16,887,5,11,1,21,CN(C)C1:C:C:C(Br):C:S:1(N)C=CC=CC=CC1:O:N(S(=O)(=O)O):C(O):C:C:1[SH](=O)=O,487.21064604884407,28.251391934233798
8816,45,6,9,19,1,1989,10,18,11,12,CCOC(=O)C1:C(N=NC2:S:S:C([N+](=O)O):C(N(CC)CC):C:2C(=O)[O][Na]):C:C:N(O):C:1N,487.20602031015505,21.74195127293272
2742,14,25,15,21,12,5619,29,11,22,6,N#CC(C#N)=S1:C:C(Br):C(C#CC#C[SH]2C([N+](=O)O)CC(S(=O)(=O)O)N2N):C:C:1=N,487.18789640749145,36.36678889648974
1010,6,21,22,4,3,293,2,11,22,12,CCC1:C:C(S(=O)(=O)O):C:B(Br):C:1C=CC(=O)CC(=O)C=CC1:C:C(O):C(S(=O)(=O)O):C:C:1N,487.18542901962445,10.449583102946193
5132,26,26,10,19,19,1853,10,5,8,20,N=C(C1CC(C(=O)[O][Na])C(S(=O)(=O)[O][Na])S1=O)C1(Cl):C:C:N(N=O):C([O][Na]):C:1,487.1756778718367,14.81384152029228
8550,43,8,2,15,4,5024,26,22,18,16,CCOC(=O)C1CCC(CN(CC(=O)O)CC(=O)O)S1(C=CC1:C:C(=C(C#N)C#N):C([SH](=O)=O):N:N:1N=O)S(=O)(=O)O,487.16666499958484,29.20934500328638
6440,33,3,19,4,11,2803,15,8,19,9,CCN(CC)C1:C:C(C#CC2C[SH](CC)C(C(=O)[O][Na])C2C):S:C(N=O):C:1C(=O)[O][Na],487.14953414756076,13.550641235271431
6905,35,10,7,20,12,4471,23,21,7,15,COC1CC(Br)(C#CC#CC2CC(S(=O)(=O)[O][Na])N(OC)C2[O][Na])CC1=C(C#N)C#N,487.1134978076481,25.512232211046097
992,5,18,7,10,4,2806,15,4,19,6,CCOC(=O)S1:C(C=CC2(CC):C:C:C([N+](=O)O):C:S:2C(=O)[O][Na]):C:C:C(S(=O)(=O)[O][Na]):C:1OC,487.0842200558709,27.906926667117144
2563,13,8,8,14,4,7404,38,16,18,22,CCOC(=O)C1CC(S(=O)(=O)O)C(C=CC2:C:S(C(=O)O):C(N=O):C:C:2N=O)[SH]1CN(CC(=O)O)CC(=O)O,487.0626109778438,22.41301645359579
4527,23,6,26,21,9,4028,21,24,3,16,CC(C)C1:C:S(C2CC([N+](=O)O)C(=O)C2Br):C:C(CN(CC(=O)O)CC(=O)O):S:1C,487.0451888008744,39.940628505917466
4833,25,14,22,16,15,2865,15,22,26,11,NC1:C:C:C(CC=CC=CC2(CN(CC(=O)O)CC(=O)O)CC(S(=O)(=O)O)C(C(=O)O)O2):S(S(=O)(=O)O):C:1=O,487.01526338347446,19.629940585987192
4947,25,26,10,22,9,5781,29,5,18,16,CCOC(=O)C1CC(CN(CC(=O)O)CC(=O)O)[SH](C2OC(=O)C(S(=O)(=O)[O][Na])C2S(=O)(=O)O)N1Cl,487.0056833332889,32.49665826815102
5766,29,16,25,19,15,1259,7,1,22,25,CN(C)C1(CC=CC=CC2(C(=O)[O][Na])SN(CN(CC(=O)O)CC(=O)O)CC2=N):C:C(S(=O)(=O)O):O:C(=N):C:1,486.9961987611156,31.69826233039784
3777,19,20,17,4,4,5181,26,7,22,7,CCC1:O:C(C(F)(F)F):C([O][Na]):O:C:1C=CS1(OC)C(OC)CCC1S(=O)(=O)O,486.96829810172596,17.403718170968926
4774,24,21,4,4,7,5688,29,20,20,4,CCC1CN(Br)C(C=NS2([O][Na])NC([O][Na])CC2CC)C1CC,486.9510064981624,13.685269859127558
5754,29,8,3,19,9,7485,38,14,16,12,CC1CC(C(=O)[O][Na])(C2(C(=O)O)CC(O)C[SH]2CN(CC(=O)O)CC(=O)O)[SH](N=O)N1,486.89038234231174,29.02919994712315
1023,6,18,18,13,10,5698,29,4,3,18,CCOC(=O)B1:C(C(=O)OCC):C:C:C(NC(C)=O):C:1=S1C(C(=O)OCC)C(C)CN1CC,486.8485931409856,18.746299646543736
8827,45,7,19,25,20,302,2,13,4,22,CCC1:C:C:C(S(=O)(=O)O):C:C:1(C=CC(C)=CC1:C:C(=N):C(C(=O)[O][Na]):S(OC):S:1)NC(C)=O,486.84054688263876,13.67541703749639
6542,33,26,14,12,17,9503,48,26,16,18,CCOC(=O)C1C(CN(CC(=O)O)CC(=O)O)SC[SH]1(=O)C=CC=CC=CC=CC1(O)C(=O)CSC1C(=O)O,486.74820853008913,24.03079794043824
2699,14,17,10,12,19,5690,29,15,16,23,CCNC1C(CN(CC(=O)O)CC(=O)O)CN[SH]1(C(=N)C1:C(O):C:S:C(S(=O)(=O)[O][Na]):C:1C(F)(F)F)=C(C#N)C#N,486.71664307293815,24.667225131300132
4497,23,9,7,1,14,5005,26,10,3,6,CCN(CC)C1CC(OC)CC1(O[SH]1CC([N+](=O)O)C(C)C1S(=O)(=O)[O][Na])N(C)C,486.6993710373805,27.041514876297764
295,2,4,1,1,8,2239,12,18,25,20,CCOC(=O)C1:N:C(=CC=C2:C:C(CC):C(N(C)C):C:C:2N(C)C):C:C([O][Na]):C:1=N,486.67724144548146,19.637433844325688
1876,10,13,24,16,2,9555,48,10,21,24,CC(=O)NC1:C(C=CC(=O)S2(S(=O)(=O)[O][Na])C[SH](Br)CC2C(C)C):C:N:C(CN(CC(=O)O)CC(=O)O):C:1C(C)C,486.66608132718886,14.165858667561526
3364,17,11,2,10,1,6284,32,19,4,16,CCN1CS(N=NC2:C(S(=O)(=O)[O][Na]):O:C([SH](=O)=O):C:N:2N)(C(=O)[O][Na])CC1CN(CC(=O)O)CC(=O)O,486.65945237539324,31.34699664668251
3016,16,13,13,18,19,2726,14,24,1,20,CCOC(=O)C1:N:C:C(NC(C)=O):N(NC(C)=O):C:1C(=N)C1:C:C([O][Na]):C(N(C)C):S:C:1C(C)C,486.6332550756359,25.114096098186774
7376,37,13,20,4,5,4072,21,1,16,16,CCC1(N=S2(N(C)C):C:C:S(CN(CC(=O)O)CC(=O)O):C:C:2CN(CC(=O)O)CC(=O)O)C(NC(C)=O)COC1[O][Na],486.63013510687904,30.262593617511698
2591,13,20,26,13,2,6447,33,3,13,19,CC(=O)NC1:C(C=CC(=O)C2C[SH](C)C(NC(C)=O)C2C(=O)[O][Na]):C:C:C([O][Na]):S:1=O,486.62348387045586,23.706089472244628
8806,45,21,5,16,6,6318,32,16,11,7,COC1C[SH](=CC2:C(CN(CC(=O)O)CC(=O)O):C:C:S(Cl):S:2Br)(CN(CC(=O)O)CC(=O)O)C(N)N1,486.5947997989641,30.76699706865528
6355,32,13,1,25,8,4141,21,9,16,17,CCN(CC)C1:C:S(=CC=C2C(=N)NC(N(C)C)[SH]2NC(C)=O):C:C(C(F)(F)F):S:1CN(CC(=O)O)CC(=O)O,486.55719730238536,22.197810674109274
4144,21,19,3,12,4,9692,49,4,2,20,CCN1ON(C=CC2:S:C(C(=O)[O][Na]):C(C):S:C:2O)C([O][Na])C1[SH](=O)=O,486.55584086473874,21.601969006034736
5365,27,9,23,22,1,393,2,4,15,17,CCNC1C(S(=O)(=O)O)C(N=NC2(CC):C:C:C(C(F)(F)F):C:C:2=C(C#N)C#N)NN1N(CC)CC,486.5353199944474,22.00717440395313
2002,11,9,5,11,2,4561,23,22,14,15,CCN(CC)C1:C(C=CC(=O)C2(S(=O)(=O)O)CCC(C(=O)O)C2=C(C#N)C#N):C:C(N):N:C:1Cl,486.5265317932934,10.029168966762603
8191,41,25,3,9,19,2402,13,10,26,11,CCN(CC)C1:C(C(=N)C2:C:C(N):S:C(=O):C:2S(=O)(=O)[O][Na]):O:N:C(=N):C:1C,486.5088246271246,23.552762148966117
544,3,22,19,11,16,3053,16,7,5,12,COC1:C(Cl):N(O):C:C:N:1C=CC=CC=CC1:C:C(N):C:C(C(=O)[O][Na]):N:1S(=O)(=O)O,486.5081366746854,28.357002905237014
5763,29,15,12,23,17,245,2,10,2,20,CCNC1CC(C=CC=CC=CC=CC2(S(=O)(=O)[O][Na]):C:C([O][Na]):C:C:C:2[SH](=O)=O)S(=C(C#N)C#N)N1O,486.49382102988267,22.954738387314034
8732,44,6,14,9,18,5901,30,5,20,21,CCN(CC)C1:C:C(C(=O)O):S([N+](=O)O):N:C:1NCN1C(Br)CN([O][Na])C1Cl,486.48816938893333,31.57211465241424
2733,14,13,21,8,12,6280,32,11,20,23,CCNC1C([O][Na])NC(N)[SH]1C#CC#CC1:C:C:S(NC(C)=O):C(Br):C:1N=O,486.4610724899741,29.424737445558
1860,10,8,20,10,16,396,2,5,1,26,CN(C)C1:C:C:C(Cl)(C=CC=CC=CC2:C:N:C(S(=O)(=O)[O][Na]):C([O][Na]):C:2N=O):C:C:1=O,486.43498704227875,18.35773988612654
7214,37,21,21,8,17,2002,11,9,5,11,CCN(CC)C1(C=CC=CC=CC=CC2(N=O)CC(Br)OC2Br):C:C:C(N):N:C:1Cl,486.43074466086983,21.003095428986406
5895,30,10,22,18,12,5788,29,8,21,20,CCOC(=O)C1(C#CC#CS2(N=O)CCC([O][Na])N2Br)CNC(S(=O)(=O)O)N1S(=O)(=O)[O][Na],486.4260765313626,21.414114465872775
5309,27,22,23,18,2,5186,26,20,14,3,CCNN1CCC(C=CC(=O)[SH]2C([O][Na])CC(C(=O)O)C2C)(C(=O)OCC)N1S(=O)(=O)O,486.4091610356694,22.834663631851946
881,5,19,25,26,17,2641,14,2,8,23,CCNS1:C:C:C:C(C=CC=CC=CC=CC2:C:C(=O):C:C(=N):S:2C(=O)[O][Na])([SH](=O)=O):C:1N=O,486.39763831699,21.133146467514642
5217,27,4,1,12,13,8670,44,17,9,6,CCC1NNC(O)(C=CC=CN2:C:C([N+](=O)O):C(N(CC)CC):C(C(F)(F)F):S:2)C1N(C)C,486.3816399474029,18.20476121551392
5990,30,16,23,4,17,959,5,21,8,26,CCNN1CN(CN(CC(=O)O)CC(=O)O)C(C=CC=CC=CC=CS2:C:C(=O):C:C(N=O):C:2Br)C1CC,486.2375831714406,20.083015201137396
6699,34,16,24,9,4,7511,38,26,20,19,CCN(CC)C1(C=CC2SC(=O)C([O][Na])C2C(=O)[O][Na])CC(C(C)C)NC1CN(CC(=O)O)CC(=O)O,486.20202206421544,32.601006536614506
8848,45,17,9,23,11,2574,13,17,7,21,CCNC1:C:C(C#CC2(C(F)(F)F):C:C(Br):S:C:C:2OC):S(C(F)(F)F):S(N(CC)CC):C:1,486.2011819496482,10.580572142937857
1463,8,9,20,5,9,535,3,3,5,18,CCOC(=O)C1:C:N(C2:C(N(CC)CC):C:O:C([O][Na]):C:2Cl):C(C):C:C:1Cl,486.19240718029016,18.547706450209503
2800,14,26,21,15,3,4020,21,19,2,10,N#CC(C#N)=C1:C(C=CC(=O)CC(=O)C=CS2(C(=O)[O][Na]):C:C:S([SH](=O)=O):C(S(=O)(=O)[O][Na]):C:2):C:C:S(=O):C:1Br,486.1393963685347,23.476317613642646
8989,45,17,9,14,4,1564,8,16,7,19,CCN(CC)S1:C:C(C(=O)O):C:C(C=CC2(CN(CC(=O)O)CC(=O)O):C:C(C(=O)[O][Na]):C:O:C:2OC):S:1C(F)(F)F,486.1357021389784,25.191947329201366
6199,31,3,20,24,14,4060,21,14,8,19,CC1OC(OS2(C(=O)O):C:C(C(=O)[O][Na]):S:C:C:2N=O)(C(C)C)CN1[O][Na],486.0900160525087,18.988329100943083
6933,35,18,13,17,4,2198,11,3,19,16,CCOC(=O)C1CC(C=CC2(C):C:C:C(CN(CC(=O)O)CC(=O)O):N:C:2C(=O)[O][Na])(C(F)(F)F)CN1NC(C)=O,486.0763616437107,35.39257597244826
8932,45,7,16,7,15,6517,33,3,3,7,COC1:C:C:C(C=CC=CCC2C[SH](C)C(C)C2OC):S(OC):S:1CN(CC(=O)O)CC(=O)O,486.03472918232336,27.31765442014538
8469,43,21,26,3,15,2895,15,24,5,21,CC1:C:C(C=CC=CCC2:C:C(Br):C:C(Cl):S:2C(C)C):N(Br):N:C:1=O,486.034178612056,33.89433671373781
528,3,6,7,13,16,2590,13,10,6,22,COC1:C:C:N([N+](=O)O):C(C=CC=CC=CC2:C:C:S(S(=O)(=O)O):C([N+](=O)O):C:2S(=O)(=O)[O][Na]):C:1NC(C)=O,486.026869105547,24.959268213134976
494,3,20,7,8,13,895,5,15,1,23,CCNC1:C:C:S(C=CC=CC2:C(N=O):C:C(OC):C:N:2[O][Na]):C(=C(C#N)C#N):C:1N(C)C,486.02146828615685,13.881339969258958
5698,29,4,3,18,3,4052,21,19,1,21,CCOC(=O)C1(C=CC(=O)CC(=O)C=CS2(C(=O)[O][Na]):C:C:S(Br):C:C:2N(C)C)SN(CC)CC1C,485.8679492068187,19.705109611389755
6992,35,4,14,21,13,5138,26,6,13,21,CCN1CCC(Br)(C=CC=CS2([N+](=O)O)C(Br)CCC2NC(C)=O)C1C(=O)O,485.8625037103392,36.542409220926565
2856,15,12,24,1,7,7429,38,24,15,17,CC(C)C1:C(O):S:C:C(C=NC2(C(C)C)SCC(=C(C#N)C#N)C2C(F)(F)F):C:1N(C)C,485.81454202381485,25.060697814765245
3883,20,4,12,23,17,8420,43,11,17,16,CCNC1:C(C=CC=CC=CC=CN2:C:C:C(CN(CC(=O)O)CC(=O)O):C(C(F)(F)F):N:2N):O:C(CC):C:S:1O,485.78915221300485,23.013955137144297
6881,35,7,2,23,11,2937,15,13,4,2,CCNC1(C#CC2:C:C:C([SH](=O)=O):C(CC):S:2NC(C)=O)CC(OC)N([SH](=O)=O)C1,485.78213544465996,19.052076394702343
4855,25,8,8,4,4,1649,9,10,5,1,CCC1(C=CC2(S(=O)(=O)[O][Na]):C:C:C(N(C)C):C(Cl):O:2)OC(N=O)CC1N=O,485.77458442130757,14.544285348619692
1194,6,1,20,9,6,5148,26,5,23,21,CCNC1CCC(Br)[SH]1(Cl)=CC1:B:C(N(C)C):C([O][Na]):C(N(CC)CC):C:1,485.7383114506705,18.618908528616682
4697,24,8,3,24,14,9419,48,10,9,24,CCN(CC)[SH]1CC(C(C)C)[SH](OC2CC(C(C)C)C(C)N2N=O)C1S(=O)(=O)[O][Na],485.6898806665249,14.52000695412113
7134,36,2,20,19,7,4143,21,18,17,20,CCOC(=O)S1(N=CC2(C(=O)[O][Na])CC([O][Na])OC2[SH](=O)=O):C:C:S:C([O][Na]):C:1C(F)(F)F,485.6556447235118,18.725586919043923
1368,7,1,22,1,15,5144,26,4,10,12,CCS1(CC=CC=CC2:C(N(C)C):C:C(S(=O)(=O)O):O:C:2N(C)C)CCC(S(=O)(=O)[O][Na])C1O,485.6485322276068,14.888920846618275
2647,14,8,21,8,20,6883,35,20,20,25,CC(C=CC1([O][Na])CNC([O][Na])C1=N)=CC1:C(N=O):C:S:C(Br):C:1N=O,485.64496432702435,19.993219713943237
5703,29,20,18,24,20,4007,21,14,8,2,CCOC(=O)C1C(C(C)C)C(C=C(C)C=CS2(C(=O)O):C:C:S([SH](=O)=O):C(N=O):C:2)SN1[O][Na],485.633539234015,25.689927762077456
2462,13,21,13,5,2,5060,26,4,3,8,CCC1C(C)CC(N=O)[SH]1C(=O)C=CC1:C:C:C(Br):S(NC(C)=O):C:1Cl,485.6187783472107,14.787213690126652
8980,45,18,1,24,10,4456,23,20,8,14,CCOC(=O)S1:C(=C2CC([O][Na])C(N=O)C2C(=O)O):C(C(C)C):C:C:S:1N(C)C,485.59571043937865,24.990947019044867
8350,42,10,8,16,4,944,5,17,13,3,CC(=O)NC1:C(C):C:C:S(C=CC2:O:S(S(=O)(=O)[O][Na]):C:C(N=O):C:2CN(CC(=O)O)CC(=O)O):C:1C(F)(F)F,485.5833526646813,43.552144121994964
8039,41,18,18,5,19,2224,12,2,22,24,CCOC(=O)C1:C:C(Cl):C(C(=N)C2([SH](=O)=O):C:C:C(C(C)C):C:N:2S(=O)(=O)O):O:N:1C(=O)OCC,485.57696962108304,15.74220330456229
7080,36,14,3,16,19,8622,44,16,23,4,CCNC1:C(CC):C:N(C(=N)C2(CN(CC(=O)O)CC(=O)O)C(C)COC2C(=O)O):S:C:1CN(CC(=O)O)CC(=O)O,485.48888847894784,32.46046021642138
7000,35,21,12,23,16,7466,38,3,22,21,CCNC1(C=CC=CC=CC2CC(Br)C(S(=O)(=O)O)[SH]2C)CNC(O)C1Br,485.48731176313424,11.009703163137052
4423,23,13,4,23,8,343,2,23,10,9,CCNC1:C:C(=CC=C2C(NC(C)=O)CC(CC)C2NCC):C:C(N(CC)CC):C:1S(=O)(=O)[O][Na],485.47522313130304,22.895915153847792
8465,43,19,12,23,16,5270,27,12,23,22,CCNC1:C:C(C=CC=CC=CN2C(S(=O)(=O)O)CC(NCC)N2O):N:N(C(=O)[O][Na]):C:1O,485.47238347168314,23.75769063494395
7431,38,12,22,13,16,6939,35,4,26,1,CCC1(C=CC=CC=CC2C(NC(C)=O)C[SH](S(=O)(=O)O)C2O)CNC(=O)C1N(C)C,485.4677462952054,26.32702584986782
2186,11,10,8,18,3,2192,11,6,7,13,CCOC(=O)C1:C(N=O):N:C:C(S(=O)(=O)[O][Na]):C:1C=CC(=O)CC(=O)C=CC1([N+](=O)O):C:N:C(OC):C(NC(C)=O):C:1,485.44781321572265,26.9889098071477
372,2,19,15,10,4,8713,44,20,3,20,CC1:C([O][Na]):C:N(C=CC2:C:C:C(S(=O)(=O)[O][Na]):C(=C(C#N)C#N):C:2C(=O)[O][Na]):S:C:1[O][Na],485.4396700306447,16.502501198540678
801,5,1,16,17,13,1993,10,5,7,6,COC1:N:C([N+](=O)O):C:C(C=CC=CC2:C:C(C(F)(F)F):C(CN(CC(=O)O)CC(=O)O):C(N(C)C):S:2):C:1Cl,485.3704039706864,12.132620264665531
2915,15,12,22,1,20,7412,38,13,18,23,CCNC1CC(C(=O)OCC)[SH](NC(C)=O)C1C=CC(C)=CC1:C:C(N(C)C):C(S(=O)(=O)O):S:C:1O,485.3661281000729,23.161237402280094
8555,43,3,7,20,4,2206,12,9,10,2,CCN(CC)N1:C(C=CC2:N:N(C):C(OC):C:C:2[O][Na]):C:C([SH](=O)=O):C:C:1S(=O)(=O)[O][Na],485.3220457676119,23.523359902990794
2049,11,23,19,23,7,6546,33,18,2,21,CCNC1:C(C=NC2(C(=O)OCC)CC[SH](Br)C2[SH](=O)=O):C:C:N(NCC):C:1C(=O)[O][Na],485.2889029814222,16.25868187133076
1940,10,17,25,9,18,2816,15,8,20,7,CCN(CC)N1:C:C(NCC2(N=O):C:C:C(OC):C([O][Na]):S:2):C(C(F)(F)F):C:C:1=N,485.2572102125681,24.39361886650707
7553,38,1,7,7,13,7556,38,16,23,5,CCNC1C(Cl)CC(C=CC=CC2CC(OC)[SH](OC)C2N(C)C)[SH]1CN(CC(=O)O)CC(=O)O,485.25183544356577,31.081948354315273
6753,34,18,15,6,16,1313,7,22,6,4,CCOC(=O)C1NCC(C=CC=CC=CC2(S(=O)(=O)O):C:C(CC):O:C([N+](=O)O):C:2)([N+](=O)O)C1=C(C#N)C#N,485.24871466435314,23.966175622484204
3488,18,12,16,5,9,5147,26,12,15,13,CC(=O)NC1C[SH](C2:C(Cl):S:C(CN(CC(=O)O)CC(=O)O):C:N:2O)C(O)C1=C(C#N)C#N,485.196721586904,23.7799834765814
8960,45,13,1,7,4,4683,24,14,10,15,COC1:C(N(C)C):C:S(NC(C)=O):S:C:1C=CN1CC(=C(C#N)C#N)C(S(=O)(=O)[O][Na])C1C(=O)O,485.16849177104103,33.83712185340452
7468,38,3,12,12,13,6940,35,10,14,18,CCOC(=O)C1CC(C=CC=CC2C[SH](C)C(O)C2O)(S(=O)(=O)[O][Na])C(C(=O)O)N1,485.1521036106857,21.894012503230076
4002,21,9,15,18,9,9465,48,4,8,20,CCOC(=O)S1:C:C(S2(CC)CSC(N=O)C2[O][Na]):S(N(CC)CC):C:C:1=C(C#N)C#N,485.1487709585009,20.595900448972802
1426,8,7,6,24,3,1843,10,14,14,16,COC1:C([N+](=O)O):O:C:C(C(C)C):C:1C=CC(=O)CC(=O)C=CC1(C(=O)O):C:C(CN(CC(=O)O)CC(=O)O):N:C(C(=O)O):C:1,485.146603276098,36.10055401417215
7126,36,15,14,14,9,6905,35,10,7,20,CON1C([O][Na])CC(C2(C(=O)O)C(=C(C#N)C#N)OCC2C(=O)O)C1S(=O)(=O)[O][Na],485.13471665379257,30.207301901639088
7012,36,15,5,8,20,4448,23,25,1,4,CCC1CC(N(C)C)C(=N)C1C=CC(C)=CC1(N=O)CC(Cl)OC1=C(C#N)C#N,485.1338774327718,41.11967208051449
882,5,24,12,1,1,1903,10,17,23,9,CCNC1:C:C(N=NC2:C(N(C)C):C:C(O):C:S:2C(C)C)(C(F)(F)F):C:C:N:1N(CC)CC,485.1298761250131,18.646684781433624
6473,33,17,20,3,14,5179,26,4,24,7,CCC1CC(C(C)C)C(OC)[SH]1OC1(C)CC[SH](C(F)(F)F)C1[O][Na],485.1177937879153,17.303899900146767
3597,18,4,8,18,15,2558,13,9,23,13,CCNS1:C:C:C(CC=CC=CC2:C(C(=O)OCC):S:C(N=O):C:N:2CC)(N(CC)CC):C:C:1NC(C)=O,485.0632516769045,14.332450051245235
8270,42,7,10,14,5,2792,14,25,11,19,COC1:S:O:C(N=C2:C:C(C(=O)[O][Na]):C:S(N):C:2=N):C(C(=O)O):C:1S(=O)(=O)[O][Na],485.03725647013414,27.815988568458828
4552,23,9,10,6,2,5040,26,25,5,1,CCN(CC)C1C(C=CC(=O)[SH]2(=N)CC(Cl)C(N(C)C)C2)CC([N+](=O)O)C1S(=O)(=O)[O][Na],484.9815238074719,27.697266911491948
7299,37,26,16,2,3,6853,35,9,5,6,CCN(CC)C1(C=CC(=O)CC(=O)C=CC2C(=O)C(CN(CC(=O)O)CC(=O)O)OC2[SH](=O)=O)CN(Cl)CC1[N+](=O)O,484.97196554587873,29.030569428608906
1044,6,5,19,15,18,4593,23,5,13,4,CCC1CC(NC(C)=O)C(Cl)C1CNC1:B:C(Cl):C:C(C(=O)[O][Na]):C:1=C(C#N)C#N,484.9421000951077,24.57266228833324
2428,13,1,24,7,2,2496,13,10,18,1,CCOC(=O)S1:C:C:C(C(=O)C=CC2:C:S(OC):C:C(C(C)C):C:2N(C)C)(S(=O)(=O)[O][Na]):C:C:1N(C)C,484.92779784658694,25.425703190841936
5033,26,3,16,20,3,863,5,16,16,24,CC(C)C1:C:C:S(C=CC(=O)CC(=O)C=CC2C([O][Na])C(CN(CC(=O)O)CC(=O)O)C[SH]2C)(CN(CC(=O)O)CC(=O)O):C(CN(CC(=O)O)CC(=O)O):C:1,484.9186905705881,26.62209154208801
2834,15,25,1,9,13,2155,11,18,6,15,CCOC(=O)C1(C=CC=CC2:C:C:C(N(CC)CC):S(N(C)C):C:2=N):C:C(=C(C#N)C#N):C:N:C:1[N+](=O)O,484.9108335448717,21.401568744132398
896,5,6,16,15,18,8412,43,3,9,21,CCN(CC)C1:C:N(C):N(CNC2:S:C([N+](=O)O):C:C(CN(CC(=O)O)CC(=O)O):C:2=C(C#N)C#N):C:C:1Br,484.8967718136634,20.388646594681077
5641,29,4,5,2,17,1078,6,4,8,13,CCC1:C:B(C=CC=CC=CC=CC2([SH](=O)=O)CC(Cl)N(CC)S2):C:C(NC(C)=O):C:1N=O,484.86339637232714,18.336525116847135
2833,15,25,18,11,20,6486,33,18,14,3,CCOC(=O)C1:C:C(N):C(C=C(C)C=CC2C(C(=O)OCC)SC(C(=O)O)C2C):C:S:1=N,484.8395659477604,22.81531663882568
984,5,16,1,2,16,393,2,4,15,17,CCC1(C=CC=CC=CC2:S:C:C(CN(CC(=O)O)CC(=O)O):C(N(C)C):C:2[SH](=O)=O):C:C:C(C(F)(F)F):C:C:1=C(C#N)C#N,484.83742189012355,13.419249433621719
6849,35,24,22,1,13,384,2,10,7,13,COC1:C:C(NC(C)=O):C:C:C:1(C=CC=CC1(N(C)C)CN(S(=O)(=O)O)CC1C(C)C)S(=O)(=O)[O][Na],484.8318820203518,35.59024900570342
3404,18,2,20,15,2,2732,14,26,2,4,CCC1:C:C(C(=O)C=CC2:C(=C(C#N)C#N):S:C([O][Na]):C:N:2[SH](=O)=O):C(=O):S([SH](=O)=O):C:1,484.81575315564004,14.558463621229691
1102,6,19,22,11,14,4366,22,10,25,10,N=C1C=C(S(=O)(=O)[O][Na])C(OC2:B:C(C(=O)[O][Na]):C(S(=O)(=O)O):C:C:2N)=C1S(=O)(=O)[O][Na],484.795904513522,13.143506906453334
2273,12,4,18,20,12,2966,15,19,15,11,CCOC(=O)C1:C([O][Na]):C:C(C#CC#CC2(C(=O)[O][Na]):C:C(N):C(=C(C#N)C#N):C:S:2):C:N:1CC,484.7606349776901,19.39116454360465
4177,21,21,18,26,14,8808,45,4,19,8,CCOC(=O)C1:C(Br):S:C(OS2(CC):C:C(N=O):C:C(C(=O)[O][Na]):S:2):C:S:1=O,484.7603904458112,24.86117301619444
4408,23,1,21,24,16,7444,38,2,22,18,CCOC(=O)C1CC(S(=O)(=O)O)[SH]([SH](=O)=O)C1C=CC=CC=CC1C(C(C)C)C(Br)CC1N(C)C,484.70569811535336,21.902696501805398
746,4,21,8,15,20,6618,34,3,5,2,CC(C=CC1NC(C)C(Cl)C1[SH](=O)=O)=CC1:C:C(=C(C#N)C#N):C(N=O):C(Br):O:1,484.6533112720496,31.802786899746888
5610,29,7,12,4,20,2882,15,16,9,20,CCC1CC(C=C(C)C=CC2(CN(CC(=O)O)CC(=O)O):C:C:C([O][Na]):C:S:2N(CC)CC)[SH](OC)N1O,484.63055908211993,16.319704058092274
5725,29,17,17,9,1,1635,9,23,9,23,CCNC1:C:C:C(N=NC2(N(CC)CC)C(C(F)(F)F)CN[SH]2C(F)(F)F)(NCC):O:C:1N(CC)CC,484.6075995969362,26.972787203319214
5109,26,3,13,1,8,5158,26,16,18,25,CCOC(=O)C1CC(=N)S(=CC=C2CC(N(C)C)C(NC(C)=O)[SH]2C)C1CN(CC(=O)O)CC(=O)O,484.58680948808086,19.07030178786159
3426,18,14,22,20,18,5117,26,13,10,3,CC(=O)NS1(CNC2:C([O][Na]):S:C(S(=O)(=O)O):C:N:2C(=O)O)CCC(C)C1S(=O)(=O)[O][Na],484.57089116049445,22.987237124488
8930,45,15,24,17,13,5880,30,21,1,3,CC(C)C1:C:S(=C(C#N)C#N):S:C(C=CC=CN2C(Br)NC(N(C)C)C2C):C:1C(F)(F)F,484.5459926064694,19.776676634420287
5799,29,15,14,15,11,2591,13,20,26,13,CC(=O)NC1:C:C(C#CC2C(=C(C#N)C#N)CN(C(=O)O)S2=C(C#N)C#N):C:C([O][Na]):S:1=O,484.5107617731522,18.85346741255749
2476,13,9,14,16,11,5122,26,3,7,5,CCN(CC)C1:C:C(C#CS2(C)CC(Cl)C(OC)C2):C:S(CN(CC(=O)O)CC(=O)O):C:1C(=O)O,484.49022769445753,23.672092206792556
818,5,6,23,9,14,6273,32,1,22,25,CCNC1:C:C(N(CC)CC):C(O[SH]2C(=N)C(S(=O)(=O)O)NC2N(C)C):S([N+](=O)O):C:1,484.38919069504874,25.03686855849115
5185,26,1,19,18,7,7336,37,9,7,9,CCOC(=O)C1C(C=NC2(N(CC)CC)C(OC)OCC2N(CC)CC)SC(N(C)C)C1C(=O)[O][Na],484.3609714231011,17.205074624976618
8984,45,2,6,11,18,2376,12,12,5,5,NC1:C:C:C(NCC2(O):C:C:C(Cl):C:N:2Cl):S([SH](=O)=O):S:1[N+](=O)O,484.28592031848694,14.761835583209391
7519,38,21,6,21,14,2339,12,16,4,9,CCN(CC)C1:C:C:N(CC):C(CN(CC(=O)O)CC(=O)O)(OC2CC(Br)[SH]([N+](=O)O)C2Br):C:1,484.2678330355546,21.5063316517364
572,3,12,13,3,17,6782,34,9,13,16,CCN(CC)C1(C=CC=CC=CC=CC2:C:C(C):C(NC(C)=O):C(O):N:2)C(CN(CC(=O)O)CC(=O)O)CCN1NC(C)=O,484.26324400786905,17.505430221185026
7139,36,20,2,11,1,7297,37,10,16,25,N=C1COC(CN(CC(=O)O)CC(=O)O)C1(N=NC1C([O][Na])OC([SH](=O)=O)C1N)S(=O)(=O)[O][Na],484.15083065196575,36.17032312565059
1854,10,5,10,6,16,6617,34,7,23,12,CCNN1CC(O)CC1(C=CC=CC=CC1:C:C:C(Cl):N(S(=O)(=O)[O][Na]):C:1[N+](=O)O)OC,484.1267297908356,29.184322027237215
1317,7,4,19,13,15,2893,15,4,2,11,CCC1:C(C(=O)[O][Na]):C:O:C(NC(C)=O):C:1C=CC=CCC1(CC):C:C(N):C([SH](=O)=O):C:S:1,484.1256597370346,20.035813963285296
6633,34,18,16,9,18,6523,33,24,13,9,CCOC(=O)C1NC(CN(CC(=O)O)CC(=O)O)CC1(NCC1(C(C)C)C[SH](NC(C)=O)CC1N(CC)CC)N(CC)CC,484.11846339615204,15.682604382991647
4138,21,23,13,2,15,5771,29,14,21,7,CCNC1:S:C(C=CC=CC[SH]2CC(OC)C(Br)N2C(=O)O):C([SH](=O)=O):S:C:1NC(C)=O,484.0346745415134,14.61481395577148
8809,45,10,10,18,19,9457,48,5,14,24,CCOC(=O)C1:C(C(=N)[SH]2CC(C(C)C)[SH](C(=O)O)C2Cl):S:S:C(S(=O)(=O)[O][Na]):C:1S(=O)(=O)[O][Na],484.0075273906693,14.793465061737383
814,5,6,3,15,13,6545,33,1,18,14,CCOC(=O)[SH]1CC(C(=O)O)C(C=CC=CC2:S:C:C([N+](=O)O):C(C):C:2=C(C#N)C#N)(N(C)C)C1,483.9990389911577,27.93394126902128
3559,18,4,8,19,15,6224,32,12,5,24,CCN1:C:C:S(N=O):C(C(=O)[O][Na]):C:1C=CC=CCS1(O)C(Cl)NCC1C(C)C,483.98969692450237,14.852810615661685
4474,23,15,25,16,17,2047,11,2,26,4,CCN1:C:C:C:C(C=CC=CC=CC=CC2(CN(CC(=O)O)CC(=O)O)CC(=N)CC2=C(C#N)C#N)([SH](=O)=O):C:1=O,483.9569604653394,16.59109484213301
4423,23,13,4,23,5,4094,21,9,25,10,CCNC1C(CC)CC(NC(C)=O)C1N=S1(N(CC)CC):C:C:S(=N):C(S(=O)(=O)[O][Na]):C:1,483.9458956816637,31.94356998424699
5351,27,9,7,13,17,6915,35,22,11,6,CCN(CC)N1C(C=CC=CC=CC=CC2(S(=O)(=O)O)CC([N+](=O)O)N(N)C2)C(NC(C)=O)CN1OC,483.94009522010526,23.621518769149144
5770,29,4,18,21,20,6838,35,21,3,23,CCNC1CC(Br)(C=CC(C)=CC2(Br)CC(C(=O)OCC)N(CC)S2)CN1C,483.9333414395718,18.234275331114105
6509,33,5,10,19,4,2915,15,12,22,1,CN(C)C1:C:C:C(O)(C=CC2(C(=O)[O][Na])C[SH](S(=O)(=O)[O][Na])CC2Cl):S:C:1S(=O)(=O)O,483.9090916510657,25.769536062026102
5709,29,12,26,17,3,4153,21,9,14,17,CCN(CC)C1:C:S(C=CC(=O)CC(=O)C=CC2SN(O)C(=O)C2C(F)(F)F):C:C(C(F)(F)F):S:1C(=O)O,483.8443288512179,13.154321953177842
2096,11,23,9,8,12,5618,29,21,20,23,CCNC1:C:N(N(CC)CC):C(N=O):C:C:1C#CC#CS1(Br)C(NCC)CCN1[O][Na],483.7964013724589,17.641081789641333
6426,33,1,19,10,2,4709,24,10,15,7,COC1CN(C(=O)C=CC2C[SH](S(=O)(=O)[O][Na])C(C(=O)[O][Na])C2N(C)C)C(S(=O)(=O)[O][Na])C1=C(C#N)C#N,483.77305494527957,17.773080886692973
263,2,12,20,26,15,6562,33,6,16,16,O=C(O)CN(CC(=O)O)CC1C(CC=CC=CC2:C:C(O):C([O][Na]):C(=O):C:2)C[SH]([N+](=O)O)C1CN(CC(=O)O)CC(=O)O,483.76997768994823,30.093778325577098
5056,26,23,23,7,7,2738,14,8,2,11,CCNC1C[SH](NCC)C(C=NC2:C:C(N):C([SH](=O)=O):S(N=O):C:2)(OC)C1,483.7618701393488,27.88910987779764
8739,44,4,13,15,7,2093,11,10,7,20,CCC1:S:N:C(C=NC2(S(=O)(=O)[O][Na]):C:C:C([O][Na]):N(OC):C:2):C(=C(C#N)C#N):C:1NC(C)=O,483.7544307195238,16.933386708186326
5918,30,7,17,8,13,5397,27,16,11,15,CON1C(C=CC=CN2NC(CN(CC(=O)O)CC(=O)O)C(N)C2=C(C#N)C#N)CN(N=O)C1C(F)(F)F,483.742790837533,37.41117076645961
386,2,23,21,19,15,1829,10,14,17,26,CCNC1:C:C(Br):C(C(=O)[O][Na]):C:C:1C=CC=CCC1:C:C(=O):N:C(C(F)(F)F):C:1C(=O)O,483.7265025152534,19.26511176944707
2837,15,8,22,12,5,931,5,17,25,9,CCN(CC)C1:C:S(=NC2:C:C:C(O):S(S(=O)(=O)O):C:2N=O):C(C(F)(F)F):C:C:1=N,483.6967380818658,20.60371995191885
7093,36,5,12,13,14,3052,16,17,14,19,CC(=O)NC1C(O)OC(Cl)C1ON1:C:C:N(C(=O)[O][Na]):C(C(=O)O):C:1C(F)(F)F,483.687757938205,26.309880621009953
2096,11,23,9,8,13,3599,18,21,26,15,CCNC1:C:N(N(CC)CC):C(N=O):C:C:1C=CC=CN1:C:C(=C(C#N)C#N):S(=O):C:C:1Br,483.67372809583566,25.133031498064533
9427,48,14,2,25,8,8930,45,15,24,17,CC(C)C1:C:S(=C(C#N)C#N):S(=CC=C2CS(=N)C([SH](=O)=O)[SH]2C(=O)O):C:C:1C(F)(F)F,483.6583002185046,33.57916271298862
2052,11,5,17,11,17,8815,45,18,5,4,CCOC(=O)C1:S:S(C=CC=CC=CC=CC2:C:C(N):N:C(C(F)(F)F):C:2Cl):C:C(CC):C:1Cl,483.65332162988324,12.114919567227433
5520,28,24,24,7,3,8724,44,23,19,26,CCNS1:C(C(=O)[O][Na]):C:C(=O):C:N:1C=CC(=O)CC(=O)C=CC1(OC)CC(C(C)C)N(C(C)C)O1,483.6449248266475,19.975295532566527
5783,29,15,15,18,14,2926,15,4,17,5,CCOC(=O)C1(OC2(CC):C:C:C:C(Cl):S:2C(F)(F)F)C(=C(C#N)C#N)CNS1=C(C#N)C#N,483.63740428919107,24.140958882387864
2306,12,16,8,16,16,6998,35,20,14,6,O=NC1:C:N(CN(CC(=O)O)CC(=O)O):C:C(C=CC=CC=CC2([O][Na])C(C(=O)O)NCC2[N+](=O)O):C:1CN(CC(=O)O)CC(=O)O,483.6310794286195,37.29066321784627
2989,15,11,19,12,20,6613,34,3,11,2,CC(C=CC1NC(C)C(N)C1[SH](=O)=O)=CC1:C(O):C:C:S(C(=O)[O][Na]):C:1N,483.61353957307745,9.372621370890016
8932,45,7,16,7,1,5362,27,23,13,13,CCNN1C(NC(C)=O)C(NC(C)=O)CN1N=NC1:C:C:C(OC):S(CN(CC(=O)O)CC(=O)O):S:1OC,483.6092490219856,32.93361326523504
6242,32,25,25,9,17,2896,15,8,13,25,CCN(CC)C1(C=CC=CC=CC=CC2:C:C:C(=N):C(NC(C)=O):S:2N=O)C(=N)NCS1=N,483.6042956471889,18.328824425027296
2494,13,21,24,16,19,5638,29,5,1,20,CC(C)C1:S:C(CN(CC(=O)O)CC(=O)O):C(C(=N)S2(Cl)C([O][Na])CCN2N(C)C):C:C:1Br,483.5696852745933,44.47185549749686
2869,15,20,20,7,1,4446,23,2,12,23,CCNC1C(N=NC2:C:C(OC):C:S([O][Na]):C:2[O][Na])CC([SH](=O)=O)C1O,483.56839574176956,19.47919822186801
6975,35,1,17,8,13,8514,43,5,18,6,CCOC(=O)C1:C([N+](=O)O):C:C:N(C=CC=CC2(N=O)CC(N(C)C)NC2C(F)(F)F):N:1Cl,483.5426423857915,17.787920512765435
3324,17,18,18,19,7,1044,6,5,19,15,CCOC(=O)C1:C(C(=O)[O][Na]):O:C:C(C=NB2:C:C(=C(C#N)C#N):C(C(=O)[O][Na]):C:C:2Cl):N:1C(=O)OCC,483.5302962329903,21.9069633194899
9444,48,19,26,20,14,6403,33,11,19,24,CC(C)C1C[SH](C(=O)[O][Na])CC1(N)OC1C[SH]([O][Na])C(=O)[SH]1C(=O)[O][Na],483.5082693740677,20.720389763396028
8384,42,13,10,8,17,4159,21,2,11,2,CC(=O)NS1:C:C(S(=O)(=O)[O][Na]):C(N=O):C(C=CC=CC=CC=CS2:C:C:S([SH](=O)=O):C(N):C:2[SH](=O)=O):O:1,483.48662130354467,28.550567842821728
7451,38,4,17,4,16,6699,34,16,24,9,CCC1C[SH](C(F)(F)F)C(CC)C1C=CC=CC=CC1(CN(CC(=O)O)CC(=O)O)NC(C(C)C)CC1N(CC)CC,483.4578667175889,26.933778840576913
6372,32,6,17,23,2,7222,37,20,13,11,CCNN1CC(C=CC(=O)C2([O][Na])COC(NC(C)=O)C2N)[SH]([N+](=O)O)C1C(F)(F)F,483.44155083949437,14.795216516508065
8230,42,21,19,3,18,5067,26,20,18,18,CCOC(=O)C1CC(C(=O)OCC)[SH](CNC2:O:S:C(Br):C(C(=O)[O][Na]):C:2C)C1[O][Na],483.42557818764135,27.245264118197507
1564,8,16,7,19,4,1944,10,16,21,12,COC1:O:C:C(C(=O)[O][Na]):C(C=CC2(CN(CC(=O)O)CC(=O)O):C:C:N(Br):C(O):C:2):C:1CN(CC(=O)O)CC(=O)O,483.41960972551635,32.24801932755139
2464,13,19,24,15,11,8847,45,7,5,11,COS1:C(Cl):C:C(N):C:S:1C#CC1:C(C(=O)[O][Na]):C:C:S(C(C)C):C:1=C(C#N)C#N,483.41764732998274,19.780513644965104
2072,11,8,6,13,1,824,5,20,3,13,CC(=O)NC1:C:S(N=NC2:C:C(N=O):N:C([N+](=O)O):C:2NC(C)=O):C([O][Na]):C:C:1C,483.37756412978325,19.070994639955185
986,5,10,18,7,4,2201,12,11,26,9,CCOC(=O)C1:C(OC):C:C:C(C=CC2(N):C:C:C(N(CC)CC):C(=O):N:2):S:1S(=O)(=O)[O][Na],483.3691416101853,19.178130631262174
2631,14,9,23,2,20,3124,16,18,12,9,CCNC1:S:C(N(CC)CC):C:C(C=C(C)C=CN2:C:C(C(=O)OCC):N(O):C(N(CC)CC):C:2):C:1[SH](=O)=O,483.3523347361546,19.60679471212966
894,5,2,2,5,13,6390,32,16,6,7,COC1CS(C=CC=CC2:S:C([SH](=O)=O):C([SH](=O)=O):C:C:2Cl)(CN(CC(=O)O)CC(=O)O)C([N+](=O)O)N1,483.3346226842991,26.72329338047159
5620,29,9,17,26,14,5740,29,22,16,15,CCN(CC)N1SC(O[SH]2C(=C(C#N)C#N)C(CN(CC(=O)O)CC(=O)O)CN2S(=O)(=O)O)C(=O)C1C(F)(F)F,483.32567207813173,27.290696062194897
4064,21,10,12,18,8,916,5,7,9,21,CCOC(=O)S1:C:C(=CC=S2:C:C:C(Br):C(N(CC)CC):C:2OC):S(S(=O)(=O)[O][Na]):C:C:1O,483.3224562944259,17.006002494126356
4718,24,17,4,6,7,896,5,6,16,15,CCC1CN(C(F)(F)F)C(C=NS2:C:C(=C(C#N)C#N):C(CN(CC(=O)O)CC(=O)O):C:C:2[N+](=O)O)C1[N+](=O)O,483.30402174886376,20.15310325230637
6529,33,15,19,2,3,2169,11,22,24,23,CCNN1:C:C:C:C(C=CC(=O)CC(=O)C=CC2([SH](=O)=O)CCS(=C(C#N)C#N)C2C(=O)[O][Na])(S(=O)(=O)O):C:1C(C)C,483.26199871627375,26.25186233905383
8642,44,21,8,12,20,6683,34,10,6,8,CC(C=CC1CC(N=O)C([N+](=O)O)N1S(=O)(=O)[O][Na])=CC1:C:C(O):C:S(N=O):N:1Br,483.2576161920573,28.468232314609356
7452,38,9,20,2,1,2904,15,5,6,10,CCN(CC)C1SCC(N=NC2(Cl):C:C(S(=O)(=O)[O][Na]):C([N+](=O)O):C:S:2)([SH](=O)=O)C1[O][Na],483.2413794884643,26.489166951078854
7437,38,7,4,9,17,4597,23,7,26,15,CCN(CC)C1C[SH](CC)C(OC)C1C=CC=CC=CC=CC1(OC)C(=O)CCC1=C(C#N)C#N,483.2355390070996,4.770718712281278
5233,27,19,19,17,2,3231,17,23,13,23,CCNC1:C:N(C(=O)C=CC2NN(C(=O)[O][Na])C(C(=O)[O][Na])C2C(F)(F)F):C(NCC):C(NC(C)=O):O:1,483.2110299101652,32.24197324835636
756,4,7,6,19,16,4518,23,8,2,26,COC1:O:C(C=CC=CC=CC2(N=O)CCC(=O)C2[SH](=O)=O):C(C(=O)[O][Na]):C:C:1[N+](=O)O,483.2087451801178,24.10248753477643
6622,34,18,12,21,9,6561,33,8,19,19,CCOC(=O)N1CC(O)C(Br)(C2C(N=O)SC(C(=O)[O][Na])C2C(=O)[O][Na])C1,483.1789811730291,14.208767251649082
6745,34,13,10,20,9,6307,32,25,13,16,CC(=O)NC1C([SH]2C(=N)N(NC(C)=O)CC2CN(CC(=O)O)CC(=O)O)CC([O][Na])N1S(=O)(=O)[O][Na],483.1648808695066,22.09752210208592
5247,27,18,24,11,14,5921,30,18,16,20,CCOC(=O)C1N(OC2(N)C(C(C)C)CNN2C(=O)OCC)CC([O][Na])N1CN(CC(=O)O)CC(=O)O,483.16173274825087,24.288310010468088
375,2,23,26,18,17,8922,45,15,2,19,CCNC1:C:C(C=CC=CC=CC=CS2:C:C(C(=O)[O][Na]):C([SH](=O)=O):C:S:2=C(C#N)C#N):C(C(=O)OCC):C(=O):C:1,483.13640132560624,17.80217698101405
943,5,24,12,17,2,8982,45,22,9,16,CCN(CC)C1:C(CN(CC(=O)O)CC(=O)O):C:S(C(=O)C=CC2:C(C(F)(F)F):C:C:C(O):S:2C(C)C):S:C:1S(=O)(=O)O,483.11752905716247,25.52437521568515
8687,44,14,17,10,16,2850,15,24,26,21,CC(C)C1:S:C(C=CC=CC=CC2:C:C(S(=O)(=O)[O][Na]):C:S(C(F)(F)F):N:2C(=O)O):C:C(Br):C:1=O,483.1122735189666,22.286757578671114
2490,13,18,12,21,17,6387,32,13,22,10,CCOC(=O)C1:C(C=CC=CC=CC=C[SH]2CN(NC(C)=O)C(S(=O)(=O)O)C2S(=O)(=O)[O][Na]):C:S:C(Br):C:1O,483.0030471736121,18.471226595814176
9577,48,6,10,1,12,5892,30,18,20,7,CCOC(=O)C1N(C#CC#CC2(N(C)C)C[SH](S(=O)(=O)[O][Na])C[SH]2[N+](=O)O)CC(OC)N1[O][Na],482.9730349051557,28.246644506983863
5743,29,17,23,8,1,5665,29,5,4,10,CCNN1CCC(N=O)(N=N[SH]2CC(S(=O)(=O)[O][Na])C(CC)N2Cl)[SH]1C(F)(F)F,482.9514834872842,14.473848414559233
5987,30,24,21,3,17,8477,43,11,16,18,CCOC(=O)C1:C:N(C=CC=CC=CC=CC2(C)NC(C(C)C)NC2Br):N:C(N):C:1CN(CC(=O)O)CC(=O)O,482.906938292194,19.052862936582237
7437,38,7,4,9,12,6998,35,20,14,6,CCN(CC)C1C[SH](CC)C(OC)C1C#CC#CC1([O][Na])C(C(=O)O)NCC1[N+](=O)O,482.9021189508841,18.590795253005453
1082,6,2,20,17,3,6399,32,22,18,10,CCOC(=O)N1CC(S(=O)(=O)[O][Na])[SH](C=CC(=O)CC(=O)C=CC2:B:C([SH](=O)=O):C([O][Na]):C:C:2C(F)(F)F)C1S(=O)(=O)O,482.90144809417296,16.70099646243949
9794,49,14,19,17,3,1967,10,25,8,21,N=C1:C(C=CC(=O)CC(=O)C=CC2(C(F)(F)F)CN(C(=O)[O][Na])ON2C(=O)O):C:C:N(Br):C:1N=O,482.88963147839195,19.736738881822014
6791,34,12,3,9,7,4536,23,6,16,20,CCN(CC)C1(C=NC2([N+](=O)O)C(CN(CC(=O)O)CC(=O)O)CCC2[O][Na])CCN(C)C1O,482.87244774484634,24.362112257866464
5116,26,24,4,6,14,7597,38,14,20,19,CCC1CCC(OC2C(C(=O)[O][Na])CC([O][Na])[SH]2C(=O)O)([N+](=O)O)[SH]1C(C)C,482.8618903696256,18.60725252842552
887,5,11,1,21,14,9582,48,3,20,19,CC1[SH](OC2:C(Br):C:C:C(N(C)C):S:2N)CC(C(=O)[O][Na])[SH]1[O][Na],482.85247140965464,23.523441934036477
3558,18,12,5,16,15,9593,48,14,23,1,CCN[SH]1CS(CC=CC=CC2:C:S(CN(CC(=O)O)CC(=O)O):C(Cl):C(O):N:2)(C(=O)O)CC1N(C)C,482.8438193997601,13.592154890644515
5948,30,10,1,8,19,8502,43,22,18,16,CCOC(=O)C1:C(CN(CC(=O)O)CC(=O)O):C:C:N(C(=N)C2(N=O)CN(N(C)C)CN2S(=O)(=O)[O][Na]):N:1S(=O)(=O)O,482.8383688142899,35.11608553493078
8704,44,23,3,13,5,2652,14,16,10,12,CCNN1:S:C(C):C:C(NC(C)=O):C:1N=C1:C:C(O):C(S(=O)(=O)[O][Na]):S:C:1CN(CC(=O)O)CC(=O)O,482.82370283456595,18.36090839463089
946,5,26,15,4,8,1513,8,22,7,15,CCC1:C:C(=CC=C2:C:C(=C(C#N)C#N):C(OC):O:C:2S(=O)(=O)O):S(=O):C:C:1=C(C#N)C#N,482.82096270451166,29.131051113567796
8968,45,26,26,21,17,4669,24,8,17,5,O=NC1CC(C(F)(F)F)C(Cl)N1C=CC=CC=CC=CC1:C(Br):C:C(=O):S:S:1=O,482.8167508037915,34.38672971389482
5191,26,16,3,24,11,7419,38,23,19,11,CCN[SH]1C(C#CC2(C(C)C)CC(C)C(CN(CC(=O)O)CC(=O)O)S2)CC(N)C1C(=O)[O][Na],482.8156040536252,27.10251155128158
1916,10,9,23,16,8,813,5,16,23,16,CCNC1:C(N(CC)CC):C:C(=CC=S2(CN(CC(=O)O)CC(=O)O):C:C:C:C(CN(CC(=O)O)CC(=O)O):C:2NCC):C:N:1CN(CC(=O)O)CC(=O)O,482.7861027708501,26.2231838447474
2463,13,23,11,4,19,33,1,18,15,7,CCNC1:C:C(N):S:C(CC):C:1C(=N)C1=C(OC)C(=C(C#N)C#N)C=C1C(=O)OCC,482.76991542957757,9.907222163344318
4152,21,24,1,10,14,280,2,17,9,15,CCN(CC)C1:C:C:C(=C(C#N)C#N):C:C:1(OC1:C(S(=O)(=O)[O][Na]):S:C(N(C)C):C:S:1C(C)C)C(F)(F)F,482.7365947395131,14.637765097774937
9742,49,3,10,18,12,5820,30,23,12,9,CCNC1NC(O)C(N(CC)CC)N1C#CC#CC1(C(=O)OCC)CN(S(=O)(=O)[O][Na])ON1C,482.7307019514859,19.67159956509198
6029,31,16,8,9,18,2961,15,10,17,14,CCN(CC)C1C(NCC2(S(=O)(=O)[O][Na]):C:C(C(=O)O):C(C(F)(F)F):C:S:2)OC(CN(CC(=O)O)CC(=O)O)N1N=O,482.654698921202,22.15669105247045
5382,27,8,9,14,13,7428,38,11,23,13,CCNC1C[SH](N)C(C=CC=CC2C(C(=O)O)C(N(CC)CC)NN2N=O)C1NC(C)=O,482.5586856952964,21.5941866083141
6518,33,6,26,4,15,5756,29,11,1,18,CCOC(=O)C1CN(N(C)C)S(N)(CC=CC=CC2C[SH](CC)C(=O)C2[N+](=O)O)C1,482.551580116546,8.783231362839391
6846,35,11,10,12,10,2281,12,20,10,23,CCNC1:C:C(=C2C(N)CN(S(=O)(=O)[O][Na])C2O):N([O][Na]):C:C:1S(=O)(=O)[O][Na],482.535080941347,16.69494945526842
2576,13,25,9,24,9,5048,26,1,25,19,CCN(CC)C1:S:C(C(C)C):C(S2(N(C)C)CC(=N)CC2C(=O)[O][Na]):C:C:1=N,482.45867027719703,28.1077155758725
6707,34,11,19,9,1,6263,32,23,3,23,CCNC1CNC(C)S1(N=NC1C(N(CC)CC)CN(C(=O)[O][Na])C1N)NCC,482.38805040887985,18.49510707232216
7484,38,4,3,20,4,4556,23,20,10,25,CCC1C(C=CC2C(=N)CC(S(=O)(=O)[O][Na])C2[O][Na])CC([O][Na])[SH]1C,482.34312033610104,23.541732828143573
1880,10,20,14,5,2,5372,27,16,17,18,CCOC(=O)C1CN(C(=O)C=CC2:C:C([O][Na]):C:N(C(=O)O):C:2Cl)N(CN(CC(=O)O)CC(=O)O)C1C(F)(F)F,482.33890335076194,42.12987744201025
5735,29,13,23,16,19,5095,26,16,8,9,CCNC1CC(CN(CC(=O)O)CC(=O)O)(C(=N)[SH]2CC(CN(CC(=O)O)CC(=O)O)C(N=O)C2N(CC)CC)[SH](NC(C)=O)N1,482.33847694014696,25.82874721190469
7274,37,5,22,23,5,8853,45,14,1,19,CCNC1(N=S2(C(=O)O):C:C:C:C(C(=O)[O][Na]):S:2N(C)C)C(Cl)COC1S(=O)(=O)O,482.2928571883913,23.877734506859046
1543,8,8,22,19,15,1313,7,22,6,4,CCC1:C:C(CC=CC=CC2:C:C(C(=O)[O][Na]):O:C(S(=O)(=O)O):C:2N=O)(S(=O)(=O)O):C:C([N+](=O)O):O:1,482.2918336947816,28.390308548414225
3975,20,20,22,9,9,6592,33,16,22,15,CCN(CC)C1:S:C(S(=O)(=O)O):C([O][Na]):O:C:1C1(CN(CC(=O)O)CC(=O)O)CCS(=C(C#N)C#N)C1S(=O)(=O)O,482.2842248204388,22.711034841030138
2478,13,16,20,21,14,1995,10,15,21,19,N#CC(C#N)=C1:C(OC2:C:S(Br):C:C([O][Na]):C:2CN(CC(=O)O)CC(=O)O):C:C(C(=O)[O][Na]):N:C:1Br,482.27934132451946,21.83325925742935
2322,12,7,5,20,15,6655,34,9,26,7,CCN(CC)C1(CC=CC=CC2:C:C([O][Na]):C(Cl):N(OC):C:2)NCC(=O)C1OC,482.2410668466793,12.524863474342439
4527,23,6,26,21,15,4455,23,4,9,14,CCN(CC)C1CCC(CC)(CC=CC=CC2CC([N+](=O)O)C(=O)C2Br)C1C(=O)O,482.1949627692778,21.110077114272727
6793,34,24,16,1,17,438,3,7,22,13,COC1:C(S(=O)(=O)O):C:C(NC(C)=O):C:N:1C=CC=CC=CC=CC1(N(C)C)CNC(C(C)C)C1CN(CC(=O)O)CC(=O)O,482.170275328175,25.697125553882596
8970,45,14,18,4,11,9515,48,23,11,9,CCN[SH]1C[SH](C#CC2:C(CC):C:C:S(C(=O)OCC):S:2C(=O)O)C(N(CC)CC)C1N,482.15316003586815,14.248427526203809
6339,32,14,24,6,7,7593,38,21,10,10,CC(C)N1C(C(=O)O)SC(C=NC2(Br)SC(S(=O)(=O)[O][Na])CC2S(=O)(=O)[O][Na])C1[N+](=O)O,482.1493557168724,21.259255370880695
9312,47,25,18,16,14,7237,37,7,26,15,CCOC(=O)S1:C(CN(CC(=O)O)CC(=O)O):C:C(OC2(OC)CC(=C(C#N)C#N)OC2=O):O:C:1=N,482.138509849022,16.30148339540726
8148,41,10,8,6,5,5630,29,10,15,8,N#CC(C#N)=C1C(N=O)CS(=NC2:O:N(S(=O)(=O)[O][Na]):C:C(N=O):C:2[N+](=O)O)N1S(=O)(=O)[O][Na],482.1196907246191,20.840849144220847
2918,15,7,9,16,9,3040,16,10,10,13,CCN(CC)C1:C:S:C(OC):C(N2:C:C:N(NC(C)=O):C(S(=O)(=O)[O][Na]):C:2S(=O)(=O)[O][Na]):C:1CN(CC(=O)O)CC(=O)O,482.07499300775453,14.234363900332713
8269,42,16,4,10,6,6824,35,12,7,15,CCC1:C:C(S(=O)(=O)[O][Na]):C(C=C2C(=C(C#N)C#N)CN(OC)C2O):O:S:1CN(CC(=O)O)CC(=O)O,482.05316966278707,30.511862408754045
1866,10,20,19,26,2,1861,10,24,11,7,COC1:C:C(C(=O)C=CC2:C([O][Na]):C:C:N(C(=O)[O][Na]):C:2=O):C(C(C)C):C(N):N:1,482.02141831225373,12.446715331676664
8865,45,1,7,21,4,6953,35,4,10,1,CCC1C(C=CC2:S:S(N(C)C):C(OC):C:C:2Br)C(N(C)C)CN1S(=O)(=O)[O][Na],482.01024595050933,30.330647852510282
8230,42,21,19,3,11,345,2,8,15,3,CC1:C(C#CC2:C:C(C):C(=C(C#N)C#N):C(N=O):C:2):O:S:C(Br):C:1C(=O)[O][Na],481.9368656304856,18.507583350750675
4172,21,16,9,7,14,6527,33,22,19,20,CCN(CC)S1:C:C:S(CN(CC(=O)O)CC(=O)O):C(OC2C[SH](S(=O)(=O)O)C(C(=O)[O][Na])C2[O][Na]):C:1OC,481.9366497303862,28.709727172488282
501,3,1,8,21,12,1150,6,9,14,20,CCN(CC)C1:C:C(C(=O)O):C([O][Na]):C:B:1C#CC#CC1:C:C(Br):C(N=O):C(N(C)C):N:1,481.9283074137662,20.00844686822112
8661,44,21,3,7,2,1879,10,14,13,19,COC1:C:C(C):S:N(Br):C:1C=CC(=O)C1:C:C(C(=O)[O][Na]):N(NC(C)=O):C:C:1C(=O)O,481.88288158155353,33.25670595618294
9012,46,25,1,2,15,4060,21,14,8,19,CN(C)C1:N:C(=N):O:C(C=CC=CCS2(C(=O)O):C:C(C(=O)[O][Na]):S:C:C:2N=O):C:1[SH](=O)=O,481.87926873406667,11.317596003789443
9410,48,14,19,4,13,941,5,5,17,17,CCC1(C=CC=CS2(Cl):C:C:C(C(F)(F)F):C(C(F)(F)F):C:2)C(C(=O)[O][Na])SC[SH]1C(=O)O,481.86031832839154,17.12000299768489
6910,35,20,5,11,20,7293,37,13,8,21,CC(=O)NC1(C=CC(C)=CC2(N)CC([O][Na])NC2Cl)C(Br)COC1N=O,481.8564588392542,17.715778435373075
2391,12,4,23,3,20,3492,18,16,3,1,CCNC1:C:N(CC):C:C(C=C(C)C=CN2:C:C(N(C)C):S:C(C):C:2CN(CC(=O)O)CC(=O)O):C:1C,481.83320584697384,19.351256890458576
2041,11,20,22,15,8,6757,34,7,2,5,COC1NC(=CC=C2:C:C([O][Na]):N(S(=O)(=O)O):C:C:2=C(C#N)C#N)C(Cl)C1[SH](=O)=O,481.8199466915472,31.850705189118493
2198,11,3,19,16,11,2370,12,21,9,2,CCN(CC)N1:C([SH](=O)=O):C:C:C:C:1(Br)C#CC1:C:C(CN(CC(=O)O)CC(=O)O):N:C(C(=O)[O][Na]):C:1C,481.81896870183635,13.221877707452505
1406,8,7,15,6,8,5032,26,19,14,4,CCC1CC(C(=O)O)C(C(=O)[O][Na])S1=CC=C1:C(OC):C:O:C(=C(C#N)C#N):C:1[N+](=O)O,481.80699171561054,33.65352985992435
5085,26,22,10,9,2,9456,48,4,11,10,CCN(CC)C1CC(S(=O)(=O)[O][Na])[SH](S(=O)(=O)O)C1C=CC(=O)S1(CC)C[SH](N)CC1S(=O)(=O)[O][Na],481.78708996598914,22.1126930726038
243,2,6,15,9,14,1463,8,9,20,5,CCN(CC)C1:C(OC2(N(CC)CC):C:O:C([O][Na]):C(Cl):C:2):C:C([N+](=O)O):C:C:1=C(C#N)C#N,481.78227691144167,15.19561981558615
3448,18,2,19,7,17,6726,34,4,7,5,CCC1(C=CC=CC=CC=CC2:C:S(OC):C(C(=O)[O][Na]):C:N:2[SH](=O)=O)CC(Cl)C(OC)N1,481.77701527057013,19.48994906547326
1968,10,14,17,19,15,9480,48,13,17,2,CC(=O)NC1[SH](CC=CC=CC2:C(C(=O)O):C:C:N(C(F)(F)F):C:2C(=O)[O][Na])CC([SH](=O)=O)[SH]1C(F)(F)F,481.7457969919566,28.120505749480056
1946,10,18,13,15,3,8944,45,2,18,3,CCOC(=O)C1:C(NC(C)=O):C:N:C(=C(C#N)C#N):C:1C=CC(=O)CC(=O)C=CS1([SH](=O)=O):C:C(C):C:C:S:1C(=O)OCC,481.73013260036134,20.62941092255141
217,2,1,14,14,2,7277,37,5,13,1,CC(=O)NC1OCC(N(C)C)C1(Cl)C(=O)C=CC1:C:C:C(N(C)C):C(C(=O)O):C:1C(=O)O,481.72353139605457,13.698003814145013
6893,35,9,18,5,15,6297,32,16,11,8,CCOC(=O)C1NC(Cl)C(C=CC=CCS2(CN(CC(=O)O)CC(=O)O)CC(N=O)N(N)C2)C1N(CC)CC,481.71856302717043,14.828355751816975
2408,13,21,5,4,4,1848,10,13,14,10,CCS1:C:C(Cl):C(Br):C(C=CC2:C:C(S(=O)(=O)[O][Na]):N(C(=O)O):C:C:2NC(C)=O):C:1,481.7145152569683,23.109882888018106
9465,48,4,8,20,9,6610,34,10,26,9,CCN(CC)C1CC(=O)N(S(=O)(=O)[O][Na])C1C1([O][Na])C(N=O)SC[SH]1CC,481.6185190592415,18.55879615068182
2379,12,13,22,6,18,6384,32,9,5,19,CCN(CC)C1NC(Cl)C(C(=O)[O][Na])[SH]1CNC1:C:C([N+](=O)O):C(S(=O)(=O)O):N(NC(C)=O):C:1,481.6179419728016,19.743723920264664
2995,15,12,11,4,20,909,5,7,6,20,CCC1:C:C(C=C(C)C=CS2(OC):C:C:C:C([O][Na]):C:2[N+](=O)O):C(O):S(N):C:1,481.55418715824146,18.051216115283182
4641,24,1,20,10,20,433,3,18,23,7,CCNC1:C:C(OC):C:N(C=CC(C)=CC2C(S(=O)(=O)[O][Na])CC([O][Na])N2N(C)C):C:1C(=O)OCC,481.54567498718444,10.161426639583539
2222,12,24,14,2,11,2585,13,11,12,19,CC(C)C1:N:C(C(=O)O):C:C([SH](=O)=O):C:1C#CC1:C:C(N):S(O):C(C(=O)[O][Na]):C:1,481.4742792136879,28.049833091499007
2290,12,5,25,1,14,1065,6,24,23,15,CCNC1:C(C(C)C):B(OC2:C:C(N(C)C):C(=N):N:C:2Cl):C:C:C:1=C(C#N)C#N,481.47241648648026,21.65621555124054
9344,47,18,21,18,13,2549,13,14,3,12,CCOC(=O)C1:C:C(C=CC=CC2:C:C(O):S(C):C(C(=O)O):C:2):O:C(C(=O)OCC):S:1Br,481.451781369579,13.523350780792725
6745,34,13,10,20,12,5855,30,2,6,2,CC(=O)NC1C(C#CC#CN2C([SH](=O)=O)NC([N+](=O)O)C2[SH](=O)=O)CC([O][Na])N1S(=O)(=O)[O][Na],481.4323485279727,21.21562602463974
9512,48,25,2,22,16,5140,26,7,16,22,COS1(C=CC=CC=CC2(S(=O)(=O)O)SC(=N)SC2[SH](=O)=O)CCC(S(=O)(=O)O)C1CN(CC(=O)O)CC(=O)O,481.3604906937332,4.885924882777713
2050,11,10,4,24,6,6276,32,20,9,6,CCN(CC)N1CC([N+](=O)O)S(=CC2:C:C(S(=O)(=O)[O][Na]):N(CC):C:C:2C(C)C)C1[O][Na],481.35647077594496,21.26165660206552
8577,43,19,13,10,2,6296,32,13,1,6,CC(=O)NC1:C:C(S(=O)(=O)[O][Na]):C(C=CC(=O)[SH]2CN(NC(C)=O)C(N(C)C)C2[N+](=O)O):N(C(=O)[O][Na]):N:1,481.3082823597676,23.236666964128766
2002,11,9,5,11,18,2575,13,19,20,13,CCN(CC)C1:C(NCC2(C(=O)[O][Na]):C:C:S(NC(C)=O):C:C:2[O][Na]):C:C(N):N:C:1Cl,481.3070540925135,19.905079561394235
2885,15,6,3,22,4,4131,21,15,21,12,CC1:C:C(S(=O)(=O)O):C(C=CS2:C:C:S(O):C(Br):C:2=C(C#N)C#N):C:S:1[N+](=O)O,481.292396266942,35.99363262441036
4568,23,5,16,10,4,2995,15,12,11,4,CCC1:C:C:C(O)(C=CC2CC(Cl)C(CN(CC(=O)O)CC(=O)O)C2S(=O)(=O)[O][Na]):S(N):C:1,481.2810185314449,31.396160651622417
2946,15,8,15,5,19,364,2,5,9,14,CCN(CC)C1:C:C:C(C(=O)O):C:C:1(Cl)C(=N)C1:C:C(Cl):C(=C(C#N)C#N):S:C:1N=O,481.23331657734525,12.833469727638409
6985,35,23,25,1,18,2288,12,4,15,7,CCNC1C(=N)NC(N(C)C)C1NCC1:C:C:C(OC):C(=C(C#N)C#N):N:1CC,481.1907446716365,27.446402324391475
2413,13,13,25,25,3,9542,48,7,2,7,CO[SH]1CCS(C=CC(=O)CC(=O)C=CC2:C:C(NC(C)=O):C(=N):S(=N):C:2)(OC)C1[SH](=O)=O,481.1859003644149,7.38705827819947
4801,25,4,5,23,7,3444,18,3,21,19,CCNC1C(C=NN2:C:C(C(=O)[O][Na]):S:C(Br):C:2C)OC(CC)C1Cl,481.17898568242344,21.978004990316283
4881,25,22,19,24,15,2301,12,14,12,21,CC(C)C1(C=CC=CCC2(C(=O)O):C:C(Br):C:C(O):N:2)CC(C(=O)[O][Na])C(S(=O)(=O)O)O1,481.14842068977333,29.283331401956364
5137,26,1,6,16,11,6407,33,23,5,18,CCNC1C(C#CC2(CN(CC(=O)O)CC(=O)O)C([N+](=O)O)CC[SH]2N(C)C)CC(C(=O)OCC)[SH]1Cl,481.14711418194054,31.841706107097703
2060,11,13,21,2,3,2337,12,12,12,4,CCC1:C:C:N(O):C(O)(C=CC(=O)CC(=O)C=CC2:C:C([SH](=O)=O):N(Br):C:C:2NC(C)=O):C:1,481.1400851886813,19.977881177137025
4463,23,3,26,20,11,2624,14,24,15,2,CC1CC(=O)C([O][Na])C1C#CC1(C(C)C):C:C([SH](=O)=O):C:S:C:1=C(C#N)C#N,481.0635648844753,32.64048860873164
8659,44,2,9,23,5,1976,10,7,19,10,CCNC1:C(N(CC)CC):C:S:N([SH](=O)=O):C:1N=C1:C:C(S(=O)(=O)[O][Na]):N(C(=O)[O][Na]):C:C:1OC,480.98067428597295,4.067741790625578
4654,24,12,16,8,6,950,5,23,12,17,CCNS1(=CC2(N=O)C(CN(CC(=O)O)CC(=O)O)CCN2O):C:C(O):C:C(C(F)(F)F):C:1,480.8751823950091,16.70782015770956
4608,24,15,2,15,5,2162,11,5,20,13,CC(=O)NC1:C:C:C(=NC2NC(=C(C#N)C#N)C([SH](=O)=O)C2=C(C#N)C#N):C(Cl):N:1[O][Na],480.81899897973426,30.110283892349823
6706,34,1,9,14,14,3026,16,18,3,10,CCOC(=O)C1:C:N(OC2C(C(=O)O)CN(N(CC)CC)C2N(C)C):C:C(S(=O)(=O)[O][Na]):N:1C,480.7704743183246,18.36134455550695
891,5,2,25,23,2,9412,48,18,10,18,CCNC1:C:C(=N):C([SH](=O)=O):S:C:1C=CC(=O)[SH]1C(C(=O)OCC)SC(S(=O)(=O)[O][Na])C1C(=O)OCC,480.7612159604556,21.159959944392355
4640,24,7,20,20,1,5973,30,18,18,21,CCOC(=O)C1N(C(=O)OCC)CC(Br)N1N=NC1NC(OC)C([O][Na])C1[O][Na],480.74763543535283,15.836440346301673
4006,21,19,12,6,6,6489,33,10,21,10,O=C([O][Na])S1:C:C(O):S([N+](=O)O):C:C:1C=C1C[SH](S(=O)(=O)[O][Na])C(Br)C1S(=O)(=O)[O][Na],480.7286642780917,20.634976098429213
8600,43,19,23,3,2,1887,10,20,12,23,CCNC1:N:C:C:C([O][Na])(C(=O)C=CC2:C:C:C(C):N(NCC):N:2C(=O)[O][Na]):C:1O,480.559739612858,24.30391977491336
2401,13,3,22,18,13,2804,15,18,18,18,CCOC(=O)C1:S:C:C(C=CC=CC2(C(=O)OCC):C:C:C:C(C(=O)OCC):S:2C(=O)OCC):C(C):C:1S(=O)(=O)O,480.5317134173607,11.928582493611287
2440,13,23,10,26,13,9470,48,2,12,5,CCNC1:C:C:C(C=CC=CS2([SH](=O)=O)CC(Cl)SC2O):C(=O):S:1S(=O)(=O)[O][Na],480.528323027452,15.428373091719576
1333,7,9,10,11,2,8979,45,19,12,20,CCN(CC)C1:C(S(=O)(=O)[O][Na]):C:O:C(N):C:1C=CC(=O)S1(C(=O)[O][Na]):C:C:C([O][Na]):C(O):S:1,480.49520308331364,19.340914444994258
628,4,15,22,11,9,7312,37,11,23,10,CCNC1OC(N)C(C2:O:C(=C(C#N)C#N):C(S(=O)(=O)O):C:C:2N)C1S(=O)(=O)[O][Na],480.49459789673455,26.260195210945103
2001,11,16,2,25,1,4002,21,9,15,18,CCOC(=O)S1:C:C:S(N=NC2:C:C(CN(CC(=O)O)CC(=O)O):N:C([SH](=O)=O):C:2=N)(N(CC)CC):C:C:1=C(C#N)C#N,480.35114847221723,33.74982972738444
940,5,12,19,12,8,2613,14,23,20,17,CCNC1:S:C([O][Na]):C(C(F)(F)F):C:C:1=CC=C1:S:C(O):C(C(=O)[O][Na]):C:C:1O,480.33590239706575,19.552319520989677
4409,23,4,23,21,2,6261,32,13,23,16,CCNC1CC(Br)C(C=CC(=O)S2(NC(C)=O)C(CN(CC(=O)O)CC(=O)O)CNC2NCC)C1CC,480.32735864203494,29.632800475102847
2965,15,9,19,26,15,6539,33,7,2,7,CCN(CC)C1:S:C:C(C=CC=CCC2(OC)CC(OC)SC2[SH](=O)=O):C(=O):C:1C(=O)[O][Na],480.2942407503222,12.576161237943428
737,4,8,16,23,13,6504,33,16,1,1,CCNC1:C:C(C=CC=CC2C(N(C)C)C[SH](N(C)C)C2CN(CC(=O)O)CC(=O)O):O:C(N=O):C:1CN(CC(=O)O)CC(=O)O,480.29416773074536,30.67113385683377
1008,6,9,6,24,3,5188,26,9,6,8,CCN(CC)B1:C:C:C([N+](=O)O):C(C(C)C):C:1C=CC(=O)CC(=O)C=C[SH]1CC(N(CC)CC)C([N+](=O)O)C1N=O,480.22238111666894,18.022702924761937
5288,27,24,26,2,1,9623,49,10,1,9,CCN(CC)C1C(N(C)C)N(S(=O)(=O)[O][Na])ON1N=NC1NN(C(C)C)C(=O)C1[SH](=O)=O,480.1758268078136,21.24186772834462
7544,38,5,11,11,18,6782,34,9,13,16,CCN(CC)C1(CNC2C[SH](Cl)C(N)C2N)C(CN(CC(=O)O)CC(=O)O)CCN1NC(C)=O,480.17124492187867,16.971476607615724
5168,26,4,12,23,16,5043,26,25,17,16,CCNC1CC(O)[SH](CC)C1C=CC=CC=C[SH]1(=N)CC(CN(CC(=O)O)CC(=O)O)C(C(F)(F)F)C1,480.1330538857339,13.221000451590356
9563,48,25,17,16,13,2427,13,3,12,26,CC1:C:C(C=CC=CC2(CN(CC(=O)O)CC(=O)O)SCS(=N)C2C(F)(F)F):C:C(=O):S:1O,480.09083807208583,15.65937538947946
8883,45,22,26,18,15,2959,15,19,10,21,CCOC(=O)C1:C(C=CC=CCC2:C:C(Br):C(S(=O)(=O)[O][Na]):C(C(=O)[O][Na]):S:2):S(S(=O)(=O)O):S:C:C:1=O,480.0908049614001,7.030517367642237
8201,42,20,5,9,7,8720,44,12,23,15,CCNC1:C:C(=C(C#N)C#N):C:N(N=CC2:C:C(N(CC)CC):C(Cl):S([O][Na]):O:2):S:1O,480.08034792921455,20.130205915171377
4473,23,8,10,10,12,6768,34,23,14,20,CCNN1CC(C(=O)O)C([O][Na])C1C#CC#CC1(S(=O)(=O)[O][Na])CCC(N=O)C1S(=O)(=O)[O][Na],480.07741233142497,27.811613347919554
4681,24,6,19,24,18,7146,36,4,18,9,CCOC(=O)C1C(CC)OC(CNC2C(C(C)C)CC(C(=O)[O][Na])N2[N+](=O)O)C1N(CC)CC,480.06943289847914,22.233734706732243
495,3,23,1,14,4,5665,29,5,4,10,CCNN1:C:C:C(N(C)C):C(C(=O)O):C:1C=C[SH]1CC(S(=O)(=O)[O][Na])C(CC)N1Cl,480.0594827310668,16.856898266388786
7407,38,13,25,1,19,7598,38,24,23,15,CCN[SH]1C(=C(C#N)C#N)CCC1(C(=N)C1(N(C)C)CC(=N)[SH](NC(C)=O)C1)C(C)C,479.9747021384346,17.163172380706328
7003,36,8,26,9,19,9585,48,6,10,8,CCN(CC)C1C(=O)OC(N=O)C1C(=N)S1([N+](=O)O)CC(N=O)SC1S(=O)(=O)[O][Na],479.9185332867508,27.174781169948133
9522,48,5,10,6,5,6672,34,13,14,14,CC(=O)NN1C(=NC2C[SH]([N+](=O)O)C(S(=O)(=O)[O][Na])[SH]2Cl)CC(C(=O)O)C1C(=O)O,479.90558499217343,39.16064479318134
4753,24,24,19,21,8,8883,45,22,26,18,CCOC(=O)C1:C:S(=CC=C2C(Br)C(C(=O)[O][Na])CN2C(C)C)(S(=O)(=O)O):S:C:C:1=O,479.88502294058014,22.908182514046693
9522,48,5,10,6,2,291,2,10,4,16,CCC1:C(CN(CC(=O)O)CC(=O)O):C:C:C(C(=O)C=CC2C[SH]([N+](=O)O)C(S(=O)(=O)[O][Na])[SH]2Cl):C:1S(=O)(=O)[O][Na],479.815094024817,24.737122969708594
3107,16,25,5,23,18,7341,37,9,25,10,CCNC1:N:C(Cl):C(=N):N:C:1NCC1C(N(CC)CC)OC(=N)C1S(=O)(=O)[O][Na],479.7995172107782,19.52194505692529
6200,31,1,12,16,9,6361,32,11,20,13,CC(=O)NC1C([O][Na])NCS1(N)C1(CN(CC(=O)O)CC(=O)O)OCN(N(C)C)C1O,479.7985328456856,29.105210763021418
5326,27,12,3,7,15,8555,43,3,7,20,COC1:C:C([O][Na]):C:N(CC=CC=CC2(OC)NN(O)CC2C):N:1C,479.7725815679273,18.228823043460757
2942,15,15,1,6,13,6725,34,22,14,8,CN(C)S1:C([N+](=O)O):C:C:C(C=CC=CC2(S(=O)(=O)O)NCC(C(=O)O)C2N=O):C:1=C(C#N)C#N,479.73475831560745,26.21104630328542
891,5,2,25,23,16,6853,35,9,5,6,CCNC1:C:C(=N):C([SH](=O)=O):S:C:1C=CC=CC=CC1(N(CC)CC)CN(Cl)CC1[N+](=O)O,479.73184554449426,16.29963097789946
6212,32,22,2,11,15,2695,14,9,12,4,CCC1:C:C(CC=CC=CC2(N)C([SH](=O)=O)NC[SH]2S(=O)(=O)O):C(N(CC)CC):S(O):C:1,479.7036698403161,16.74589446937827
1927,10,1,16,12,17,3032,16,18,14,2,CCOC(=O)C1:C:N(C(=O)O):C([SH](=O)=O):C:N:1C=CC=CC=CC=CC1:C(N(C)C):C:C:N(CN(CC(=O)O)CC(=O)O):C:1O,479.6637037313283,24.02484128042873
3354,17,4,10,3,1,8745,44,15,11,2,CCN1:C:C(S(=O)(=O)[O][Na]):O:C(C):C:1N=NN1:C:C:C([SH](=O)=O):C(N):S:1=C(C#N)C#N,479.64161854156816,15.310625979237393
9749,49,1,10,21,3,1512,8,16,22,2,CN(C)N1ON(S(=O)(=O)[O][Na])C(Br)C1C=CC(=O)CC(=O)C=CC1(CN(CC(=O)O)CC(=O)O):C:C:C([SH](=O)=O):O:C:1S(=O)(=O)O,479.46388983375834,27.544869111679454
5745,29,4,18,9,12,4743,24,10,9,18,CCOC(=O)C1CN(C#CC#CC2(N(CC)CC)CC(C(=O)OCC)N(CC)S2)C(S(=O)(=O)[O][Na])C1N(CC)CC,479.34102629283416,17.525234248802775
5622,29,7,20,11,1,7444,38,2,22,18,CCOC(=O)C1CC(S(=O)(=O)O)[SH]([SH](=O)=O)C1N=NC1(N)C([O][Na])CN[SH]1OC,479.3249449320612,35.640158122151256
1213,7,13,2,9,17,5811,30,25,13,2,CCN(CC)C1:O:C([SH](=O)=O):C(NC(C)=O):C:C:1C=CC=CC=CC=CN1CC([SH](=O)=O)N(NC(C)=O)C1=N,479.233914064899,15.555945327298417
6536,33,8,2,10,14,1792,9,4,24,7,CCC1(OC2(S(=O)(=O)[O][Na])CC(N=O)[SH]([SH](=O)=O)C2):C:C:C(OC):C(C(C)C):O:1,479.214888141125,14.641448234835485
948,5,26,4,16,18,8840,45,24,9,10,CCC1:C:C(CN(CC(=O)O)CC(=O)O):C:C(NCS2(C(C)C):C:C:C(S(=O)(=O)[O][Na]):C:S:2N(CC)CC):S:1=O,479.2036820570085,26.32625478787317
7518,38,12,25,9,15,1441,8,12,20,4,CCC1:C:C:C(O)(CC=CC=CC2(N(CC)CC)C(=N)CSC2O):C([O][Na]):O:1,479.2000674026867,16.052088076708785
3955,20,4,12,16,2,8844,45,24,4,9,CCC1:O:C(C=CC(=O)S2:C:C(N(CC)CC):C:C(CC):S:2C(C)C):C:S(CN(CC(=O)O)CC(=O)O):C:1O,479.19540978545785,9.963967369084964
522,3,14,15,16,11,2633,14,23,13,12,CCNC1:S:C(NC(C)=O):C(O):C:C:1C#CC1:C(CN(CC(=O)O)CC(=O)O):C(=C(C#N)C#N):C:C:N:1C(=O)O,479.13515303032807,14.615523521868147
3171,16,9,21,11,19,1060,6,20,1,12,CCN(CC)C1:N:C(C(=N)B2:C:C:C(O):C(N(C)C):C:2[O][Na]):C:N(N):C:1Br,479.084320232574,16.695657056902665
6462,33,11,25,21,3,9533,48,22,12,15,N#CC(C#N)=S1CCS(C=CC(=O)CC(=O)C=CC2(Br)CSC(=N)C2N)(S(=O)(=O)O)C1O,479.0692746864755,21.538673963963813
6524,33,18,2,4,18,5202,27,18,19,14,CCOC(=O)C1C[SH]([SH](=O)=O)C(CC)C1NCN1C(C(=O)O)C(C(=O)[O][Na])CN1C(=O)OCC,479.0678940082759,22.26219485125633
3857,20,8,17,1,11,2637,14,5,16,15,CN(C)C1:C(C#CC2:C:C(=C(C#N)C#N):C(CN(CC(=O)O)CC(=O)O):S(Cl):C:2):O:C:C(N=O):S:1C(F)(F)F,479.05959849213804,23.619733160440905
5304,27,20,4,14,12,4690,24,13,14,5,CCC1CN([O][Na])NC1(C#CC#CN1C(Cl)CC(C(=O)O)C1NC(C)=O)C(=O)O,479.0443954150551,19.275016812092986
6908,35,10,21,22,2,6427,33,16,4,22,CC[SH]1C(CN(CC(=O)O)CC(=O)O)C(C(=O)C=CC2(S(=O)(=O)O)CC(S(=O)(=O)[O][Na])NC2Br)CC1S(=O)(=O)O,479.02515934667235,28.12042652441632
2558,13,9,23,13,4,1368,7,1,22,1,CCNS1:C:C:C(N(CC)CC):C(C=CC2(N(C)C):C:C(N(C)C):O:C(S(=O)(=O)O):C:2):C:1NC(C)=O,478.9372186183813,22.229121529830554
8451,43,23,9,19,7,383,2,6,24,18,CCNN1:N:C(C=NC2:C:C(C(=O)OCC):C:C(C(C)C):C:2[N+](=O)O):C(C(=O)[O][Na]):C:C:1N(CC)CC,478.8978906112993,28.800798089000885
6374,32,10,12,23,14,864,5,13,11,7,CCNC1NC(O)[SH](S(=O)(=O)[O][Na])C1OS1:C:C(OC):C(N):C:C:1NC(C)=O,478.8796762904507,14.949611751971828
4423,23,13,4,23,6,5724,29,19,21,24,CCNC1C(CC)CC(NC(C)=O)C1C=[SH]1(C(=O)[O][Na])CC(C(C)C)CN1Br,478.8491345300546,26.19299516795915
5411,28,11,2,22,17,272,2,21,10,8,NN1OC(C=CC=CC=CC=CC2(Br):C:C:C:C(N=O):C:2S(=O)(=O)[O][Na])C(S(=O)(=O)O)C1[SH](=O)=O,478.8292580677021,29.00322546492211
2046,11,8,4,2,17,1120,6,26,9,5,CCC1:C(N=O):C(C=CC=CC=CC=CB2:C:C(Cl):C:C(N(CC)CC):C:2=O):C:C:N:1[SH](=O)=O,478.82497491456286,9.490076362539929
8988,45,24,8,15,5,2144,11,20,14,3,CC1:C:C(=NC2:C:C(=C(C#N)C#N):C(N=O):S(C(C)C):S:2):C([O][Na]):N:C:1C(=O)O,478.80316729708363,29.958234099350317
2431,13,13,18,25,6,4545,23,26,24,15,CCOC(=O)C1:C:C(NC(C)=O):C(C=C2C(=O)CC(C(C)C)C2=C(C#N)C#N):C:S:1=N,478.79163866872176,26.488673682909344
6433,33,17,21,12,15,6763,34,24,2,5,CC(C)N1C(CC=CC=CC2C[SH](O)C(Br)C2C(F)(F)F)C(Cl)CC1[SH](=O)=O,478.7627885791309,26.054620905949363
8423,43,16,4,17,20,8834,45,16,11,24,CCN1:C:C(C(F)(F)F):C:C(C=C(C)C=CS2(CN(CC(=O)O)CC(=O)O):C:C:C(C(C)C):C(N):S:2):N:1CN(CC(=O)O)CC(=O)O,478.6944950234759,18.811925570709636
8559,43,13,11,13,15,341,2,13,1,16,CC(=O)NC1:C(CC=CC=CC2:C(NC(C)=O):C(N):C:N:N:2NC(C)=O):C:C(CN(CC(=O)O)CC(=O)O):C:C:1N(C)C,478.6940747623761,19.904919105405604
1835,10,25,24,5,13,4675,24,9,23,1,CCNC1C(N(C)C)CN(C=CC=CC2:C:C(=N):C:N(C(C)C):C:2Cl)C1N(CC)CC,478.6708944722826,12.006445792550943
2641,14,2,8,23,8,5703,29,20,18,24,CCNS1:C:C:C(=CC=S2CC(C(C)C)C(C(=O)OCC)N2[O][Na]):C([SH](=O)=O):C:1N=O,478.6082432729721,14.471452610380824
3482,18,3,26,22,16,2571,13,5,7,6,COC1:S:C([N+](=O)O):C:C(C=CC=CC=CC2:C:S(S(=O)(=O)O):C:C(=O):N:2C):C:1Cl,478.5632042305745,32.62999702835572
932,5,22,20,14,19,6742,34,12,7,15,COC1C(=C(C#N)C#N)C(C(=N)C2:S:C(S(=O)(=O)O):C:C([O][Na]):C:2C(=O)O)NC1O,478.5414223480724,16.01749582942898
9471,48,26,25,23,3,6865,35,26,23,2,CCNN1C(=O)C(C=CC(=O)CC(=O)C=CC2C[SH](NCC)C(=N)S2=O)CC1[SH](=O)=O,478.475131452396,27.66941045560999
2997,15,22,1,23,20,3099,16,23,4,26,CCNC1:C(C=C(C)C=CN2:C:C(=O):N:C(CC):C:2NCC):C:S(S(=O)(=O)O):C:C:1N(C)C,478.4178820091738,15.122260180939064
3584,18,5,18,4,18,6644,34,6,9,6,CCOC(=O)S1:C:C(Cl):N:C(NCC2([N+](=O)O)CCC([N+](=O)O)N2N(CC)CC):C:1CC,478.39057310390115,25.13223011955281
5309,27,22,23,18,19,1134,6,20,9,5,CCNN1CCC(C(=N)B2:C:C:C(Cl):C(N(CC)CC):C:2[O][Na])(C(=O)OCC)N1S(=O)(=O)O,478.3850029607412,19.605966180778363
9390,47,4,19,22,2,6747,34,10,11,24,CCC1:O:C(C=CC(=O)C2(S(=O)(=O)[O][Na])CC(C(C)C)C(N)N2):C:C(S(=O)(=O)O):S:1C(=O)[O][Na],478.38475185668904,18.843177967327673
6790,34,21,9,3,16,1519,8,16,2,1,CCN(CC)C1CC(C)(C=CC=CC=CC2:C:C(N(C)C):C([SH](=O)=O):O:C:2CN(CC(=O)O)CC(=O)O)C(Br)N1,478.3710406660554,16.761540129967937
9474,48,14,1,15,18,4594,23,16,2,14,CN(C)[SH]1C[SH](C(=O)O)C(NCC2C(CN(CC(=O)O)CC(=O)O)CC([SH](=O)=O)C2C(=O)O)C1=C(C#N)C#N,478.36126931014934,30.523000323078588
2611,14,17,23,9,5,227,2,17,22,26,CCNS1:C:C(N(CC)CC):C(N=C2:C:C:C(=O):C(S(=O)(=O)O):C:2C(F)(F)F):C:C:1C(F)(F)F,478.34195907833134,25.641213719471793
4864,25,23,15,9,1,5650,29,6,24,7,CCNC1OC(N=NS2([N+](=O)O)C(OC)CCN2C(C)C)(N(CC)CC)CC1=C(C#N)C#N,478.2937631470844,19.428944888216723
6656,34,15,23,21,13,5197,26,6,12,26,CCNC1CC(Br)(C=CC=CS2([N+](=O)O)CCC(O)C2=O)C(=C(C#N)C#N)N1,478.27972493108234,24.260896271854357
1259,7,1,22,25,3,339,2,6,9,26,CCN(CC)C1:C:C:C(C=CC(=O)CC(=O)C=CC2:C(N(C)C):C:C(S(=O)(=O)O):O:C:2=N)([N+](=O)O):C:C:1=O,478.21426829070487,23.294208458297323
3409,18,13,16,4,17,1708,9,22,11,25,CCC1:S:C:C(CN(CC(=O)O)CC(=O)O):N(NC(C)=O):C:1C=CC=CC=CC=CC1(S(=O)(=O)O):C:C:C(=N):C(N):O:1,478.20966282860536,22.1227745850197
7524,38,6,16,11,4,1333,7,9,10,11,CCN(CC)C1(C=CC2C(N)C[SH](CN(CC(=O)O)CC(=O)O)C2[N+](=O)O):C:C(N):O:C:C:1S(=O)(=O)[O][Na],478.2016731266036,36.38182857659629
4033,21,24,3,21,3,4475,23,2,2,7,COC1CC(C=CC(=O)CC(=O)C=CC2:C:S(Br):C:C(C):S:2C(C)C)([SH](=O)=O)CC1[SH](=O)=O,478.17317086370286,15.052996606193124
8811,45,10,4,15,4,978,5,17,12,24,CCC1:C:C(=C(C#N)C#N):C(C=CS2(C(F)(F)F):C:C:C:C(C(C)C):C:2O):S(S(=O)(=O)[O][Na]):S:1,478.1727033857733,31.7643056828143
4463,23,3,26,20,20,8721,44,7,13,8,COC1:S:N(C=CC(C)=CC2C(C)CC(=O)C2[O][Na]):C:C(N=O):C:1NC(C)=O,478.1387463978981,12.95235081344404
6878,35,21,13,10,2,2717,14,14,19,16,CC(=O)NN1CC(Br)C(C=CC(=O)C2(C(=O)O):C:C(CN(CC(=O)O)CC(=O)O):C:S(C(=O)[O][Na]):C:2)(S(=O)(=O)[O][Na])C1,478.11046078439676,27.38143421325602
2005,11,19,2,19,15,6510,33,13,11,5,CC(=O)NC1(CC=CC=CC2:C:C(C(=O)[O][Na]):N:C([SH](=O)=O):C:2C(=O)[O][Na])CC(Cl)[SH](N)C1,478.08991473225194,10.89187926555502
5359,27,2,11,18,1,6303,32,10,5,24,CCOC(=O)C1CN(N)N([SH](=O)=O)C1N=N[SH]1C(C(C)C)CN(Cl)C1S(=O)(=O)[O][Na],478.0887995371655,24.46829889304717
774,4,24,10,11,1,5069,26,3,20,24,CC(C)C1:C:O:C(N=NS2(C)CCC([O][Na])C2C(C)C):C(N):C:1S(=O)(=O)[O][Na],478.02007441562927,21.128592436136017
1534,8,10,2,8,2,2949,15,1,15,24,CC(C)C1:C:C:S(=C(C#N)C#N):C(C(=O)C=CC2:C:C(S(=O)(=O)[O][Na]):O:C([SH](=O)=O):C:2N=O)(N(C)C):C:1,477.9770141934317,25.886394974869013
6359,32,24,19,14,11,5067,26,20,18,18,CCOC(=O)C1CC(C(=O)OCC)[SH](C#CC2C(C(=O)O)NC(C(=O)[O][Na])[SH]2C(C)C)C1[O][Na],477.9603297399409,24.195468994536075
4505,23,22,21,15,12,6351,32,25,23,25,CCNN1C[SH](=N)(C#CC#CC2C(=C(C#N)C#N)CC(Br)C2S(=O)(=O)O)CC1=N,477.9069116058786,48.78047323048357
5350,27,2,22,20,4,2419,13,9,11,22,CCN(CC)C1:C(C=CC2([O][Na])CCN(S(=O)(=O)O)N2[SH](=O)=O):C:C(S(=O)(=O)O):S:C:1N,477.88203648999905,18.61737402222203
4466,23,15,10,12,9,5710,29,24,2,10,CC(C)N1C([SH](=O)=O)CC(S(=O)(=O)[O][Na])[SH]1C1(O)CC(S(=O)(=O)[O][Na])CC1=C(C#N)C#N,477.83819427672296,15.622362978500425
4190,21,19,26,13,19,1017,6,9,12,14,CCN(CC)C1:C:B(C(=N)C2:S:C(C(=O)[O][Na]):C(=O):S:C:2NC(C)=O):C:C(C(=O)O):C:1O,477.8075100893301,26.02121482017921
2096,11,23,9,8,11,9582,48,3,20,19,CCNC1:C:N(N(CC)CC):C(N=O):C:C:1C#C[SH]1CC(C(=O)[O][Na])[SH]([O][Na])C1C,477.77746090174395,17.772243211736047
8025,41,9,23,1,7,8756,44,1,15,14,CCNC1:C(N(CC)CC):N:O:C(C=NN2:C:C:C(C(=O)O):C(=C(C#N)C#N):S:2N(C)C):C:1N(C)C,477.73015268670224,12.937643336801164
747,4,7,20,14,4,6203,32,9,16,5,CCN(CC)C1N(CN(CC(=O)O)CC(=O)O)C(Cl)C[SH]1C=CC1:O:C(OC):C:C([O][Na]):C:1C(=O)O,477.58485622240113,27.316659230507458
4800,24,18,11,2,16,3439,18,17,6,13,CCOC(=O)N1CCC(N)C1(C=CC=CC=CN1:C:C(NC(C)=O):S([N+](=O)O):C(C(F)(F)F):C:1)[SH](=O)=O,477.5485851688078,27.753243189340175
6700,34,3,10,21,19,8974,45,2,9,24,CCN(CC)S1:C(C(C)C):C:C:C:S:1(C(=N)C1(Br)CC(S(=O)(=O)[O][Na])N(C)C1)[SH](=O)=O,477.4979460554835,21.54735309239929
8871,45,15,22,22,1,9476,48,3,9,12,CCN(CC)[SH]1CS(C)(N=NC2:C:C(S(=O)(=O)O):C(S(=O)(=O)O):S:S:2=C(C#N)C#N)CC1O,477.4257621514895,10.772724944238371
2197,11,6,5,16,9,2288,12,4,15,7,CCN1:C(C2:C:C(CN(CC(=O)O)CC(=O)O):N:C(Cl):C:2[N+](=O)O):C:C:C(OC):C:1=C(C#N)C#N,477.4223568920917,11.738099738442777
2324,12,24,26,23,15,4586,23,17,11,21,CCNC1:C:C(=O):N(C(C)C):C:C:1C=CC=CCC1(C(F)(F)F)CCC(N)C1Br,477.40909111637393,17.082029115416894
827,5,18,21,2,19,5158,26,16,18,25,CCOC(=O)C1CC(=N)[SH](C(=N)C2:C([SH](=O)=O):C:C:C(Br):S:2C(=O)OCC)C1CN(CC(=O)O)CC(=O)O,477.36574247656546,27.600014653604894
551,3,6,13,14,2,4112,21,25,24,16,CC(=O)NC1:C([N+](=O)O):C:N:C(C=CC(=O)S2:C:C(CN(CC(=O)O)CC(=O)O):S:C(C(C)C):C:2=N):C:1C(=O)O,477.3627041375874,21.072351670593335
1898,10,14,20,5,12,4621,24,22,15,25,N#CC(C#N)=C1CC(S(=O)(=O)O)N(C#CC#CC2:C:N(Cl):C:C([O][Na]):C:2C(=O)O)C1=N,477.29890588592554,30.045892487915786
3021,16,17,13,5,12,6203,32,9,16,5,CCN(CC)C1N(CN(CC(=O)O)CC(=O)O)C(Cl)C[SH]1C#CC#CC1:C(Cl):N(NC(C)=O):C:C:N:1C(F)(F)F,477.2913152607395,4.945939732954356
5373,27,7,16,7,2,5760,29,19,22,25,CON1CC(CN(CC(=O)O)CC(=O)O)C(C=CC(=O)S2(C(=O)[O][Na])CCC(=N)N2S(=O)(=O)O)(OC)N1,477.29060835819257,37.92153471238678
5153,26,4,15,16,6,5181,26,7,22,7,CC[SH]1CC(=C(C#N)C#N)C(CN(CC(=O)O)CC(=O)O)C1C=[SH]1(OC)C(OC)CCC1S(=O)(=O)O,477.2809213840116,19.825971803917604
5702,29,12,20,5,2,1678,9,18,5,23,CCNC1:C:C(C(=O)C=CC2(Cl)C([O][Na])CN[SH]2O)(C(=O)OCC):O:C:C:1Cl,477.1916396003526,29.50631450693459
1176,6,20,9,22,10,5191,26,16,3,24,CCN(CC)C1:C:C([O][Na]):B:C(=S2C(C(C)C)CC(C)C2CN(CC(=O)O)CC(=O)O):C:1S(=O)(=O)O,477.19014122780857,26.277119643528554
5657,29,26,20,19,9,4467,23,5,1,2,CN(C)C1CC(Cl)(C2C(C(=O)[O][Na])CN([O][Na])S2=O)CC1[SH](=O)=O,477.1746939233993,27.547649354279407
8931,45,15,6,19,19,3520,18,19,4,6,CCC1:S:C([N+](=O)O):C:N(C(=N)C2:C:C(C(=O)[O][Na]):C:S([N+](=O)O):S:2=C(C#N)C#N):C:1C(=O)[O][Na],477.096442373196,13.444386827256938
8354,42,13,11,19,13,2121,11,8,4,25,CCN1:C(N=O):C(C=CC=CC2:O:S(NC(C)=O):C(N):C:C:2C(=O)[O][Na]):C:C:C:1=N,477.0911681603211,9.175153171199744
2273,12,4,18,20,2,270,2,8,14,26,CCOC(=O)C1:C([O][Na]):C:C(C=CC(=O)C2(N=O):C:C:C(C(=O)O):C(=O):C:2):C:N:1CC,477.0551367755632,31.101168320903053
5614,29,18,3,14,20,8695,44,18,7,11,CCOC(=O)C1:S:N(C=CC(C)=CC2(C(=O)O)CCN(C)[SH]2C(=O)OCC):C:C(N):C:1OC,477.0462340236613,13.458954299305205
4424,23,6,7,12,12,9494,48,20,1,12,COC1CC(O)C(C#CC#C[SH]2C([O][Na])SC(N(C)C)C2O)C1[N+](=O)O,477.04239738628996,20.58608163948064
9716,49,7,8,18,19,2634,14,16,5,1,CCOC(=O)C1(C(=N)C2:C:C(N(C)C):C(Cl):S(CN(CC(=O)O)CC(=O)O):C:2)CN(N=O)ON1OC,477.04181478744283,15.036481343465205
5308,27,17,1,4,17,1450,8,22,12,20,CCC1C(N(C)C)NN(C(F)(F)F)C1C=CC=CC=CC=CC1(S(=O)(=O)O):C:O:C(O):C([O][Na]):C:1,477.0162809220063,20.95550515181357
300,2,18,19,14,9,6384,32,9,5,19,CCOC(=O)C1:C:C(C(=O)[O][Na]):C:C(C(=O)O):C:1[SH]1C(C(=O)[O][Na])C(Cl)NC1N(CC)CC,477.0150496860947,10.247479265705026
8305,42,8,4,18,17,5107,26,23,14,13,CCNS1(C=CC=CC=CC=CC2:O:S(N=O):C:C(CC):C:2C(=O)OCC)CCC(NC(C)=O)C1C(=O)O,477.01456312652056,18.09580478753729
7146,36,4,18,9,19,8564,43,19,19,24,CCOC(=O)C1C(CC)OCC1(C(=N)N1:C:C(C(C)C):C(C(=O)[O][Na]):C(C(=O)[O][Na]):N:1)N(CC)CC,476.9807821318811,33.28410370417435
4794,24,18,26,21,19,8555,43,3,7,20,CCOC(=O)C1NC(C(=N)N2:C:C([O][Na]):C:C(OC):N:2C)C(Br)C1=O,476.9339690482284,33.7771941740153
6248,32,24,16,19,11,5911,30,17,5,3,CC1C(Cl)N(C(F)(F)F)CN1C#CC1(C(=O)[O][Na])CNC(CN(CC(=O)O)CC(=O)O)[SH]1C(C)C,476.89917125586834,31.985477831047927
904,5,3,16,19,14,8972,45,10,23,15,CCNC1:C(=C(C#N)C#N):C:C:S(OC2:S:C(C):C(CN(CC(=O)O)CC(=O)O):C:C:2C(=O)[O][Na]):S:1S(=O)(=O)[O][Na],476.87914507241265,27.130366371488737
243,2,6,15,9,16,346,2,20,7,7,CCN(CC)C1:C(C=CC=CC=CC2:C:C(OC):C(OC):C:C:2[O][Na]):C:C([N+](=O)O):C:C:1=C(C#N)C#N,476.8769368529829,15.02504777771431
6317,32,24,12,9,17,6437,33,8,12,3,CCN(CC)C1(C=CC=CC=CC=CC2C(C)C[SH](O)C2N=O)SCN(C(C)C)C1O,476.87607079362516,13.39798548413297
1830,10,15,3,20,9,8970,45,14,18,4,CCOC(=O)S1:C:C:C(CC):C:S:1(C(=O)O)C1:C:N([O][Na]):C(C):C:C:1=C(C#N)C#N,476.8517489734201,22.027461631334408
2409,13,17,14,17,2,503,3,8,19,5,O=NC1:C(C(=O)[O][Na]):C(Cl):C:C:N:1C(=O)C=CC1:C:S(C(F)(F)F):C:C(C(=O)O):C:1C(F)(F)F,476.8381067189953,27.11433465160913
4930,25,8,21,18,4,9469,48,19,16,16,CCOC(=O)C1(C=CS2(C(=O)[O][Na])CC(CN(CC(=O)O)CC(=O)O)[SH](CN(CC(=O)O)CC(=O)O)C2)OC(N=O)CC1Br,476.7536897310768,32.70909038951627
2964,15,3,22,3,11,7377,37,20,25,8,CC1:C:C:S(S(=O)(=O)O):C(C):C:1C#CC1([O][Na])CC(N=O)OC1=N,476.73109441490726,26.825674145732606
8756,44,1,15,14,19,3009,16,5,6,19,CN(C)S1:N:C(C(=N)N2:C:C(C(=O)[O][Na]):N:C([N+](=O)O):C:2Cl):C:C(C(=O)O):C:1=C(C#N)C#N,476.66177883598556,34.58493474586154
5186,26,20,14,3,1,5934,30,23,23,25,CCNC1N(N=NC2(C)SC([O][Na])CC2C(=O)O)CC(=N)N1NCC,476.657029049613,24.920794087421005
2358,12,12,3,14,12,5167,26,19,19,16,CC1:C:N:C(O):C(C#CC#CS2(C(=O)[O][Na])CC(CN(CC(=O)O)CC(=O)O)CC2C(=O)[O][Na]):C:1C(=O)O,476.6470463366765,12.041592044520145
2029,11,9,1,1,2,2503,13,22,2,10,CCN(CC)C1:C(C=CC(=O)C2(S(=O)(=O)O):C:C:S(S(=O)(=O)[O][Na]):C([SH](=O)=O):C:2):C:C:N(N(C)C):C:1N(C)C,476.61734016424646,16.43715324301536
5202,27,18,19,14,9,9532,48,12,16,3,CCOC(=O)N1CC(C(=O)[O][Na])C(C(=O)O)([SH]2C(C)C[SH](CN(CC(=O)O)CC(=O)O)C2O)N1,476.6057730296287,29.857463908630386
7463,38,21,13,18,6,5678,29,15,17,20,CCOC(=O)C1CC(C=S2(=C(C#N)C#N)CC([O][Na])CN2C(F)(F)F)C(Br)[SH]1NC(C)=O,476.56849318083243,19.43096788746433
2181,11,6,13,11,20,7432,38,10,26,11,CC(=O)NN1:C:C([N+](=O)O):C(C=C(C)C=CC2CC(N)C(=O)[SH]2S(=O)(=O)[O][Na]):C:C:1N,476.53053995028057,34.31674172912896
3179,16,5,25,19,2,1718,9,9,12,10,CCN(CC)C1(C(=O)C=CC2:C:N(C(=O)[O][Na]):C(=N):C(Cl):N:2):C:C:C(S(=O)(=O)[O][Na]):C(O):O:1,476.5154612105901,14.416101253146
2632,14,3,6,2,18,2426,13,20,14,20,CS1:C:C:C(NCC2([O][Na]):C:C([O][Na]):S:C:C:2C(=O)O):C([SH](=O)=O):C:1[N+](=O)O,476.4983325058627,25.209117612372
2351,12,17,23,6,8,5618,29,21,20,23,CCNC1:C:C([N+](=O)O):C(=CC=[SH]2(Br)C(NCC)CCN2[O][Na]):C(C(F)(F)F):N:1,476.4820246775791,15.824881601998971
7449,38,22,19,4,6,7513,38,24,11,7,CCC1(C=C2SC(C(C)C)C(N)C2OC)CC(C(=O)[O][Na])[SH](S(=O)(=O)O)C1,476.46067917918174,19.280081829130445
5631,29,20,5,21,12,1927,10,1,16,12,CN(C)C1(C#CC#CC2CC(Br)N(Cl)[SH]2[O][Na]):C:C:N(CN(CC(=O)O)CC(=O)O):C(O):C:1,476.4507505420173,28.575165415554924
1255,7,23,15,19,4,347,2,8,8,19,CCNC1:C(C=CC2(N=O):C:C:C(N=O):C(C(=O)[O][Na]):C:2):C(C(=O)[O][Na]):O:C:C:1=C(C#N)C#N,476.43718966591416,29.280857927007688
2275,12,24,18,18,16,5059,26,4,16,24,CCOC(=O)C1:C:C(C(=O)OCC):N(C(C)C):C:C:1C=CC=CC=CS1(CC)CC(CN(CC(=O)O)CC(=O)O)CC1C(C)C,476.43200552532016,23.55739746985301
467,3,25,26,5,2,815,5,8,21,26,N=C1:N:C(C=CC(=O)S2(N=O):C:C:C(=O):C(Br):C:2):C:C(Cl):C:1=O,476.390994769017,13.529384329648229
6712,34,2,24,19,9,5191,26,16,3,24,CC(C)C1CC(C)C(CN(CC(=O)O)CC(=O)O)[SH]1C1CC(C(=O)[O][Na])N(C(C)C)C1[SH](=O)=O,476.34778525287777,12.3348171230117
5956,30,5,9,3,10,5668,29,10,24,9,CCN(CC)C1CN(C(C)C)[SH](=C2NC(Cl)N(N(CC)CC)C2C)(S(=O)(=O)[O][Na])C1,476.3280423884559,27.785074131685867
9043,46,21,19,24,4,8827,45,7,19,25,COS1:C(C(=O)[O][Na]):C(=N):C:C:S:1C=CC1:O:C(Br):N:C(C(=O)[O][Na]):C:1C(C)C,476.3185246376358,25.218159103421563
2490,13,18,12,21,10,955,5,15,10,6,CCOC(=O)C1:C(O):C(Br):S:C:C:1=S1:C:C([N+](=O)O):C:C(S(=O)(=O)[O][Na]):C:1=C(C#N)C#N,476.28773064681275,21.219621717962696
9592,48,19,11,9,11,1591,8,3,1,9,CCN(CC)C1:C:C(C#CC2(N(CC)CC)C[SH](N)C[SH]2C(=O)[O][Na]):C(C):O:C:1N(C)C,476.2761682707939,11.644908374066762
9435,48,2,25,14,18,7512,38,14,10,14,N=C1SC([SH](=O)=O)SC1(NCC1(C(=O)O)C(C(=O)O)CC[SH]1S(=O)(=O)[O][Na])C(=O)O,476.2668880231904,33.89227393389759
8808,45,4,19,8,4,5062,26,23,14,1,CCNS1(C=CC2:C(N=O):C:C(C(=O)[O][Na]):S:S:2CC)CC(C(=O)O)CC1N(C)C,476.2641238957473,20.993342609891574
3480,18,23,13,18,2,6235,32,16,14,13,CCNN1:C(NC(C)=O):C:S:C(C(=O)OCC):C:1C=CC(=O)S1(CN(CC(=O)O)CC(=O)O)CC(NC(C)=O)NC1C(=O)O,476.2117954705656,33.10064366485748
4407,23,2,1,9,13,280,2,17,9,15,CCN(CC)C1:C:C:C(=C(C#N)C#N):C:C:1(C=CC=CC1(N(CC)CC)CC([SH](=O)=O)CC1N(C)C)C(F)(F)F,476.20083728112576,21.940678498675815
6372,32,6,17,23,9,8499,43,8,12,10,CCNN1CC(N2:C:C(S(=O)(=O)[O][Na]):C(O):C:N:2N=O)[SH]([N+](=O)O)C1C(F)(F)F,476.1902387739095,16.02536494858769
6980,35,23,3,13,16,5714,29,17,13,3,CCNC1C(C)NC(NC(C)=O)C1C=CC=CC=CS1(C(F)(F)F)CC(C)C(NC(C)=O)N1,476.1899663371372,30.252352859088802
2205,12,5,10,16,18,6449,33,4,23,19,CCNC1SCC(C(=O)[O][Na])C1(CC)CNC1:C:C(CN(CC(=O)O)CC(=O)O):C(S(=O)(=O)[O][Na]):N(Cl):C:1,476.15348976498433,31.40286447651042
2474,13,4,3,25,16,4095,21,25,23,17,CCNC1:S:C(C(F)(F)F):C:S(C=CC=CC=CC2:C:C(CC):C(C):S(=N):C:2):C:1=N,476.0593534878067,20.674375707836077
5650,29,6,24,7,13,3072,16,22,14,20,COC1(C=CC=CN2:C:C([O][Na]):N:C(C(=O)O):C:2S(=O)(=O)O)CCN(C(C)C)[SH]1[N+](=O)O,476.02168632760123,25.773184558615718
2916,15,8,11,20,1,2558,13,9,23,13,CCNS1:C:C:C(N=NC2:C(N=O):S:C:C(N):C:2[O][Na])(N(CC)CC):C:C:1NC(C)=O,476.0211560618327,20.391883823824422
6765,34,13,19,14,18,4512,23,6,22,18,CCOC(=O)C1C(CNC2(C(=O)O)CCN(C(=O)[O][Na])C2NC(C)=O)CC([N+](=O)O)C1S(=O)(=O)O,476.0170775000958,31.34705761561139
4415,23,16,21,20,19,7413,38,12,2,18,CCOC(=O)C1C(C(=N)C2C(CN(CC(=O)O)CC(=O)O)CC(Br)C2[O][Na])[SH](O)CC1[SH](=O)=O,476.01577516934583,33.934552064171896
8609,44,5,9,12,16,363,2,6,2,15,CCN(CC)S1:C(O):C:C:C(C=CC=CC=CC2:C:C(=C(C#N)C#N):C:C([SH](=O)=O):C:2[N+](=O)O):N:1Cl,475.9969599587413,27.11887842878645
834,5,21,14,24,4,5659,29,21,5,16,CC(C)C1:C(C=C[SH]2C(CN(CC(=O)O)CC(=O)O)C(Cl)CN2Br):S:C:C(Br):C:1C(=O)O,475.9935567473734,21.851515569736243
6275,32,4,18,1,15,2685,14,5,5,7,CCOC(=O)N1CC(C=CC=CCC2:C:C(OC):C(Cl):S:C:2Cl)(N(C)C)SC1CC,475.99309097940085,13.567487777638474
6472,33,25,8,6,16,5604,29,12,17,26,N=C1CSC(N=O)C1(C=CC=CC=CS1(O)NCC(C(F)(F)F)C1=O)[N+](=O)O,475.9659748987293,10.995792954747278
9423,48,25,1,4,4,3174,16,1,3,15,CCC1C(C=CN2:C:C(=C(C#N)C#N):N(C):C:C:2N(C)C)S(=N)C[SH]1N(C)C,475.906649379173,31.549260151803576
2037,11,19,1,19,10,5755,29,1,9,7,CCN(CC)C1C(N(C)C)NS(=C2:C:C(C(=O)[O][Na]):N:C(N(C)C):C:2C(=O)[O][Na])C1OC,475.8989387569849,27.76131324965719
5497,28,22,10,16,2,6457,33,1,23,14,CCN[SH]1CC(C(=O)O)C(C(=O)C=CC2ON(S(=O)(=O)O)C(S(=O)(=O)[O][Na])C2CN(CC(=O)O)CC(=O)O)(N(C)C)C1,475.8723590557397,32.99085307680202
8442,43,11,4,17,2,7449,38,22,19,4,CCC1:C(C(F)(F)F):C:C(C=CC(=O)C2C(CC)CC(C(=O)[O][Na])[SH]2S(=O)(=O)O):N:N:1N,475.8700670143941,28.65347126844838
1777,9,26,24,26,15,4179,21,23,16,6,CCNC1:C:S(CC=CC=CC2:C(=O):O:C:C(C(C)C):C:2=O):C:C([N+](=O)O):S:1CN(CC(=O)O)CC(=O)O,475.8562573759623,19.81233661671156
1058,6,20,24,9,14,1612,9,14,6,8,CCN(CC)C1:C(OC2:C:C(N=O):C([N+](=O)O):C(C(=O)O):O:2):B:C:C([O][Na]):C:1C(C)C,475.80236177435233,18.168001417731027
4051,21,24,22,1,19,6486,33,18,14,3,CCOC(=O)C1SC(C(=O)O)C(C)C1C(=N)C1:S:C(C(C)C):C(S(=O)(=O)O):S:C:1N(C)C,475.731713887341,13.097361041626883
1935,10,17,10,19,12,6508,33,23,1,13,CCNC1SC(N(C)C)C(NC(C)=O)C1C#CC#CC1:C:N(C(=O)[O][Na]):C(S(=O)(=O)[O][Na]):C:C:1C(F)(F)F,475.72605379061514,16.364532555148312
2418,13,24,5,23,15,5061,26,18,8,3,CCNC1:C(C=CC=CCS2(C(=O)OCC)CCC(C)C2N=O):C(C(C)C):C:C:S:1Cl,475.71433495952596,33.59365627506182
5576,28,3,9,9,11,5678,29,15,17,20,CCN(CC)C1CC(C#C[SH]2(=C(C#N)C#N)CC([O][Na])CN2C(F)(F)F)(N(CC)CC)ON1C,475.70998932271766,23.551793176170236
9409,48,22,11,15,2,8648,44,17,18,9,CCOC(=O)C1:C:S(C(F)(F)F):N(C(=O)C=CC2C(=C(C#N)C#N)SC(N)[SH]2S(=O)(=O)O):C:C:1N(CC)CC,475.69587599269244,28.582807487014076
4718,24,17,4,6,9,9536,48,9,20,17,CCC1CN(C(F)(F)F)C(S2(N(CC)CC)CC[SH](C(F)(F)F)C2[O][Na])C1[N+](=O)O,475.6269033251641,21.61008864747612
337,2,23,4,9,7,5355,27,6,22,10,CCNC1:C(CC):C:C:C(N(CC)CC):C:1C=NN1C(S(=O)(=O)[O][Na])CC(S(=O)(=O)O)N1[N+](=O)O,475.60614662607406,12.52740244000947
3896,20,26,21,24,14,2487,13,10,6,23,CCNC1:C:C(OC2:O:C(=O):C:S(Br):C:2C(C)C)(S(=O)(=O)[O][Na]):C([N+](=O)O):C:S:1,475.6058454460987,24.0456942383747
3338,17,12,4,8,20,7398,37,8,15,18,CCOC(=O)C1C(=C(C#N)C#N)OC(N=O)C1C=CC(C)=CC1:C(N=O):O:C:C(CC):N:1O,475.5801045417069,17.334102649494817
8497,43,9,5,17,2,4183,21,12,5,9,CCN(CC)C1:S:C:C:S(O)(C(=O)C=CC2:C(C(F)(F)F):C:C(Cl):N:N:2N(CC)CC):C:1Cl,475.57953470082776,16.022067085269533
1969,10,14,13,24,8,4186,21,24,10,25,CC(=O)NC1:C:C(C(=O)O):C(=CC=S2:C:C:S(=N):C(S(=O)(=O)[O][Na]):C:2C(C)C):C:N:1C(C)C,475.57748206838687,28.810861967926982
3971,20,6,26,9,1,7043,36,15,20,6,CCN(CC)C1:C(N=NC2OC(=C(C#N)C#N)C([O][Na])C2[N+](=O)O):O:C([N+](=O)O):C:S:1=O,475.5762418048615,13.220040150125172
8250,42,6,8,21,13,2727,14,5,23,6,CCNS1:C:C(Cl)(C=CC=CC2:O:S([N+](=O)O):C(N=O):C:C:2Br):C:C:C:1[N+](=O)O,475.56310249660964,35.038036658070915
8956,45,5,25,9,14,3523,18,2,20,26,CCN(CC)C1:C:C(=N):S:S(Cl):C:1ON1:C:C:S(=O):C([O][Na]):C:1[SH](=O)=O,475.5593000864087,20.110335992103412
1763,9,5,4,9,16,2852,15,1,8,24,CCC1:O:C(Cl):C(C=CC=CC=CC2(N(C)C):C:C:C(C(C)C):C:S:2N=O):C:C:1N(CC)CC,475.5579203774681,16.335473516932264
4039,21,5,3,23,11,5337,27,24,5,15,CCNC1:C(C#CN2C(=C(C#N)C#N)CC(Cl)N2C(C)C):S:C(Cl):C:S:1C,475.55415796400905,28.070693344206965
4094,21,9,25,10,9,4076,21,24,24,16,CCN(CC)S1:C:C:S(=N):C(S(=O)(=O)[O][Na]):C:1S1(C(C)C):C:C:S(CN(CC(=O)O)CC(=O)O):C(C(C)C):C:1,475.54492372460226,23.56590063387354
3481,18,4,7,24,18,2443,13,20,3,24,CCN1:C(NCC2([O][Na]):C:C(C(C)C):S:C:C:2C):C:S(C(C)C):C:C:1OC,475.5448636600644,22.66072108769914
7433,38,26,25,7,20,2528,13,16,11,25,COC1CS(=N)C(=O)C1C=C(C)C=CC1:C:C:S(=N):C(N):C:1CN(CC(=O)O)CC(=O)O,475.5350570232182,19.48068126576771
1153,6,17,19,5,10,7095,36,8,20,2,O=NC1OC(=C2:B(C(F)(F)F):C:C:C(C(=O)[O][Na]):C:2Cl)C([SH](=O)=O)C1[O][Na],475.4794699851659,12.360827329761893
8903,45,11,5,23,12,4005,21,4,15,21,CCNC1:C:C:S(Cl):S(N):C:1C#CC#CS1(CC):C:C:S(=C(C#N)C#N):C(Br):C:1,475.446445292003,25.032866461619427
2717,14,14,19,16,11,6609,34,12,21,16,O=C(O)CN(CC(=O)O)CC1:C:S(C(=O)[O][Na]):C:C(C(=O)O):C:1C#CC1(O)NC(Br)CC1CN(CC(=O)O)CC(=O)O,475.39922521761616,32.5065308151459
3403,18,17,16,23,15,4584,23,9,26,3,CCNS1:C:C(C=CC=CCC2(N(CC)CC)C(=O)CCC2C):N(C(F)(F)F):C(CN(CC(=O)O)CC(=O)O):C:1,475.3942721943296,24.805610253840634
5688,29,20,20,4,14,6589,33,24,18,13,CCOC(=O)C1SCC(OC2(CC)CC([O][Na])N[SH]2[O][Na])(C(C)C)C1NC(C)=O,475.3895098699145,22.26328013165761
2275,12,24,18,18,19,221,2,9,10,4,CCOC(=O)C1:C:C(C(=O)OCC):N(C(C)C):C:C:1C(=N)C1:C:C(CC):C(S(=O)(=O)[O][Na]):C:C:1N(CC)CC,475.30176515860086,14.716537209093838
2689,14,18,16,22,2,2107,11,14,17,5,CCOC(=O)C1:C:S(CN(CC(=O)O)CC(=O)O):C(S(=O)(=O)O):C:C:1C=CC(=O)C1:C:C:C(Cl):N(C(F)(F)F):C:1C(=O)O,475.28465669070664,21.806060169227475
2800,14,26,21,15,19,3223,17,8,25,25,N#CC(C#N)=C1:C(C(=N)N2:C:C(=N):O:C(=N):C:2N=O):C:C:S(=O):C:1Br,475.27490765253424,20.08215500364989
1008,6,9,6,24,19,8929,45,21,2,19,CCN(CC)B1:C:C:C([N+](=O)O):C(C(C)C):C:1C(=N)S1:C:C:C(C(=O)[O][Na]):C([SH](=O)=O):S:1Br,475.27244946705633,21.999457927288287
2889,15,10,12,5,16,8629,44,7,3,18,CCOC(=O)C1:C:C:N(C=CC=CC=CC2:C(Cl):C:C:S(O):C:2S(=O)(=O)[O][Na]):S(OC):C:1C,475.2609948529556,17.290285296903207
6490,33,15,19,1,2,2714,14,3,26,12,CC1:S:C(=O):C(O):C:C:1C(=O)C=CC1C(=C(C#N)C#N)C[SH](C(=O)[O][Na])C1N(C)C,475.24317520567377,31.000270953910356
5246,27,10,20,25,18,7551,38,1,23,2,CCNC1CC([SH](=O)=O)C(CNC2NN(S(=O)(=O)[O][Na])C([O][Na])C2=N)(N(C)C)S1,475.20602284122907,17.581692660388228
4759,24,4,2,14,5,2357,12,10,15,25,CCN1CC([SH](=O)=O)CC1(N=C1:C:C(=N):C(=C(C#N)C#N):C:N:1S(=O)(=O)[O][Na])C(=O)O,475.1622383563987,38.82449138641476
210,2,9,4,3,17,6459,33,13,23,9,CCNC1SC(N(CC)CC)CC1(C=CC=CC=CC=CC1:C(C):C:C:C(CC):C:1N(CC)CC)NC(C)=O,475.1575501665883,7.9498899118622885
6566,33,22,1,22,10,6384,32,9,5,19,CCN(CC)C1NC(Cl)C(C(=O)[O][Na])S1=C1C(S(=O)(=O)O)SC(N(C)C)C1S(=O)(=O)O,475.136431984867,17.56544216954415
1839,10,23,15,3,2,956,5,4,6,10,CCNC1:C(C=CC(=O)S2:C:C(S(=O)(=O)[O][Na]):C([N+](=O)O):C:C:2CC):C:N(C):C:C:1=C(C#N)C#N,475.09311090363826,9.937192282645114
1273,7,5,7,22,2,8862,45,10,11,9,CCN(CC)C1:C:C:S(C(=O)C=CC2:C(S(=O)(=O)O):O:C:C(OC):C:2Cl)(S(=O)(=O)[O][Na]):S:C:1N,475.01400145627287,18.77156678157357
557,3,16,19,3,12,910,5,15,4,11,CCC1:C:C(N):C:S(C#CC#CC2:C(C):C:C:C(C(=O)[O][Na]):N:2CN(CC(=O)O)CC(=O)O):C:1=C(C#N)C#N,475.00949668723706,14.979220877440639
4521,23,14,26,12,15,2309,12,4,16,4,CCC1:C:C(CC=CC=CC2(O)CC(C(=O)O)CC2=O):N(CC):C:C:1CN(CC(=O)O)CC(=O)O,474.97414623817014,19.480249166982023
223,2,20,1,13,20,250,2,7,17,22,COC1:C(C=CC(C)=CC2:C:C([O][Na]):C(N(C)C):C:C:2NC(C)=O):C:C(S(=O)(=O)O):C:C:1C(F)(F)F,474.9469394132463,9.934787095551947
2601,14,26,2,7,16,3092,16,16,11,17,COC1:C:S([SH](=O)=O):C:C(=O):C:1C=CC=CC=CN1:C:C(C(F)(F)F):N(N):C:C:1CN(CC(=O)O)CC(=O)O,474.92004418750855,18.02902140986981
2516,13,22,16,10,12,1890,10,22,17,15,N#CC(C#N)=C1:C:C(C#CC#CC2:C:S:C(S(=O)(=O)[O][Na]):C(CN(CC(=O)O)CC(=O)O):C:2S(=O)(=O)O):C:C(S(=O)(=O)O):N:1C(F)(F)F,474.89143146469206,21.784065313887186
3407,18,24,16,19,12,2876,15,23,19,4,CCNC1(C#CC#CC2:C:S(C(=O)[O][Na]):C:C(CN(CC(=O)O)CC(=O)O):N:2C(C)C):C:C(CC):C:C(C(=O)[O][Na]):S:1,474.88551148051573,19.720596322449403
6787,34,17,17,13,20,4100,21,18,7,1,CCOC(=O)C1:C(OC):S(N(C)C):C:C:S:1C=CC(C)=CC1CN(C(F)(F)F)C(C(F)(F)F)C1NC(C)=O,474.87757181760514,21.944769076222865
2254,12,5,21,26,16,5656,29,2,3,17,CN1CC(C(F)(F)F)CS1(C=CC=CC=CC1:C:C:C(=O):N(Br):C:1Cl)[SH](=O)=O,474.8607097884533,19.13455814716668
4694,24,14,17,19,6,6265,32,19,1,22,CN(C)C1NC(S(=O)(=O)O)C[SH]1(=CC1(C(=O)[O][Na])CC(C(F)(F)F)CN1C(=O)O)C(=O)[O][Na],474.8543437381336,24.716624673184874
6254,32,19,4,5,11,6486,33,18,14,3,CCOC(=O)C1SC(C(=O)O)C(C)C1C#CC1C(Cl)NC(CC)[SH]1C(=O)[O][Na],474.78284082895635,24.44581794739482
6936,35,8,25,13,7,4086,21,9,18,22,CCOC(=O)C1:C:S(N=CC2(NC(C)=O)CCN(N=O)C2=N)(N(CC)CC):C:C(S(=O)(=O)O):S:1,474.76349599052656,8.733363492751359
413,3,1,6,4,3,3053,16,7,5,12,CCC1:C:C(C=CC(=O)CC(=O)C=CN2:C:C:N(O):C(Cl):C:2OC):N(N(C)C):C:C:1[N+](=O)O,474.7047597868157,23.910545673798868
8839,45,12,26,22,20,905,5,12,5,13,CC(=O)NC1:C:S(O)(C=CC(C)=CC2:C(S(=O)(=O)O):C(=O):C:S:S:2O):C:C:C:1Cl,474.6721432802998,12.677278388407165
2556,13,25,24,15,19,4124,21,17,4,12,CCC1:C:S:C(O):C:S:1(C(=N)C1:C:S(=C(C#N)C#N):C:C(C(C)C):C:1=N)C(F)(F)F,474.6416288090427,22.04658725584548
4719,24,18,4,26,2,4549,23,25,19,20,CCOC(=O)N1C(C=CC(=O)C2CC([O][Na])C(C(=O)[O][Na])C2=N)CC(=O)C1CC,474.6027302633762,18.674382994593113
6299,32,14,25,9,13,2795,14,6,19,8,CCN(CC)N1CC(C=CC=CC2([N+](=O)O):C:C:C(N=O):S(C(=O)[O][Na]):C:2)[SH](C(=O)O)C1=N,474.58536404666836,21.002629361229637
2527,13,16,21,13,8,213,2,2,6,16,CC(=O)NC1:C(=CC=C2:C:C(CN(CC(=O)O)CC(=O)O):C([N+](=O)O):C:C:2[SH](=O)=O):C:C(CN(CC(=O)O)CC(=O)O):C:S:1Br,474.5636994943584,27.74398212284808
5512,28,20,19,12,1,6742,34,12,7,15,COC1C(=C(C#N)C#N)C(N=NC2ON([O][Na])C(C(=O)[O][Na])C2O)NC1O,474.50559989789724,27.271502998941678
6397,32,13,21,4,13,2272,12,3,24,6,CCC1(C=CC=CC2:C:C([N+](=O)O):C:C(C(C)C):N:2C)C(Br)NC[SH]1NC(C)=O,474.44817511595204,32.60966837243921
1043,6,11,20,14,1,1920,10,13,6,10,CC(=O)NC1(N=NC2:B:C(N):C([O][Na]):C:C:2C(=O)O):C:C:N(S(=O)(=O)[O][Na]):C:C:1[N+](=O)O,474.3982597837554,21.69395326760362
4778,24,10,1,12,17,1575,8,7,26,2,COC1(C=CC=CC=CC=CC2(O)CC(N(C)C)CN2S(=O)(=O)[O][Na]):C:C([SH](=O)=O):C:O:C:1=O,474.3887419716618,17.388508547033627
278,2,18,1,10,2,2068,11,5,26,5,CCOC(=O)C1:C:C(N(C)C):C(S(=O)(=O)[O][Na]):C:C:1C=CC(=O)C1(Cl):C:C:C:N(Cl):C:1=O,474.346060738292,33.721213154663126
8974,45,2,9,24,12,7431,38,12,22,13,CCN(CC)S1:C(C(C)C):C:C:C(C#CC#CC2(O)CC(NC(C)=O)C[SH]2S(=O)(=O)O):S:1[SH](=O)=O,474.33377309773067,27.74942115227664
2754,14,2,26,9,16,2551,13,1,4,3,CCN(CC)S1:C:C:C(C=CC=CC=CC2:C:C(C):S(CC):C:C:2N(C)C):C([SH](=O)=O):C:1=O,474.3176621553956,10.607532869243762
8633,44,5,22,7,15,5672,29,18,4,2,CCOC(=O)S1(CC=CC=CC2:N:S(Cl):C(S(=O)(=O)O):C:C:2OC)C([SH](=O)=O)CCN1CC,474.3064688259782,18.49569624466068
324,2,5,23,17,4,7419,38,23,19,11,CCNC1:C:C(Cl):C(C=CC2CC(N)C(C(=O)[O][Na])[SH]2NCC):C:C:1C(F)(F)F,474.2955492782788,22.06430001675438
3458,18,3,23,12,1,1134,6,20,9,5,CCNC1:S:C(O):C(N=NB2:C:C:C(Cl):C(N(CC)CC):C:2[O][Na]):N:C:1C,474.24543458902826,22.95532630375425
1590,8,19,26,21,3,4081,21,21,5,19,O=C(C=CC1:C:C(C(=O)[O][Na]):O:C(=O):C:1Br)CC(=O)C=CS1(Br):C:C(Cl):S:C(C(=O)[O][Na]):C:1,474.11905184612976,16.510418571683083
2758,14,4,7,13,4,9579,48,18,9,7,CCOC(=O)S1(C=CC2:C:C(CC):S(OC):C(NC(C)=O):C:2)C[SH](N(CC)CC)CC1OC,474.1178613653801,19.42214463249013
2005,11,19,2,19,1,3123,16,4,12,2,CCC1:C(O):N([SH](=O)=O):C:C:N:1N=NC1:C:C(C(=O)[O][Na]):N:C([SH](=O)=O):C:1C(=O)[O][Na],474.105708923655,6.076564603551855
2716,14,26,14,9,4,4148,21,20,11,12,CCN(CC)C1:C(C=CS2:C:C(O):S:C(N):C:2[O][Na]):C:C(=O):S:C:1C(=O)O,474.07056674631065,15.240619419147656
5241,27,24,24,11,17,6825,35,3,5,7,COC1CC(C)(C=CC=CC=CC=CC2(N)C(C(C)C)CNN2C(C)C)C(Cl)N1,474.067117384025,16.37831045169875
1191,6,3,9,20,1,5277,27,5,6,9,CCN(CC)C1:C:B(C):C(N=NN2C(N(CC)CC)CC([N+](=O)O)N2Cl):C:C:1[O][Na],474.06197886701364,18.13947157881581
4627,24,15,19,9,9,2521,13,24,9,8,CCN(CC)C1:C:S(N=O):C:C:C:1(C(C)C)C1NC(=C(C#N)C#N)C(C(=O)[O][Na])C1N(CC)CC,474.0615187373135,15.092415173957612
2863,15,17,1,6,15,6250,32,4,3,18,CCOC(=O)C1CN(C)C(CC)[SH]1CC=CC=CC1:C:C([N+](=O)O):C(N(C)C):S:C:1C(F)(F)F,474.05061738076364,7.522994799488336
4436,23,18,21,5,20,5365,27,9,23,22,CCNC1C(S(=O)(=O)O)CN(C=CC(C)=CC2CC(Cl)C(Br)C2C(=O)OCC)N1N(CC)CC,474.0300411779049,24.709739894450276
5016,26,13,15,24,15,9679,49,24,12,6,CC(=O)NC1CSC(C=CC=CCN2ON(C(C)C)C(O)C2[N+](=O)O)(C(C)C)C1=C(C#N)C#N,474.0257617026884,12.644980036165693
5080,26,4,20,19,18,9510,48,14,18,4,CCOC(=O)C1SC(C(=O)O)[SH](CNC2(C(=O)[O][Na])SCC(CC)C2[O][Na])C1CC,474.01374766427125,19.880632694584865
9205,47,20,18,19,2,8957,45,13,11,14,CCOC(=O)S1:C:C(C(=O)[O][Na]):C(C=CC(=O)S2(NC(C)=O):C:C(C(=O)O):C(N):C:S:2):O:C:1[O][Na],473.98955466364015,27.552465997653808
6434,33,7,12,18,3,3543,18,2,11,21,CCOC(=O)C1SC(O)C(OC)C1C=CC(=O)CC(=O)C=CN1:C:C:S(Br):C(N):C:1[SH](=O)=O,473.9856495061974,23.197596429793727
4774,24,21,4,4,2,6665,34,6,10,2,CCC1CN(Br)C(C=CC(=O)C2([N+](=O)O)C([SH](=O)=O)CCN2S(=O)(=O)[O][Na])C1CC,473.93468742184194,26.702004758049245
1918,10,4,18,14,15,1917,10,4,1,23,CCNC1:C:C(CC)(CC=CC=CC2:C(CC):C:C(C(=O)OCC):N:C:2C(=O)O):C(N(C)C):C:N:1,473.9218349223647,15.934265801864386
5924,30,2,5,7,6,927,5,21,23,1,CCNC1:C:C(N(C)C):C:S(Br)(=CC2(OC)CNC(Cl)N2[SH](=O)=O):C:1,473.893280374813,9.087402014788097
892,5,10,5,9,5,9557,48,6,22,24,CCN(CC)C1:C:C(Cl):C(S(=O)(=O)[O][Na]):S:C:1N=[SH]1([N+](=O)O)CC[SH](C(C)C)C1S(=O)(=O)O,473.861201489598,22.478271324422195
1014,6,1,24,6,20,551,3,6,13,14,CC(=O)NC1:C(C(=O)O):C:N(C=CC(C)=CC2:B:C:C(N(C)C):C(C(C)C):C:2[N+](=O)O):C:C:1[N+](=O)O,473.7920157663372,32.56919954097839
6678,34,16,1,18,13,6518,33,6,26,4,CCOC(=O)C1CC(C=CC=CC2([N+](=O)O)CC[SH](CC)C2=O)C(CN(CC(=O)O)CC(=O)O)N1N(C)C,473.78000691966537,23.548498545698152
9167,46,13,17,19,4,8952,45,25,1,13,CC(=O)NC1:C:C(N(C)C):S:S(=N)(C=CC2:O:C(NC(C)=O):N:C(C(F)(F)F):C:2C(=O)[O][Na]):C:1,473.7579686722029,18.029122618774164
2087,11,14,8,15,5,4107,21,10,22,9,CCN(CC)S1:C:C:S(=NC2:C(C(=O)O):C(N=O):N:C:C:2=C(C#N)C#N)(S(=O)(=O)[O][Na]):C:C:1S(=O)(=O)O,473.7228403807882,35.922051256476195
5105,26,3,13,24,7,4492,23,12,16,20,CC(=O)NC1C[SH](C)C(C=NC2(O)CCC([O][Na])C2CN(CC(=O)O)CC(=O)O)(C(C)C)C1,473.69560526373425,30.705923271418392
2674,14,15,16,11,19,1801,10,22,7,13,COC1:C:C(C(=N)C2:C:C(=C(C#N)C#N):S:C(CN(CC(=O)O)CC(=O)O):C:2N)(S(=O)(=O)O):C:C(NC(C)=O):N:1,473.64754238483,20.39090325604495
3548,18,20,24,16,5,6773,34,3,23,12,CCNC1C(C)NC(=NC2:N:C([O][Na]):C(C(C)C):S:C:2CN(CC(=O)O)CC(=O)O)C1O,473.6233634385141,27.48609269702833
356,2,9,21,6,6,826,5,9,10,5,CCN(CC)C1:C:C(Br):C([N+](=O)O):C:C:1C=S1:C:C:C(Cl):C(S(=O)(=O)[O][Na]):C:1N(CC)CC,473.6152594767642,17.69144451752726
5848,30,1,5,4,19,209,2,21,25,16,CCC1(C(=N)C2(Br):C:C:C:C(CN(CC(=O)O)CC(=O)O):C:2=N)NCN(N(C)C)C1Cl,473.60451794609736,27.72166738950474
313,2,16,25,18,14,4048,21,20,15,19,CCOC(=O)C1:C(OS2:C:C([O][Na]):S(=C(C#N)C#N):C(C(=O)[O][Na]):C:2):C:C(CN(CC(=O)O)CC(=O)O):C:C:1=N,473.6010238164088,21.280362794587667
2465,13,17,22,2,2,6300,32,1,24,9,CCN(CC)C1CNC(C(C)C)S1(C(=O)C=CC1:C:S:C([SH](=O)=O):C(S(=O)(=O)O):C:1C(F)(F)F)N(C)C,473.5888165369408,20.376032384864146
8399,42,15,5,11,13,7547,38,11,9,17,CCN(CC)C1C[SH](N)C(C=CC=CC2:O:S:C(=C(C#N)C#N):C(Cl):C:2N)C1C(F)(F)F,473.58323804421025,28.308593334196356
4917,25,19,23,25,19,1669,9,16,4,25,CCNC1C(=N)C(C(=N)C2(CN(CC(=O)O)CC(=O)O):C:C(=N):C:C(CC):O:2)OC1C(=O)[O][Na],473.48729206680827,26.841417915331096
5162,26,4,13,4,4,4264,22,9,9,25,CCN(CC)C1=CC(=N)C(C=CC2(CC)CCC(NC(C)=O)[SH]2CC)=C1N(CC)CC,473.4691931998441,20.165421617952262
5206,27,8,15,14,19,937,5,6,25,16,N#CC(C#N)=C1NN(N=O)C(C(=N)S2:C:C:C(CN(CC(=O)O)CC(=O)O):C(=N):C:2[N+](=O)O)C1C(=O)O,473.46181313359205,32.35746951199651
2219,12,12,19,16,2,946,5,26,15,4,CCC1:C:C:S(=O)(C(=O)C=CC2:C(O):N:C:C(C(=O)[O][Na]):C:2CN(CC(=O)O)CC(=O)O):C:C:1=C(C#N)C#N,473.431363544945,19.309009955472135
5144,26,4,10,12,12,4542,23,13,17,23,CCNC1C(C(F)(F)F)CCC1(C#CC#CC1(O)C(S(=O)(=O)[O][Na])CC[SH]1CC)NC(C)=O,473.4266654791389,11.9983814881216
5326,27,12,3,7,20,6689,34,7,18,16,CCOC(=O)C1CNC(C=CC(C)=CC2(OC)NN(O)CC2C)(OC)C1CN(CC(=O)O)CC(=O)O,473.4154126128959,9.062867890319614
4659,24,10,19,12,12,8807,45,5,10,11,NC1:C:C(S(=O)(=O)[O][Na]):S(Cl):S(C#CC#CC2C(O)C(C(=O)[O][Na])CN2S(=O)(=O)[O][Na]):C:1,473.40168094105627,17.003275532104233
1509,8,21,10,19,6,2586,13,7,13,7,COC1:C:C(=CC2:C:C(Br):O:C(S(=O)(=O)[O][Na]):C:2C(=O)[O][Na]):C(OC):C(NC(C)=O):S:1,473.31540657524147,22.434927227411624
2339,12,16,4,9,2,3567,18,4,10,3,CCC1:C:S(S(=O)(=O)[O][Na]):C(C):C:N:1C(=O)C=CC1:C(N(CC)CC):C:C:N(CC):C:1CN(CC(=O)O)CC(=O)O,473.18413462539485,18.022428914478784
3926,20,22,12,25,16,262,2,13,18,13,CCOC(=O)C1:C:C(NC(C)=O):C:C(C=CC=CC=CC2:C:S(=N):C(O):C(S(=O)(=O)O):O:2):C:1NC(C)=O,473.1562098807738,18.3220745272897
3896,20,26,21,24,3,4518,23,8,2,26,CC(C)C1:C(C=CC(=O)CC(=O)C=CC2(N=O)CCC(=O)C2[SH](=O)=O):O:C(=O):C:S:1Br,473.1436514153085,18.830636605786978
2489,13,23,8,13,2,1069,6,23,5,2,CCNC1:B(C(=O)C=CC2:C:S(NC(C)=O):C:C(N=O):C:2NCC):C:C:C([SH](=O)=O):C:1Cl,473.136457220168,17.555397123947333
2719,14,23,8,9,1,4023,21,15,12,19,CCNC1:C(N=O):S:C:C(N(CC)CC):C:1N=NS1(=C(C#N)C#N):C:C(C(=O)[O][Na]):S:C:C:1O,473.08568973816944,32.45698469496249
1117,6,5,25,23,15,9797,49,23,5,17,CCNC1:C:C(=N):C(Cl):B:C:1C=CC=CCN1ON(NCC)C(Cl)C1C(F)(F)F,473.0599993624278,15.61115523625283
2575,13,19,20,13,2,2163,11,3,6,7,COC1:C:C:C(C(=O)C=CC2:C:S(NC(C)=O):C:C([O][Na]):C:2C(=O)[O][Na]):C(C):N:1[N+](=O)O,473.0398650782199,18.694453022965295
2456,13,20,12,22,15,2249,12,5,26,18,CCOC(=O)C1:C:C(CC=CC=CC2:C:C:C([O][Na]):S(O):C:2S(=O)(=O)O):N(Cl):C(=O):C:1,472.9995430733428,26.26096019195739
6731,34,5,3,1,15,4157,21,4,7,23,CCNC1:C:S(CC=CC=CC2(N(C)C)CCN(C)C2Cl):C:C(CC):S:1OC,472.99927349815744,14.653798693198244
7139,36,20,2,11,9,9577,48,6,10,1,CN(C)C1C[SH](S(=O)(=O)[O][Na])CS1(C1C([O][Na])OC([SH](=O)=O)C1N)[N+](=O)O,472.98290469592484,24.91471692452906
6461,33,10,8,13,9,7427,38,23,17,13,CCNC1SC(C2C(NC(C)=O)[SH](N=O)CC2S(=O)(=O)[O][Na])C(NC(C)=O)C1C(F)(F)F,472.9330628393116,13.430796020344479
4099,21,5,21,8,15,9514,48,13,20,5,CC(=O)N[SH]1C[SH](CC=CC=CC2:C:S(N=O):C(Br):C(Cl):S:2)C(Cl)C1[O][Na],472.9321604682894,7.990662459123797
8884,45,5,23,25,15,2795,14,6,19,8,CCNS1:C:C:C(=N):C(C=CC=CCC2([N+](=O)O):C:C:C(N=O):S(C(=O)[O][Na]):C:2):S:1Cl,472.88288399011236,10.558550439040381
5186,26,20,14,3,9,2505,13,2,6,22,CC1(C2:C:C:S(S(=O)(=O)O):C([N+](=O)O):C:2[SH](=O)=O)SC([O][Na])CC1C(=O)O,472.86663498093486,22.71527864247595
8979,45,19,12,20,13,6942,35,12,4,11,CCC1NC(O)C(C=CC=CC2:C:C([O][Na]):C(O):S:S:2C(=O)[O][Na])C1N,472.8520117299099,13.342521884661052
9687,49,20,26,12,7,8660,44,18,14,25,CCOC(=O)S1:C(C(=O)O):C(=N):C:C:N:1N=CC1(O)C(=O)NON1[O][Na],472.82977351941315,23.14878889473745
4154,21,21,6,19,18,6443,33,1,8,6,CN(C)C1(CNC2:C(C(=O)[O][Na]):S([N+](=O)O):C:C:S:2Br)C(N=O)SCC1[N+](=O)O,472.80873461270494,21.009420946362937
8888,45,2,8,15,4,2702,14,25,7,23,CCNC1:C:C(C=CC2:S:S([SH](=O)=O):C:C(N=O):C:2=C(C#N)C#N):C:S(=N):C:1OC,472.80790270414593,22.11747834383307
2674,14,15,16,11,14,5102,26,9,21,2,CCN(CC)S1(OC2:C:C(=C(C#N)C#N):S:C(CN(CC(=O)O)CC(=O)O):C:2N)CC(Br)CC1[SH](=O)=O,472.78098054151326,9.687293700459966
299,2,6,17,16,19,1667,9,20,24,6,CC(C)C1:C([N+](=O)O):C:C(C(=N)C2:C:C(CN(CC(=O)O)CC(=O)O):C:C(C(F)(F)F):C:2[N+](=O)O):O:C:1[O][Na],472.7781466100243,31.178165370821443
8992,45,6,1,5,20,5706,29,21,5,3,CC(C=CS1(Br)CCC(C)N1Cl)=CC1:S:S([N+](=O)O):C:C(N(C)C):C:1Cl,472.77790403682275,26.127135791718775
3027,16,24,20,16,18,8957,45,13,11,14,CC(=O)NS1(CNC2:N:C(C(C)C):C([O][Na]):N:C:2CN(CC(=O)O)CC(=O)O):C:C(C(=O)O):C(N):C:S:1,472.7668931330163,20.12928353250155
5903,30,18,19,16,11,9540,48,8,22,10,CCOC(=O)N1C(C#C[SH]2C[SH](N=O)C(S(=O)(=O)O)C2S(=O)(=O)[O][Na])CN(CN(CC(=O)O)CC(=O)O)C1C(=O)[O][Na],472.7494651942561,32.197299592210285
2541,13,8,8,8,8,9498,48,16,16,15,N#CC(C#N)=C1CSC(CN(CC(=O)O)CC(=O)O)[SH]1(=CC=C1:C:C(N=O):C(N=O):S:C:1N=O)CN(CC(=O)O)CC(=O)O,472.73935779855094,22.37794440007315
2382,12,11,26,6,15,6455,33,3,10,25,CC1(CC=CC=CC2:C:N(N):C:C(=O):C:2[N+](=O)O)C(=N)CSC1S(=O)(=O)[O][Na],472.7282199219514,36.89138064541072
9555,48,10,21,24,18,433,3,18,23,7,CCNC1:C:C(OC):C:N(CNC2(C(C)C)C[SH](Br)C[SH]2S(=O)(=O)[O][Na]):C:1C(=O)OCC,472.71916802848773,32.60687098006555
7274,37,5,22,23,11,2937,15,13,4,2,CCNC1(C#CC2:C:C:C([SH](=O)=O):C(CC):S:2NC(C)=O)C(Cl)COC1S(=O)(=O)O,472.69484205539567,24.703949191219717
8820,45,7,18,4,16,6597,33,3,14,8,CCOC(=O)C1:C:C(CC):C(C=CC=CC=CC2(C)C[SH](C(=O)O)CC2N=O):S(OC):S:1,472.69195441391895,26.136905386221326
928,5,19,7,15,7,1888,10,1,26,13,COC1:C:C(C(=O)[O][Na]):S:C(C=NC2(N(C)C):C:C:N(NC(C)=O):C(=O):C:2):C:1=C(C#N)C#N,472.643697649338,18.44778500043692
224,2,11,11,11,3,9497,48,9,25,18,CCOC(=O)C1C(=N)SC(N(CC)CC)[SH]1C=CC(=O)CC(=O)C=CC1:C:C(N):C(N):C:C:1N,472.63771581734943,20.879244435276043
6893,35,9,18,5,3,4713,24,23,17,1,CCNC1C(C(F)(F)F)CC(N(C)C)N1C=CC(=O)CC(=O)C=CC1C(Cl)NC(C(=O)OCC)C1N(CC)CC,472.5383907401958,11.114747006074278
5514,28,23,2,25,4,4531,23,5,10,20,CCNN1OC(C=CC2(Cl)CC([O][Na])CC2S(=O)(=O)[O][Na])C(=N)C1[SH](=O)=O,472.5212090258195,21.014799072808827
5005,26,10,3,6,8,7102,36,2,14,23,CCNC1C(=CC=C2SC(S(=O)(=O)[O][Na])C(C)C2[N+](=O)O)OC([SH](=O)=O)C1C(=O)O,472.4655409821372,19.76043181896983
272,2,21,10,8,3,7593,38,21,10,10,O=NC1:C:C:C(C=CC(=O)CC(=O)C=CC2(Br)SC(S(=O)(=O)[O][Na])CC2S(=O)(=O)[O][Na]):C(Br):C:1S(=O)(=O)[O][Na],472.4558816198867,18.18214117157042
1423,8,24,25,19,5,5764,29,9,17,21,CCN(CC)[SH]1(=NC2:C:C(C(C)C):O:C(=N):C:2C(=O)[O][Na])NCC(C(F)(F)F)C1Br,472.4305759431797,17.23797062796442
5906,30,8,20,19,4,5682,29,5,22,16,O=NN1CN([O][Na])C(C(=O)[O][Na])C1C=CS1(Cl)CC(CN(CC(=O)O)CC(=O)O)C(S(=O)(=O)O)N1,472.4104807419987,31.92812261284639
313,2,16,25,18,11,4621,24,22,15,25,CCOC(=O)C1:C(C#CN2C(=N)C(=C(C#N)C#N)CC2S(=O)(=O)O):C:C(CN(CC(=O)O)CC(=O)O):C:C:1=N,472.3974873235193,21.65042391483127
2520,13,17,5,11,1,6986,35,22,16,12,NC1:C(N=NC2(S(=O)(=O)O)C(O)CNC2CN(CC(=O)O)CC(=O)O):C(C(F)(F)F):C:C:S:1Cl,472.3872422556009,26.19227008771599
836,5,13,16,15,6,1656,9,25,8,23,CCNC1:C:C(=CC2:C:C(=C(C#N)C#N):C(CN(CC(=O)O)CC(=O)O):C(NC(C)=O):S:2):O:C(=N):C:1N=O,472.3796418473536,14.136416970226698
6771,34,16,13,3,2,1231,7,8,16,24,CC(=O)NC1CN(CN(CC(=O)O)CC(=O)O)CC1(C)C=CC(=O)C1(N=O):C:C(C(C)C):O:C:C:1CN(CC(=O)O)CC(=O)O,472.372947242027,27.342775911070035
7310,37,23,10,1,1,5167,26,19,19,16,CCNC1C(S(=O)(=O)[O][Na])OCC1(N=NS1(C(=O)[O][Na])CC(CN(CC(=O)O)CC(=O)O)CC1C(=O)[O][Na])N(C)C,472.3408747043935,22.917998029281843
2547,13,4,11,7,2,4480,23,14,25,15,CCC1:C(N):C:S:C(OC):C:1C=CC(=O)C1CC(C(=O)O)C(=N)C1=C(C#N)C#N,472.3380978187994,20.953485450623752
1102,6,19,22,11,12,6351,32,25,23,25,CCNN1C[SH](=N)(C#CC#CC2:B:C(C(=O)[O][Na]):C(S(=O)(=O)O):C:C:2N)CC1=N,472.33424371822184,12.753215855085564
2832,15,1,2,19,8,2792,14,25,11,19,CN(C)C1:S:C([SH](=O)=O):C:C(C(=O)[O][Na]):C:1=CC=C1:C:C(C(=O)[O][Na]):C:S(N):C:1=N,472.30214139931667,25.170096049950025
2761,14,26,13,26,17,832,5,25,8,11,CC(=O)NC1:S:C(=O):C:C(C=CC=CC=CC=CS2:C:C(N):C(N=O):C:C:2=N):C:1=O,472.2507091929392,28.00574702717938
4025,21,12,15,7,20,6797,34,24,17,9,CCN(CC)C1CC(C=CC(C)=CC2:C:S(OC):C:C(=C(C#N)C#N):S:2O)(C(C)C)NC1C(F)(F)F,472.23397702532645,14.74367522485199
261,2,13,11,24,16,1676,9,23,21,8,CCNC1(C=CC=CC=CC2:C:C:C(C(C)C):C(N):C:2NC(C)=O):C:C(N=O):C(Br):C:O:1,472.2180627526321,20.22214895993045
2341,12,4,8,9,2,4398,22,25,9,12,CCC1:N:C(N=O):C(N(CC)CC):C:C:1C=CC(=O)C1=C(O)C(N(CC)CC)=CC1=N,472.190710809239,9.47969377919397
8854,45,21,24,25,12,5802,30,22,4,22,CCN1CC(S(=O)(=O)O)N(C#CC#CC2:C:C(=N):C(C(C)C):S(Br):S:2)C1S(=O)(=O)O,472.1586172795645,21.240749055301517
9162,46,9,10,22,19,4419,23,25,25,25,CCN(CC)C1:N:C(S(=O)(=O)[O][Na]):C(S(=O)(=O)O):C(C(=N)C2CC(=N)C(=N)C2=N):O:1,472.14732454531975,26.305369882597347
3170,16,17,20,2,2,6553,33,25,20,17,N=C1C(C(=O)C=CC2:C:N:C([SH](=O)=O):C([O][Na]):N:2C(F)(F)F)C(C(F)(F)F)C[SH]1[O][Na],472.11270994965446,20.89392182835362
2250,12,4,1,23,9,7598,38,24,23,15,CCNC1:C:C(N(C)C):N:C(CC):C:1C1(C(C)C)CCC(=C(C#N)C#N)[SH]1NCC,472.0731455261165,12.86863030687397
8329,42,8,17,20,4,8404,43,22,15,9,CCN(CC)C1:C:N(C=CC2:C:C([O][Na]):C(C(F)(F)F):S(N=O):O:2):N:C(S(=O)(=O)O):C:1=C(C#N)C#N,472.0678439073755,18.35025671451615
4145,21,21,21,1,5,9411,48,10,14,23,CCNC1C(C(=O)O)[SH](S(=O)(=O)[O][Na])CS1=NC1:C:S(N(C)C):C(Br):C:S:1Br,471.9639718693421,26.407192961449113
3011,16,20,25,20,11,8803,45,9,21,13,CCN(CC)S1:C(Br):C:C(NC(C)=O):C:S:1C#CC1:N:C([O][Na]):C(=N):N:C:1[O][Na],471.95727290514895,27.166489182481207
4798,24,16,21,9,20,5239,27,12,14,12,CCN(CC)C1C(C=C(C)C=CN2C(O)CC(C(=O)O)N2O)NC(CN(CC(=O)O)CC(=O)O)C1Br,471.95561155145805,22.06152076964589
3911,20,21,26,13,16,7009,36,24,25,5,CC(=O)NC1:C(C=CC=CC=CC2(C(C)C)OC(=N)CC2Cl):O:C(Br):C:S:1=O,471.85179707619784,32.23792284661067
332,2,26,17,6,11,4394,22,15,14,19,N#CC(C#N)=C1C(C(=O)O)=CC(C(=O)[O][Na])=C1C#CC1:C([N+](=O)O):C:C:C(C(F)(F)F):C:1=O,471.8352119537443,29.60820416672216
213,2,2,6,16,11,57,1,8,25,2,N=C1C([SH](=O)=O)=CC(C#CC2:C:C([SH](=O)=O):C:C([N+](=O)O):C:2CN(CC(=O)O)CC(=O)O)=C1N=O,471.812309116899,19.501671400066325
6010,31,13,20,10,18,6798,34,1,22,19,CC(=O)NC1OC(NCC2(N(C)C)NCC(S(=O)(=O)O)C2C(=O)[O][Na])C(S(=O)(=O)[O][Na])N1[O][Na],471.80945933908725,18.246777770328347
5660,29,4,16,23,9,6876,35,13,17,18,CCNC1C(CN(CC(=O)O)CC(=O)O)N(CC)SC1C1(NC(C)=O)CN(C(F)(F)F)CC1C(=O)OCC,471.77368411166935,18.194651395638594
1827,10,25,16,4,16,1734,9,18,8,17,CCOC(=O)C1:O:C(C=CC=CC=CC2:C(CC):N(CN(CC(=O)O)CC(=O)O):C:C:C:2=N):C:C(C(F)(F)F):C:1N=O,471.77027181588767,14.807978863797738
6788,34,24,16,4,13,2258,12,23,9,2,CCNC1:N:C(C=CC=CC2CN(C(C)C)C(CN(CC(=O)O)CC(=O)O)C2CC):C:C([SH](=O)=O):C:1N(CC)CC,471.76910233012876,11.558016152494151
4878,25,26,10,11,4,5246,27,10,20,25,N=C1CN(C=CC2(N)OC(=O)CC2S(=O)(=O)[O][Na])N(S(=O)(=O)[O][Na])C1[O][Na],471.7582066069719,20.19653184891167
5716,29,20,20,25,12,7471,38,13,22,25,CC(=O)NC1(C#CC#CC2C(=N)C([O][Na])N[SH]2[O][Na])C(=N)CC[SH]1S(=O)(=O)O,471.7187159868175,21.473255648830932
3434,18,13,13,12,11,2970,15,14,2,20,CC(=O)NC1:C:N:C(C#CC2(C(=O)O):C:C:C([O][Na]):C([SH](=O)=O):S:2):C(O):S:1NC(C)=O,471.652600419295,28.95997659479228
4763,24,16,11,22,8,987,5,21,23,6,CCNC1:C([N+](=O)O):C:C:S(=CC=C2NC(CN(CC(=O)O)CC(=O)O)C(N)C2S(=O)(=O)O):C:1Br,471.6448950942307,8.642361699614417
9307,47,16,5,10,10,7347,37,23,11,13,CCNC1OC(N)C(NC(C)=O)C1=C1:O:C(CN(CC(=O)O)CC(=O)O):S(Cl):C:C:1S(=O)(=O)[O][Na],471.61672606109533,27.736053816419584
1416,8,1,1,2,15,5758,29,12,13,5,CC(=O)NC1CC(Cl)S(O)(CC=CC=CC2:C:C([SH](=O)=O):O:C(N(C)C):C:2N(C)C)N1,471.60621992173265,22.753151862919747
2343,12,9,6,9,14,4436,23,18,21,5,CCOC(=O)C1(OC2:C(N(CC)CC):N:C:C([N+](=O)O):C:2N(CC)CC)CCC(Cl)C1Br,471.5579660649255,11.229864707296167
408,3,19,25,19,19,1231,7,8,16,24,CC(C)C1:C:C(N=O)(C(=N)C2:N:C(C(=O)[O][Na]):C(=N):C:C:2C(=O)[O][Na]):C(CN(CC(=O)O)CC(=O)O):C:O:1,471.5089790507339,26.340228808458278
2388,12,6,4,2,17,8583,43,11,17,16,CCN1:C:C:C([SH](=O)=O):C(C=CC=CC=CC=CN2:C:C(CN(CC(=O)O)CC(=O)O):C:C(C(F)(F)F):N:2N):C:1[N+](=O)O,471.5066580069013,28.39162821042934
320,2,12,26,6,20,259,2,21,19,8,CC(C=CC1:C:C(Br):C(C(=O)[O][Na]):C(N=O):C:1)=CC1:C:C:C([N+](=O)O):C(=O):C:1O,471.5000433774268,24.89841512908929
6817,35,19,17,3,2,1076,6,10,18,5,CCOC(=O)C1:C:C(S(=O)(=O)[O][Na]):B(C(=O)C=CC2(C)CC(C(=O)[O][Na])N(C(F)(F)F)C2):C:C:1Cl,471.4767496089347,16.585046512572546
4091,21,10,11,10,4,8445,43,2,17,4,CCC1:C:N(C=CC2:S:C(S(=O)(=O)[O][Na]):C:S(N):C:2S(=O)(=O)[O][Na]):N([SH](=O)=O):C:C:1C(F)(F)F,471.4598200708677,13.916689161681843
288,2,17,10,7,2,7475,38,19,22,25,COC1:C(C=CC(=O)C2(C(=O)[O][Na])CCC(=N)[SH]2S(=O)(=O)O):C:C:C(C(F)(F)F):C:1S(=O)(=O)[O][Na],471.4020124441432,14.704395409271248
1537,8,1,13,1,15,1944,10,16,21,12,CC(=O)NC1:O:C(N(C)C):C:C(C=CC=CCC2(CN(CC(=O)O)CC(=O)O):C:C:N(Br):C(O):C:2):C:1N(C)C,471.3808122174323,16.91575671038984
8541,43,7,19,7,8,8957,45,13,11,14,COC1:C(C(=O)[O][Na]):C:N:N(OC):C:1=CC=S1(NC(C)=O):C:C(C(=O)O):C(N):C:S:1,471.35804549440155,31.638784372657355
6255,32,18,2,21,2,2638,14,6,10,23,CCNC1:C:C(C(=O)C=CC2C(Br)N([SH](=O)=O)C[SH]2C(=O)OCC):C([N+](=O)O):S:C:1S(=O)(=O)[O][Na],471.3442930096553,14.085412855563792
2119,11,21,24,14,20,6505,33,21,25,13,CC(=O)NC1C(=N)SCC1(Br)C=CC(C)=CC1:C(C(=O)O):C:N:C(C(C)C):C:1Br,471.3433276804095,22.691993440499775
3874,20,10,23,8,12,2359,12,17,8,7,CCNC1:S:C(N=O):C(C#CC#CC2:C:C(OC):C(N=O):C:N:2C(F)(F)F):O:C:1S(=O)(=O)[O][Na],471.32818651277904,19.20049126635031
651,4,25,7,24,3,6536,33,8,2,10,COC1:C:C(C(C)C):C(C=CC(=O)CC(=O)C=CC2C(N=O)[SH]([SH](=O)=O)CC2S(=O)(=O)[O][Na]):O:C:1=N,471.32032998719177,25.393376274727235
1064,6,3,23,2,12,8926,45,1,16,24,CCNC1:C:C([SH](=O)=O):C(C#CC#CS2(N(C)C):C:C:C:C(C(C)C):S:2CN(CC(=O)O)CC(=O)O):B:C:1C,471.3171081097272,25.4744036745987
6186,31,1,19,18,5,9487,48,18,21,20,CCOC(=O)C1(N=[SH]2(C(=O)OCC)C([O][Na])CSC2Br)OC(N(C)C)NC1C(=O)[O][Na],471.3150462026189,24.345706271997983
2836,15,25,22,9,12,1741,9,5,17,13,CCN(CC)C1:C(C#CC#CC2(Cl):C:C(NC(C)=O):C:C(C(F)(F)F):O:2):C:S:C(=N):C:1S(=O)(=O)O,471.2303417011475,9.954050040612966
6536,33,8,2,10,14,1759,9,20,7,20,COC1:C:C([O][Na]):C:C([O][Na])(OC2(S(=O)(=O)[O][Na])CC(N=O)[SH]([SH](=O)=O)C2):O:1,471.1822114325443,18.465603324417295
3485,18,18,25,5,16,1404,8,22,2,20,CCOC(=O)N1:C(C=CC=CC=CC2(S(=O)(=O)O):C:C([O][Na]):C:O:C:2[SH](=O)=O):C(Cl):S:C:C:1=N,471.1817427284592,21.18244984850719
2693,14,16,16,17,12,376,2,21,9,2,CCN(CC)C1:C:C(Br):C(C#CC#CC2:C(CN(CC(=O)O)CC(=O)O):C:S(CN(CC(=O)O)CC(=O)O):C:C:2C(F)(F)F):C:C:1[SH](=O)=O,471.16550910860605,13.331165314373486
2139,11,2,19,11,4,2202,12,16,22,4,CCC1:C:C(C=CC2:C(N):C:N(C(=O)[O][Na]):C:C:2[SH](=O)=O):N(CN(CC(=O)O)CC(=O)O):C(S(=O)(=O)O):C:1,471.1618228162959,27.528011084591572
266,2,22,22,13,4,2419,13,9,11,22,CCN(CC)C1:C(C=CC2:C:C(NC(C)=O):C:C(S(=O)(=O)O):C:2S(=O)(=O)O):C:C(S(=O)(=O)O):S:C:1N,471.14630903554814,16.24490626450663
1076,6,10,18,5,11,2453,13,19,18,15,CCOC(=O)C1:C:C(S(=O)(=O)[O][Na]):B:C(C#CC2(C(=O)[O][Na]):C:C(=C(C#N)C#N):S:C:C:2C(=O)OCC):C:1Cl,471.1143485412922,17.957765665306795
1689,9,22,25,25,2,4516,23,16,12,25,N=C1CC(C(=O)C=CC2:C:C(=N):C(=N):O:C:2S(=O)(=O)O)C(CN(CC(=O)O)CC(=O)O)C1O,471.10921738562956,16.764370141794654
2689,14,18,16,22,2,5177,26,7,16,7,CCOC(=O)C1:C:S(CN(CC(=O)O)CC(=O)O):C(S(=O)(=O)O):C:C:1C=CC(=O)S1(OC)CC(CN(CC(=O)O)CC(=O)O)CC1OC,471.1036206618672,21.874235964412765
658,4,11,19,22,11,6257,32,7,15,24,COS1(C#CC2:O:C(N):C(C(=O)[O][Na]):C:C:2S(=O)(=O)O)C(=C(C#N)C#N)NCC1C(C)C,471.09755929694154,20.918495892906428
3075,16,9,23,11,16,395,2,14,11,18,CCNC1:C(N(CC)CC):N:C(C=CC=CC=CC2:C:C(C(=O)OCC):C(N):C:C:2C(=O)O):C:N:1N,471.04310092549315,26.147556580789836
1131,6,9,17,6,2,5707,29,25,1,19,CCN(CC)C1:B:C(C=CC(=O)[SH]2(=N)NC(N(C)C)CC2C(=O)[O][Na]):C([N+](=O)O):C(C(F)(F)F):C:1,470.98492463196715,14.446171113739663
8670,44,17,9,6,15,6401,33,3,9,15,CCN(CC)C1:C(C(F)(F)F):S:N:C(C=CC=CCC2(C)CC(=C(C#N)C#N)[SH](N(CC)CC)C2):C:1[N+](=O)O,470.9808046783893,21.5644370811046
495,3,23,1,14,8,4108,21,17,24,12,CCNN1:C:C:C(N(C)C):C(C(=O)O):C:1=CC=S1(C(F)(F)F):C:C:S(C(C)C):C(O):C:1,470.9787991784303,12.206619385315477
595,3,5,19,17,11,6450,33,18,20,1,CCOC(=O)C1C(C#CC2:C(C(F)(F)F):C:C(C(=O)[O][Na]):C:N:2Cl)CC(N(C)C)[SH]1[O][Na],470.9745134059498,16.53490147708926
2694,14,24,7,26,20,7486,38,8,9,12,CCN(CC)[SH]1CC(O)CC1(C=CC(C)=CC1:C:C(C(C)C):S(OC):C(=O):C:1)N=O,470.9662262173978,23.387804566617177
2904,15,5,6,10,19,8610,44,2,18,16,CCOC(=O)C1:C(CN(CC(=O)O)CC(=O)O):C:C:N(C(=N)C2:C(Cl):S:C:C([N+](=O)O):C:2S(=O)(=O)[O][Na]):S:1[SH](=O)=O,470.9030429456924,36.5218739972478
4112,21,25,24,16,4,6987,35,4,16,12,CCC1C(C=CC2:S:C(=N):C(C(C)C):S:C:2CN(CC(=O)O)CC(=O)O)C(O)CN1CN(CC(=O)O)CC(=O)O,470.8998214996407,23.091897111390693
565,3,17,22,6,15,4637,24,20,22,6,O=[N+](O)C1:C(S(=O)(=O)O):C:C(C(F)(F)F):N:C:1C=CC=CCN1CC([O][Na])C(S(=O)(=O)O)C1[N+](=O)O,470.88370708907576,20.767328845216923
7485,38,14,16,12,15,8824,45,14,16,26,O=C(O)CN(CC(=O)O)CC1:C:C(=O):C:S(CC=CC=CC2C(O)C[SH](CN(CC(=O)O)CC(=O)O)C2C(=O)O):S:1C(=O)O,470.7971865916861,29.457865017972477
3576,18,22,3,8,1,4056,21,17,9,12,CCN(CC)C1:C(C(F)(F)F):S(N=NC2:N:C:C(S(=O)(=O)O):S(C):C:2N=O):C:C:S:1O,470.7628759660259,14.95001738997057
7442,38,6,18,1,14,4591,23,10,10,26,CCOC(=O)[SH]1CC(N(C)C)C(OC2(S(=O)(=O)[O][Na])CCC(=O)C2S(=O)(=O)[O][Na])C1[N+](=O)O,470.66437250930375,28.467746887182276
2241,12,15,6,18,14,1847,10,23,22,10,CCNC1(OC2:C:C(C(=O)OCC):C([N+](=O)O):N:C:2=C(C#N)C#N):C:C:N(S(=O)(=O)[O][Na]):C:C:1S(=O)(=O)O,470.6265848776188,31.055247256264575
389,2,22,1,19,6,8827,45,7,19,25,COS1:C(C(=O)[O][Na]):C(=N):C:C:S:1=CC1:C:C(C(=O)[O][Na]):C:C(N(C)C):C:1S(=O)(=O)O,470.6251379696975,18.62841529993765
6261,32,13,23,16,2,7477,38,2,23,11,CCNC1CSC(C(=O)C=CC2(CN(CC(=O)O)CC(=O)O)CNC(NCC)[SH]2NC(C)=O)([SH](=O)=O)C1N,470.6142195110753,33.971735670925746
5378,27,21,24,19,11,6471,33,6,12,2,CC(C)C1C(C(=O)[O][Na])C(C#CC2([N+](=O)O)CC([SH](=O)=O)[SH](O)C2)NN1Br,470.568475110498,20.1143566655916
2669,14,16,18,25,9,1463,8,9,20,5,CCOC(=O)S1:C(CN(CC(=O)O)CC(=O)O):C:C(C2(N(CC)CC):C:O:C([O][Na]):C(Cl):C:2):C:C:1=N,470.5308113403993,17.362047525584682
2733,14,13,21,8,20,2078,11,1,12,21,CC(=O)NS1:C:C:C(C=C(C)C=CC2(N(C)C):C:C:C(Br):N:C:2O):C(N=O):C:1Br,470.46753653415334,21.109709891801476
6369,32,23,14,2,15,5191,26,16,3,24,CCNC1SC(C=CC=CC[SH]2C(C(C)C)CC(C)C2CN(CC(=O)O)CC(=O)O)([SH](=O)=O)CN1C(=O)O,470.4638232023889,14.166306851821721
2038,11,10,22,19,12,2293,12,8,14,6,O=NC1(C#CC#CC2:C(S(=O)(=O)[O][Na]):C:N:C(S(=O)(=O)O):C:2C(=O)[O][Na]):C:C:C:C([N+](=O)O):N:1C(=O)O,470.4602482199093,19.82621185092355
5582,28,5,19,13,19,6273,32,1,22,25,CC(=O)NC1(C(=N)[SH]2C(=N)C(S(=O)(=O)O)NC2N(C)C)ON(Cl)CC1C(=O)[O][Na],470.4222640102761,27.35299696430719
506,3,11,15,1,18,7486,38,8,9,12,CCN(CC)[SH]1CC(O)CC1(CNC1:C(N(C)C):C:C:C(=C(C#N)C#N):N:1N)N=O,470.39904050627166,26.739463129389968
8256,42,18,19,9,1,2096,11,23,9,8,CCNC1(N=NC2:O:S(C(=O)OCC):C:C(C(=O)[O][Na]):C:2N(CC)CC):C:C:C(N=O):N(N(CC)CC):C:1,470.3922671441598,28.490389963033607
4856,25,11,10,22,4,5096,26,9,6,2,CCN(CC)S1(C=CC2(S(=O)(=O)O)CC(S(=O)(=O)[O][Na])C(N)O2)C([N+](=O)O)CCC1[SH](=O)=O,470.3878705616721,27.737937326962154
6525,33,26,21,17,13,5652,29,7,8,7,COC1CCS(C=CC=CC2(C(F)(F)F)C[SH](Br)CC2=O)(OC)N1N=O,470.37246927319245,18.34018998408926
1032,6,6,16,18,4,370,2,24,20,16,CCOC(=O)C1:C:C(C=CC2:C:C(CN(CC(=O)O)CC(=O)O):C:C([O][Na]):C:2C(C)C):B:C([N+](=O)O):C:1CN(CC(=O)O)CC(=O)O,470.36316808166373,11.16577768245064
2865,15,22,26,11,17,7555,38,10,2,19,NC1:C:C(C=CC=CC=CC=CC2CC(C(=O)[O][Na])C([SH](=O)=O)[SH]2S(=O)(=O)[O][Na]):C:S(S(=O)(=O)O):C:1=O,470.3388298509143,25.003896298680896
6318,32,16,11,7,4,4036,21,24,22,23,CCNS1:C:C:S(C=CC2C(OC)NC(N)[SH]2CN(CC(=O)O)CC(=O)O):C(C(C)C):C:1S(=O)(=O)O,470.3077496489685,13.06909490693681
5779,29,1,11,20,18,2602,14,7,14,13,COC1:C(CNC2([O][Na])CCN(N)[SH]2N(C)C):C:C:C(NC(C)=O):S:1C(=O)O,470.27721110752253,21.23538607033232
2425,13,7,8,7,13,9402,48,25,19,11,COC1:S:C:C(N=O):C(OC):C:1C=CC=C[SH]1(=N)CC(N)[SH](C(=O)[O][Na])C1,470.2374890266468,26.957738391477488
5759,29,17,11,20,2,1172,6,10,8,22,NC1CC(C=CC(=O)B2:C:C(S(=O)(=O)O):C:C(N=O):C:2S(=O)(=O)[O][Na])([O][Na])SN1C(F)(F)F,470.2038147451716,21.616652130939844
6374,32,10,12,23,5,6293,32,8,21,12,CCNC1NC(O)[SH](S(=O)(=O)[O][Na])C1N=S1CN(N=O)C(Br)C1O,470.19294463283194,23.747967851106047
1675,9,23,2,25,2,2816,15,8,20,7,CCNC1:O:C([SH](=O)=O):C:C(=N):C:1C=CC(=O)C1(N=O):C:C:C(OC):C([O][Na]):S:1,470.1868234192996,22.727659517416487
1773,9,15,14,14,20,456,3,3,21,8,CC(C=CN1:C:C(N=O):C:C(Br):C:1C)=CC1:C:C(C(=O)O):C(C(=O)O):O:C:1=C(C#N)C#N,470.18350166343623,14.421585952542886
864,5,13,11,7,12,5189,26,15,15,3,COC1:C(N):C:C(NC(C)=O):S:C:1C#CC#C[SH]1C(=C(C#N)C#N)C(=C(C#N)C#N)CC1C,470.1665573443077,18.727273564022582
391,2,4,24,6,13,4071,21,5,2,10,CCC1:C(C=CC=CS2(Cl):C:C:S:C(S(=O)(=O)[O][Na]):C:2[SH](=O)=O):C:C:C([N+](=O)O):C:1C(C)C,470.16079352105163,7.104947100724452
6100,31,10,21,5,18,1946,10,18,13,15,CCOC(=O)C1(CNC2(Cl)CN(Br)C(S(=O)(=O)[O][Na])O2):C:C(=C(C#N)C#N):N:C:C:1NC(C)=O,470.15491283809996,24.13845728194186
6461,33,10,8,13,2,9547,48,2,14,19,CC(=O)NC1C(C=CC(=O)S2([SH](=O)=O)CC(C(=O)[O][Na])[SH](C(=O)O)C2)C(S(=O)(=O)[O][Na])C[SH]1N=O,470.1234987333677,32.30913550087602
5956,30,5,9,3,11,4047,21,13,4,14,CCC1:C(NC(C)=O):S(C#CC2NC(Cl)N(N(CC)CC)C2C):C:C:S:1C(=O)O,470.12264099111763,10.711871302636338
8451,43,23,9,19,10,4001,21,17,9,8,CCNN1:N:C(=S2:C:C(N=O):S(N(CC)CC):C(C(F)(F)F):C:2):C(C(=O)[O][Na]):C:C:1N(CC)CC,470.0817249027418,14.580016644563258
4403,23,18,26,5,3,7214,37,21,21,8,CCOC(=O)C1CCC(Cl)(C=CC(=O)CC(=O)C=CC2C(Br)OC(Br)C2N=O)C1=O,470.068865057253,18.290787712997464
5843,30,14,12,19,19,4369,22,26,19,4,CCC1=C(C(=N)C2NC(C(=O)O)N(O)C2C(=O)[O][Na])C(=O)C=C1C(=O)[O][Na],470.0252090219428,24.140217011752856
2347,12,19,12,10,12,1874,10,4,6,19,CCC1(C#CC#CC2:C:C(S(=O)(=O)[O][Na]):C(O):N:C:2C(=O)[O][Na]):C:C:N(C(=O)[O][Na]):C([N+](=O)O):C:1,470.01868662640146,15.294200012349359
2731,14,9,20,12,18,5175,26,25,8,17,CCN(CC)C1:C(NC[SH]2CC(C(F)(F)F)C(N=O)C2=N):C:C(O):S:C:1[O][Na],469.986942318381,22.170236929313784
1842,10,22,14,13,16,388,2,21,15,11,CC(=O)NN1:C:C(C=CC=CC=CC2(Br):C:C:C:C(N):C:2=C(C#N)C#N):C:C(S(=O)(=O)O):C:1C(=O)O,469.9467246301464,26.85175469939705
6456,33,19,19,14,11,2128,11,3,1,1,CN(C)C1:C:C:C(C)(C#CC2C(C(=O)O)SC(C(=O)[O][Na])C2C(=O)[O][Na]):C:N:1N(C)C,469.93316024134185,22.280141567062618
1591,8,3,1,9,13,6678,34,16,1,18,CCOC(=O)C1CCC(C=CC=CC2:C:C(C):O:C(N(C)C):C:2N(CC)CC)(CN(CC(=O)O)CC(=O)O)N1N(C)C,469.9197842084136,21.569759951512626
1912,10,1,9,5,19,6703,34,2,19,11,CCN(CC)C1:C:C(N(C)C):C(C(=N)C2([SH](=O)=O)NC(C(=O)[O][Na])CC2N):C(Cl):N:1,469.91494259124556,12.820125528568129
9211,47,18,6,8,13,5744,29,11,16,11,CCOC(=O)C1:O:C(C=CC=CS2(N)CC(N)C(CN(CC(=O)O)CC(=O)O)N2):C:C(N=O):S:1[N+](=O)O,469.9142049690983,35.613722558178246
6015,31,13,22,20,1,4039,21,5,3,23,CCNC1:C:S(N=NC2OC(NC(C)=O)N(S(=O)(=O)O)C2[O][Na]):C(Cl):C:S:1C,469.9120604534287,18.01075794985287
6514,33,3,25,4,11,298,2,10,15,12,CCC1(C#CC2:C:C:C(O):C(=C(C#N)C#N):C:2S(=O)(=O)[O][Na])C(=N)SCC1C,469.90220467614256,33.19108477432683
1258,7,22,14,22,8,5717,29,7,9,9,CCN(CC)C1CN(N(CC)CC)[SH](=CC=C2:C:O:C(S(=O)(=O)O):C(C(=O)O):C:2S(=O)(=O)O)(OC)C1,469.8939332828862,20.469253939259506
6574,33,18,23,17,9,9589,48,8,24,10,CCN[SH]1CC(C(F)(F)F)(S2(N=O)C[SH](C(C)C)CC2S(=O)(=O)[O][Na])CC1C(=O)OCC,469.882265620419,18.94660934382246
1216,7,10,24,18,14,2419,13,9,11,22,CCOC(=O)C1:O:C(C(C)C):C:C(S(=O)(=O)[O][Na]):C:1OC1:C:C(S(=O)(=O)O):S:C(N):C:1N(CC)CC,469.86618227336623,25.015424376316577
2847,15,24,18,10,14,2971,15,18,12,15,CCOC(=O)C1:C(S(=O)(=O)[O][Na]):C:C(OC2:C:C(=C(C#N)C#N):C:C(O):S:2C(=O)OCC):C:S:1C(C)C,469.8642317511819,17.93470425620168
5512,28,20,19,12,1,4669,24,8,17,5,O=NC1CC(C(F)(F)F)C(Cl)N1N=NC1ON([O][Na])C(C(=O)[O][Na])C1O,469.8634306500868,22.706751133602893
8690,44,15,9,2,13,355,2,13,13,8,CCN(CC)C1:C:S(=C(C#N)C#N):N:C(C=CC=CC2(NC(C)=O):C:C:C(NC(C)=O):C(N=O):C:2):C:1[SH](=O)=O,469.8141331610521,15.249231125102055
6122,31,24,12,9,15,4119,21,22,11,15,CCN(CC)C1(C=CC=CCS2(S(=O)(=O)O):C:C(N):S:C(=C(C#N)C#N):C:2)OCN(C(C)C)C1O,469.789156543712,42.416753387701874
395,2,14,11,18,16,2973,15,18,26,14,CCOC(=O)C1:C(N):C:C(C(=O)O):C:C:1C=CC=CC=CC1(C(=O)OCC):C:C(C(=O)O):C:C(=O):S:1,469.7720592171351,11.904269275546767
5621,29,13,11,14,1,83,1,15,6,3,CC(=O)N[SH]1NC(N)C(C(=O)O)C1N=NC1=CC(C)=C([N+](=O)O)C1=C(C#N)C#N,469.7704568385781,17.133876714523584
7134,36,2,20,19,14,6705,34,8,10,6,O=NN1CC(S(=O)(=O)[O][Na])C([N+](=O)O)C1OC1(C(=O)[O][Na])CC([O][Na])OC1[SH](=O)=O,469.7163436773835,26.25432148705117
2149,11,25,25,10,9,5110,26,4,1,19,CCS1(C2:C:C:N(S(=O)(=O)[O][Na]):C(=N):C:2=N)CCC(N(C)C)C1C(=O)[O][Na],469.7035032922916,20.7671977574891
5309,27,22,23,18,18,2281,12,20,10,23,CCNC1:C:C(CNC2(C(=O)OCC)CCN(NCC)N2S(=O)(=O)O):N([O][Na]):C:C:1S(=O)(=O)[O][Na],469.6786108198615,13.621495751920168
5650,29,6,24,7,18,6934,35,7,24,5,COC1(CNC2(OC)CCN(C(C)C)[SH]2[N+](=O)O)CCN(Cl)C1C(C)C,469.65520194042165,8.242211062332473
1818,10,9,23,2,16,978,5,17,12,24,CCNC1:N:C([SH](=O)=O):C(C=CC=CC=CS2(C(F)(F)F):C:C:C:C(C(C)C):C:2O):C:C:1N(CC)CC,469.59775463852094,24.75149630111643
1182,6,1,3,23,16,1873,10,21,4,25,CCNC1:C:C(C):B(N(C)C):C(C=CC=CC=CC2(Br):C:C:N(CC):C(=N):C:2):C:1,469.59465435940336,18.893737520469767
8473,43,3,4,11,1,3019,16,25,16,20,CCC1:N:N(C):C(N=NN2:C:C([O][Na]):N:C(CN(CC(=O)O)CC(=O)O):C:2=N):C:C:1N,469.5619475244022,30.38513981958836
569,3,13,11,26,15,7013,36,5,22,10,CC(=O)NN1:C(N):C:C:C(=O):C:1C=CC=CCC1(Cl)CC(S(=O)(=O)[O][Na])C(S(=O)(=O)O)O1,469.51231749858323,39.08805830005316
3528,18,12,2,17,14,5668,29,10,24,9,CCN(CC)C1CN(C(C)C)S(OC2:C(C(F)(F)F):S([SH](=O)=O):C:C:N:2O)(S(=O)(=O)[O][Na])C1,469.49530903462556,21.09580501848697
4004,21,10,16,8,14,5054,26,15,24,24,CC(C)C1CC(C(C)C)[SH](OC2:S:C:C(S(=O)(=O)[O][Na]):S(CN(CC(=O)O)CC(=O)O):C:2N=O)(=C(C#N)C#N)C1,469.4924520369702,29.16419583850875
5005,26,10,3,6,12,8956,45,5,25,9,CCN(CC)C1:C:C(=N):S:S(Cl)(C#CC#CC2SC(S(=O)(=O)[O][Na])C(C)C2[N+](=O)O):C:1,469.4177947721523,21.335165585774085
8443,43,2,18,15,9,328,2,1,10,11,CCOC(=O)C1:C:N:N([SH](=O)=O):C(C2(N(C)C):C:C:C(S(=O)(=O)[O][Na]):C(N):C:2):C:1=C(C#N)C#N,469.4002886519867,30.273582234009453
6673,34,10,12,13,1,6608,34,3,6,2,CC(=O)NC1(N=NC2(C)CC([SH](=O)=O)CN2[N+](=O)O)C(O)CNC1S(=O)(=O)[O][Na],469.3369204287034,18.21833346833681
1775,9,21,9,9,12,5746,29,3,20,12,CCN(CC)C1:C:C(N(CC)CC):C(C#CC#C[SH]2CC(O)C([O][Na])N2C):C(Br):O:1,469.3169915682236,17.001601374962707
2642,14,21,11,5,16,2087,11,14,8,15,N#CC(C#N)=C1:C:N:C(N=O):C(C=CC=CC=CC2:C:C(Cl):S:C(N):C:2Br)(C(=O)O):C:1,469.30407787588365,21.39585164410929
4154,21,21,6,19,11,6392,32,7,13,11,COC1NC(NC(C)=O)C(N)[SH]1C#CC1:C(C(=O)[O][Na]):S([N+](=O)O):C:C:S:1Br,469.29550406618864,21.60276542357379
9438,48,3,10,3,18,5232,27,20,1,6,CC1SC(S(=O)(=O)[O][Na])[SH](C)C1NCN1C([N+](=O)O)C(N(C)C)CN1[O][Na],469.2482723953746,21.594542490322116
2719,14,23,8,9,9,4190,21,19,26,13,CCNC1:C(N=O):S:C:C(N(CC)CC):C:1S1:C:C(NC(C)=O):S:C(=O):C:1C(=O)[O][Na],469.23875780664764,22.008559855601256
8966,45,23,1,20,19,4669,24,8,17,5,CCNS1:S:C(C(=N)N2C(N=O)CC(C(F)(F)F)C2Cl):C([O][Na]):C:C:1N(C)C,469.20762645338465,33.99118103249822
1147,6,16,15,9,10,2055,11,3,23,2,CCNC1:N:C(C):C(=C2:B(CN(CC(=O)O)CC(=O)O):C:C:C(=C(C#N)C#N):C:2N(CC)CC):C:C:1[SH](=O)=O,469.17040284436126,22.081502600957773
2459,13,18,14,18,6,246,2,23,22,19,CCNC1:C(S(=O)(=O)O):C:C(C(=O)[O][Na]):C:C:1=CC1:C:C(C(=O)OCC):C:S(C(=O)O):C:1C(=O)OCC,469.164379932033,19.449958367792743
2923,15,12,21,24,17,953,5,6,25,8,CC(C)C1:C:C(Br):S(O):C:C:1C=CC=CC=CC=CS1:C:C:C(N=O):C(=N):C:1[N+](=O)O,469.1330613723211,22.239572389163794
1855,10,14,12,18,13,6597,33,3,14,8,CCOC(=O)C1:N:C(O):C:C(C(=O)O):C:1C=CC=CC1(C)C[SH](C(=O)O)CC1N=O,469.0894913104272,30.63018978377424
3435,18,21,14,5,4,2946,15,8,15,5,N#CC(C#N)=C1:S:C(C=CC2:C(Cl):S:C:C(C(=O)O):N:2Br)(N=O):C:C:C:1Cl,469.0239603033233,39.38958602873048
4555,23,8,23,13,12,297,2,10,21,23,CCNC1:C:C(C#CC#CC2(NC(C)=O)C(N=O)CCC2NCC)(S(=O)(=O)[O][Na]):C:C:C:1Br,469.0093724304147,25.945909524107122
1355,7,5,2,5,8,6269,32,22,18,15,CCOC(=O)C1NCC(=C(C#N)C#N)[SH]1(=CC=C1:C(Cl):O:C:C([SH](=O)=O):C:1Cl)S(=O)(=O)O,468.9828732028662,31.35209036574224
3564,18,8,23,18,2,6670,34,2,25,24,CCNS1:C:C(N=O):N:C(C=CC(=O)C2CC(C(C)C)C(=N)N2[SH](=O)=O):C:1C(=O)OCC,468.93899331700476,26.919796991701432
4053,21,15,14,18,14,6566,33,22,1,22,CCOC(=O)C1:C(OC2(S(=O)(=O)O)CC(S(=O)(=O)O)SC2N(C)C):S:C(=C(C#N)C#N):C:S:1C(=O)O,468.91064783667815,13.905781143627753
8697,44,10,14,11,12,5110,26,4,1,19,CCS1(C#CC#CC2:C:C(N):C:S(C(=O)O):N:2S(=O)(=O)[O][Na])CCC(N(C)C)C1C(=O)[O][Na],468.89577365146704,20.02670946094552
164,1,23,11,26,16,1032,6,6,16,18,CCNC1=C(N)C(=O)C=C1C=CC=CC=CB1:C:C:C(C(=O)OCC):C(CN(CC(=O)O)CC(=O)O):C:1[N+](=O)O,468.894181990629,19.47612350339415
5597,28,2,12,14,5,9504,48,19,15,13,CC(=O)NC1C(=C(C#N)C#N)SC(C(=O)[O][Na])S1=NC1(C(=O)O)ON([SH](=O)=O)CC1O,468.87405759732354,34.209557248835566
8419,43,18,13,1,1,2261,12,14,9,2,CCOC(=O)N1:C(N=NC2(C(=O)O):C:C:C([SH](=O)=O):C:N:2N(CC)CC):C(N(C)C):C:C:N:1NC(C)=O,468.81109586664223,7.389660735354843
5144,26,4,10,12,6,4195,21,18,24,20,CCOC(=O)C1:C(C(C)C):S([O][Na]):C:C:S:1=CC1(O)C(S(=O)(=O)[O][Na])CC[SH]1CC,468.8013790159315,26.540305961369725
4762,24,24,11,5,11,4637,24,20,22,6,CC(C)N1C(N)CCC1(Cl)C#CN1CC([O][Na])C(S(=O)(=O)O)C1[N+](=O)O,468.7976800276821,17.255551772519148
6442,33,7,13,18,20,2208,12,21,1,17,CCOC(=O)C1(C=C(C)C=CC2:C:C:C(C(F)(F)F):C(N(C)C):N:2Br)C(OC)CSC1NC(C)=O,468.77643047613003,16.68652890433727
1018,6,13,24,14,18,8484,43,19,12,20,CC(=O)NB1:C(NCN2:C:C([O][Na]):C(O):C:N:2C(=O)[O][Na]):C:C:C(C(=O)O):C:1C(C)C,468.72116590004487,26.24527752210806
5282,27,21,2,16,6,5017,26,14,2,22,O=C(O)CN(CC(=O)O)CC1C(C=[SH]2(C(=O)O)CC(S(=O)(=O)O)CC2[SH](=O)=O)N(Br)NC1[SH](=O)=O,468.71581917374453,19.92076510401302
5862,30,16,16,10,4,1906,10,22,2,24,CC(C)C1:C:C(C=CC2(S(=O)(=O)[O][Na])CNC(CN(CC(=O)O)CC(=O)O)N2CN(CC(=O)O)CC(=O)O):C(S(=O)(=O)O):C([SH](=O)=O):N:1,468.6866905038305,21.847226545995657
936,5,25,11,2,4,1976,10,7,19,10,COC1:C:N(C(=O)[O][Na]):C(S(=O)(=O)[O][Na]):C:C:1C=CC1:S:C:C(=N):C(N):C:1[SH](=O)=O,468.66062286453655,28.281045869035506
9747,49,16,19,14,2,289,2,4,1,4,CCC1:C:C(CC)(C(=O)C=CC2(C(=O)O)CN(C(=O)[O][Na])ON2CN(CC(=O)O)CC(=O)O):C:C:C:1N(C)C,468.6273861139497,24.68211702281084
2904,15,5,6,10,7,3412,18,4,20,24,CCC1:C([O][Na]):S:C(C(C)C):C:N:1N=CC1:C(Cl):S:C:C([N+](=O)O):C:1S(=O)(=O)[O][Na],468.6189472092045,27.56517460664346
7571,38,15,13,14,6,900,5,4,12,10,CCC1:C:S(=CC2(C(=O)O)CC(NC(C)=O)SC2=C(C#N)C#N):C:C(S(=O)(=O)[O][Na]):C:1O,468.5663716393874,33.21146652130746
850,5,21,6,26,4,3313,17,17,23,10,CCNC1:O:C(S(=O)(=O)[O][Na]):C:N(C=CC2:C:C(=O):C([N+](=O)O):C(Br):S:2):C:1C(F)(F)F,468.56078584006536,24.94637140954129
5947,30,10,6,7,1,4119,21,22,11,15,CON1CC(N=NS2(S(=O)(=O)O):C:C(N):S:C(=C(C#N)C#N):C:2)N(S(=O)(=O)[O][Na])C1[N+](=O)O,468.5526537004769,20.08186808586949
4109,21,5,18,2,18,7496,38,14,26,19,CCOC(=O)S1:C:C:S(Cl):C(NCC2C(C(=O)[O][Na])C(=O)C[SH]2C(=O)O):C:1[SH](=O)=O,468.5492620655303,30.242921743401364
1938,10,8,24,19,1,6258,32,19,13,3,CC(=O)NC1N(C)CCS1(N=NC1:C:N(C(=O)[O][Na]):C:C(C(C)C):C:1N=O)C(=O)[O][Na],468.5399571580365,20.243218646642337
5661,29,21,3,6,11,6747,34,10,11,24,CC(C)C1CC(C#CC2([N+](=O)O)CCN(C)[SH]2Br)(S(=O)(=O)[O][Na])NC1N,468.5285888407983,16.163239452757644
9482,48,8,26,3,13,8853,45,14,1,19,CN(C)S1:C(C(=O)[O][Na]):C:C:C:S:1(C=CC=CC1(C)SC(N=O)SC1=O)C(=O)O,468.5262030955422,17.487925921914155
3414,18,1,11,1,2,3577,18,19,8,4,CCC1:C:N(C(=O)C=CC2:C:S(N(C)C):C(N):C:N:2N(C)C):C(C(=O)[O][Na]):C:S:1N=O,468.5076754465932,17.12646513766333
850,5,21,6,26,13,7551,38,1,23,2,CCNC1CC([SH](=O)=O)C(C=CC=CC2:C:C(=O):C([N+](=O)O):C(Br):S:2)(N(C)C)S1,468.4988418092078,23.235770966256904
3504,18,23,23,13,18,6362,32,19,20,6,CCNC1:N:C(NCS2(C(=O)[O][Na])CCN([N+](=O)O)C2[O][Na]):C(NC(C)=O):S:C:1NCC,468.4444882361751,19.748866244854078
9565,48,9,15,4,16,994,5,7,23,7,CCNC1:C:C:S(C=CC=CC=CC2SC(N(CC)CC)S(=C(C#N)C#N)C2CC)(OC):C:C:1OC,468.428079656342,19.377099628686647
5609,29,8,9,8,3,1319,7,22,7,25,CCN(CC)N1CCC(C=CC(=O)CC(=O)C=CC2(S(=O)(=O)O):C:C:O:C(=N):C:2OC)(N=O)[SH]1N=O,468.41994043453195,19.381190393207458
8475,43,10,1,18,2,4021,21,7,12,18,CCOC(=O)C1:C:S(OC)(C(=O)C=CC2:C:C(C(=O)OCC):C(N(C)C):N:N:2S(=O)(=O)[O][Na]):C(O):C:S:1,468.39038499579254,24.02642495950079
820,5,15,6,13,15,7224,37,24,26,23,CCNC1C(=O)OCC1(CC=CC=CC1:C(NC(C)=O):C([N+](=O)O):C:C:S:1=C(C#N)C#N)C(C)C,468.3807486466118,28.23489091044405
2196,11,1,15,2,9,6976,35,9,9,25,CCN(CC)C1NC(=N)CC1(C1:C:C([SH](=O)=O):N:C(=C(C#N)C#N):C:1N(C)C)N(CC)CC,468.3798160383888,21.763802034552786
990,5,15,21,25,18,3313,17,17,23,10,CCNC1:O:C(S(=O)(=O)[O][Na]):C:N(CNC2:C(=N):C:C(Br):C:S:2=C(C#N)C#N):C:1C(F)(F)F,468.369222559502,15.771910513401908
1179,6,19,12,20,11,2924,15,21,9,12,CCN(CC)C1:C:C(O):C:C(Br)(C#CC2:B:C(C(=O)[O][Na]):C:C(O):C:2[O][Na]):S:1,468.36841806830273,15.064975532760792
9325,47,26,4,3,14,2608,14,10,16,21,CCC1:S:C(=O):O:C(OC2:C:C(Br):C(CN(CC(=O)O)CC(=O)O):S:C:2S(=O)(=O)[O][Na]):C:1C,468.32061133096124,15.072184864328111
8790,44,18,26,6,4,2093,11,10,7,20,CCOC(=O)C1:S:N:C(C=CC2(S(=O)(=O)[O][Na]):C:C:C([O][Na]):N(OC):C:2):C([N+](=O)O):C:1=O,468.2983715703682,19.533307819384813
5094,26,6,20,25,12,6632,34,17,17,4,CCC1C(C#CC#CC2SC([N+](=O)O)C([O][Na])C2=N)N(C(F)(F)F)CC1C(F)(F)F,468.29711532123974,24.84611220539563
373,2,1,19,21,11,5612,29,24,14,11,CC(C)N1CC(C(=O)O)C(N)[SH]1C#CC1:C:C(N(C)C):C:C(C(=O)[O][Na]):C:1Br,468.21072478203405,13.715075497981282
1534,8,10,2,8,6,8831,45,10,16,18,CCOC(=O)C1:C:C:C:S(=CC2:C:C(S(=O)(=O)[O][Na]):O:C([SH](=O)=O):C:2N=O)(S(=O)(=O)[O][Na]):S:1CN(CC(=O)O)CC(=O)O,468.1393107209104,25.85318910523044
6172,31,24,21,10,14,2127,11,18,26,18,CCOC(=O)C1:C:C:C(OC2(S(=O)(=O)[O][Na])CN(Br)C(C(C)C)O2)(C(=O)OCC):C(=O):N:1,468.1322874506069,29.878100936750844
2666,14,6,7,21,2,211,2,19,24,25,COS1:C(Br):C:C(C=CC(=O)C2(C(=O)[O][Na]):C:C:C(C(C)C):C(=N):C:2):C:C:1[N+](=O)O,468.08900928947224,32.53237334762653
3751,19,23,7,21,7,6872,35,20,19,13,CCNC1:O:C(C=NC2([O][Na])C(NC(C)=O)CNC2C(=O)[O][Na]):C(Br):O:C:1OC,468.06020401529906,25.052956083386867
8465,43,19,12,23,4,2409,13,17,14,17,CCNC1:C:C(C=CC2(C(F)(F)F):C:C:S(C(F)(F)F):C:C:2C(=O)O):N:N(C(=O)[O][Na]):C:1O,468.0575930413203,28.311815991805457
1345,7,9,6,13,5,6258,32,19,13,3,CCN(CC)C1:C:C([N+](=O)O):O:C(NC(C)=O):C:1N=[SH]1(C(=O)[O][Na])CCN(C)C1NC(C)=O,468.0379073909522,24.027766731065647
2613,14,23,20,17,1,7452,38,9,20,2,CCNC1:C:C(N=NC2SC(N(CC)CC)C([O][Na])C2[SH](=O)=O):C(C(F)(F)F):C([O][Na]):S:1,468.0282359191835,22.127310690640158
3460,18,10,1,2,7,5731,29,22,2,19,CN(C)C1:C(S(=O)(=O)[O][Na]):N:C(C=NS2(S(=O)(=O)O)CC(C(=O)[O][Na])C([SH](=O)=O)N2):C:S:1[SH](=O)=O,468.00504358021425,33.63256510766374
1002,6,12,1,21,20,5106,26,14,2,2,CC(C=CS1(C(=O)O)CC([SH](=O)=O)C([SH](=O)=O)C1)=CC1:C:C(Br):C:C(N(C)C):B:1O,468.004509743317,19.891846011655492
7980,40,11,22,25,17,2503,13,22,2,10,N=C1:C(C=CC=CC=CC=CC2(S(=O)(=O)O):C:C:S(S(=O)(=O)[O][Na]):C([SH](=O)=O):C:2):O:O:C(N):C:1S(=O)(=O)O,467.9982216827351,15.795856469255558
8825,45,2,10,22,4,247,2,2,1,1,CN(C)C1:C:C:C(C=CC2:C(S(=O)(=O)O):C:C(S(=O)(=O)[O][Na]):S:S:2[SH](=O)=O)([SH](=O)=O):C(N(C)C):C:1,467.983807606387,14.799483497098675
3117,16,24,9,7,5,6447,33,3,13,19,CCN(CC)N1:C:C(C(C)C):N:C(N=C2C[SH](C)C(NC(C)=O)C2C(=O)[O][Na]):C:1OC,467.953778245963,19.844242446731677
6348,32,2,16,3,13,2717,14,14,19,16,CC1(C=CC=CC2(C(=O)O):C:C(CN(CC(=O)O)CC(=O)O):C:S(C(=O)[O][Na]):C:2)CNC(CN(CC(=O)O)CC(=O)O)[SH]1[SH](=O)=O,467.93180846426657,30.158718893676387
679,4,26,13,12,2,7554,38,22,10,14,CC(=O)NC1:C:C(O):C(C=CC(=O)C2SC(S(=O)(=O)O)C(S(=O)(=O)[O][Na])C2C(=O)O):O:C:1=O,467.87052738448773,28.546621360541806
4562,23,23,22,19,13,2068,11,5,26,5,CCNC1C(C=CC=CC2(Cl):C:C:C:N(Cl):C:2=O)C(C(=O)[O][Na])CC1S(=O)(=O)O,467.8699786371335,29.828103405414467
3364,17,11,2,10,17,8672,44,12,6,11,NC1:C:C:N(C=CC=CC=CC=CC2:C(S(=O)(=O)[O][Na]):O:C([SH](=O)=O):C:N:2N):S(O):C:1[N+](=O)O,467.86985333801823,23.178384584153395
5802,30,22,4,22,2,1639,9,17,23,19,CCNC1:C(C(=O)[O][Na]):C:C(C(=O)C=CC2(S(=O)(=O)O)CN(CC)C(S(=O)(=O)O)N2):O:C:1C(F)(F)F,467.8083033365245,25.386632832068095
5347,27,2,24,18,1,4547,23,11,10,22,CCOC(=O)C1(N=NC2CC(S(=O)(=O)O)C(S(=O)(=O)[O][Na])C2N)C(C(C)C)CNN1[SH](=O)=O,467.7826244745951,33.56341511466828
9594,48,6,17,22,19,814,5,6,3,15,CC1:C([N+](=O)O):C:S(C(=N)C2C(S(=O)(=O)O)[SH](C(F)(F)F)C[SH]2[N+](=O)O):C:C:1=C(C#N)C#N,467.76563558982224,26.66568104179971
6619,34,13,21,11,11,5348,27,24,7,10,COC1CN(C(C)C)N(C#CC2(N)CC(Br)NC2NC(C)=O)C1S(=O)(=O)[O][Na],467.7248463156958,15.312125995921193
8802,45,24,25,6,12,345,2,8,15,3,CC1:C:C(C#CC#CC2:C([N+](=O)O):C(=N):C:S:S:2C(C)C):C:C(N=O):C:1=C(C#N)C#N,467.70496924472684,15.689612224904891
9358,47,12,19,22,2,6686,34,24,13,15,CC(=O)NC1CNC(C(=O)C=CC2:O:C(O):S(C(=O)[O][Na]):C:C:2S(=O)(=O)O)(C(C)C)C1=C(C#N)C#N,467.6825445966715,30.221233918729823
5370,27,20,7,2,12,5771,29,14,21,7,COC1C[SH](C#CC#CC2C([SH](=O)=O)C(OC)NN2[O][Na])N(C(=O)O)C1Br,467.65554487054413,28.597759780603305
6320,32,25,4,14,2,1774,9,14,10,25,CCC1NCS(=N)C1(C=CC(=O)C1(C(=O)O):C:C:C(=N):C(S(=O)(=O)[O][Na]):O:1)C(=O)O,467.63680353619054,25.764681860555385
1341,7,25,22,10,5,2202,12,16,22,4,CCC1:C:C(S(=O)(=O)O):N(CN(CC(=O)O)CC(=O)O):C(=NC2:C(S(=O)(=O)[O][Na]):O:C:C(S(=O)(=O)O):C:2=N):C:1,467.6030570664428,15.773355043083951
2949,15,1,15,24,8,9446,48,4,1,21,CC[SH]1(=CC=C2:C(C(C)C):C:C:S(=C(C#N)C#N):C:2N(C)C)CC(Br)[SH](N(C)C)C1,467.60120022378504,20.90057758746635
3313,17,17,23,10,8,8888,45,2,8,15,CCNC1:O:C(S(=O)(=O)[O][Na]):C(=CC=S2:C:C(=C(C#N)C#N):C(N=O):C:S:2[SH](=O)=O):N:C:1C(F)(F)F,467.5715409352474,23.553108579505487
7166,36,17,5,18,19,5792,29,20,25,11,CCOC(=O)C1C(Cl)OC(C(F)(F)F)C1C(=N)[SH]1CC(N)C(=N)N1[O][Na],467.53982275503574,30.712948311009765
9730,49,10,17,11,5,6286,32,2,11,1,CN(C)C1CN(N)C[SH]1(=NC1(N)CN(C(F)(F)F)ON1S(=O)(=O)[O][Na])[SH](=O)=O,467.5286212676859,21.518914582094357
3350,17,22,25,15,9,4099,21,5,21,8,N#CC(C#N)=C1:O:C:C(S2:C:C:S(N=O):C(Br):C:2Cl):N(S(=O)(=O)O):C:1=N,467.4813262652298,22.610540310131917
8626,44,23,5,24,1,6322,32,8,25,14,CCNN1:S:C(Cl):C(C(C)C):C:C:1N=N[SH]1CN(N=O)C(=N)C1C(=O)O,467.4777921957731,24.266926793908414
9638,49,18,1,13,2,9459,48,5,13,3,CCOC(=O)N1ON(N(C)C)CC1(C=CC(=O)S1(Cl)CC(C)SC1NC(C)=O)NC(C)=O,467.4682212318855,27.49573410088309
9294,47,22,12,23,6,9526,48,19,24,23,CCNC1:C:S(O):C(S(=O)(=O)O):O:C:1C=[SH]1(C(=O)[O][Na])C[SH](C(C)C)CC1NCC,467.45128666290964,24.63171021372934
411,3,19,4,4,9,2670,14,15,7,7,CCC1:C:C:N(C(=O)[O][Na]):C(C2:C:C(OC):C:S(OC):C:2=C(C#N)C#N):C:1CC,467.4374831312869,16.781806553939028
3203,17,3,10,14,16,6819,35,1,4,26,CCC1NC(=O)CC1(C=CC=CC=CC1:N:C(C):C(S(=O)(=O)[O][Na]):O:C:1C(=O)O)N(C)C,467.4311078231318,27.956731147712848
7469,38,26,1,16,2,4006,21,19,12,6,CN(C)[SH]1C(=O)C(C=CC(=O)S2(C(=O)[O][Na]):C:C:S([N+](=O)O):C(O):C:2)CC1CN(CC(=O)O)CC(=O)O,467.40430745848033,31.639138287932624
5159,26,19,26,1,19,6703,34,2,19,11,CN(C)C1CC(C(=N)C2([SH](=O)=O)NC(C(=O)[O][Na])CC2N)[SH](C(=O)[O][Na])C1=O,467.39686745134475,24.827187511077003
412,3,18,9,12,13,2763,14,17,17,14,CCOC(=O)N1:C:C(N(CC)CC):C(O):C:C:1C=CC=CC1:C:C(C(=O)O):C(C(F)(F)F):S(C(F)(F)F):C:1,467.3692974481589,19.680889472042892
276,2,25,17,19,2,858,5,7,9,8,CCN(CC)C1:C:C:S(OC)(C(=O)C=CC2:C:C(C(=O)[O][Na]):C:C(C(F)(F)F):C:2=N):C:C:1N=O,467.35806675437107,14.894688344447092
2936,15,2,6,2,20,9562,48,4,7,13,CCS1(C=CC(C)=CC2:C([SH](=O)=O):S:C:C([N+](=O)O):C:2[SH](=O)=O)CC(NC(C)=O)[SH](OC)C1,467.32983585829163,29.77043418061098
1317,7,4,19,13,19,5230,27,4,10,4,CCC1:C(C(=O)[O][Na]):C:O:C(NC(C)=O):C:1C(=N)N1C(CC)C(S(=O)(=O)[O][Na])CN1CC,467.192589801006,21.643008371640178
6556,33,23,20,4,11,6662,34,2,20,11,CCNC1C([O][Na])SC(CC)C1C#CC1C(N)CC([O][Na])N1[SH](=O)=O,467.1888110381774,24.908382322550796
4604,24,23,16,22,13,827,5,18,21,2,CCNN1CCC(CN(CC(=O)O)CC(=O)O)C1(C=CC=CS1(C(=O)OCC):C:C([SH](=O)=O):C:C:C:1Br)S(=O)(=O)O,467.1620617504401,23.17271670494053
8324,42,2,1,24,12,7542,38,15,9,20,CCN(CC)C1CC([O][Na])C(C#CC#CC2:O:S([SH](=O)=O):C(N(C)C):C:C:2C(C)C)S1=C(C#N)C#N,467.14182758092045,22.835851633238367
2800,14,26,21,15,1,6512,33,10,19,4,CCC1C(N=NC2:C:C:S(=O):C(Br):C:2=C(C#N)C#N)C[SH](S(=O)(=O)[O][Na])C1C(=O)[O][Na],467.0899723290075,18.96899032501094
5342,27,6,19,18,4,9424,48,15,20,18,CCOC(=O)C1CSC([O][Na])[SH]1(C=CC1(C(=O)OCC)NN([N+](=O)O)CC1C(=O)[O][Na])=C(C#N)C#N,467.0571800587386,27.324194387057524
3940,20,16,6,13,16,264,2,18,17,25,CCOC(=O)C1(C=CC=CC=CC2:O:C(CN(CC(=O)O)CC(=O)O):C([N+](=O)O):S:C:2NC(C)=O):C:C:C(C(F)(F)F):C(=N):C:1,467.0381947702084,25.841161607073023
458,3,8,12,18,4,2273,12,4,18,20,CCOC(=O)C1:C:C(O):C(N=O):N:C:1C=CC1:C:C:C([O][Na]):C(C(=O)OCC):N:1CC,467.0067565020593,16.48405554414746
4102,21,1,22,5,13,2937,15,13,4,2,CCC1:C([SH](=O)=O):C:C:C(C=CC=CC2:C:S:C(Cl):C(S(=O)(=O)O):S:2N(C)C):S:1NC(C)=O,466.96748045151674,29.984143884106505
3515,18,9,2,12,14,8816,45,6,9,19,CCN(CC)C1:C(C(=O)[O][Na]):C:S(OC2:C:S:C(O):C([SH](=O)=O):N:2N(CC)CC):S:C:1[N+](=O)O,466.9644132953361,20.428757403192126
4173,21,19,7,13,2,3536,18,11,11,10,COS1:C(C(=O)[O][Na]):C:S:C(C=CC(=O)N2:C:C(S(=O)(=O)[O][Na]):S(N):C:C:2N):C:1NC(C)=O,466.9186358629513,27.699497129470608
9687,49,20,26,12,18,5069,26,3,20,24,CC(C)C1C([O][Na])CCS1(C)CNC1(O)C(=O)NON1[O][Na],466.90388658138033,28.537600507595396
4645,24,10,3,15,12,4064,21,10,12,18,CCOC(=O)S1:C:C:S(C#CC#CC2C(=C(C#N)C#N)CC(C)N2S(=O)(=O)[O][Na])(S(=O)(=O)[O][Na]):C:C:1O,466.8955575419245,22.449858882298944
4059,21,14,21,21,4,8980,45,18,1,24,CCOC(=O)S1(C=CC2:S:C(C(=O)O):C:S(Br):C:2Br):C:C(C(C)C):C:C:S:1N(C)C,466.87530694764456,27.12234095376372
1228,7,25,8,3,2,377,2,16,9,24,CCN(CC)C1:C:C(CN(CC(=O)O)CC(=O)O):C(C(=O)C=CC2:C(C):O:C:C(N=O):C:2=N):C:C:1C(C)C,466.8609250322294,11.4977565651028
9379,47,26,16,3,2,6382,32,18,9,12,CCOC(=O)S1(C(=O)C=CC2:C:C(C):S(CN(CC(=O)O)CC(=O)O):C(=O):O:2)CNC(N(CC)CC)C1O,466.84645147455285,13.661685981386038
6520,33,11,25,2,7,9481,48,10,6,21,N=C1SC(N)CC1(C=N[SH]1C(Br)C([N+](=O)O)SC1S(=O)(=O)[O][Na])[SH](=O)=O,466.83178695489767,26.553780949557407
7134,36,2,20,19,12,6582,33,22,24,9,CCN(CC)C1CC(C#CC#CC2(C(=O)[O][Na])CC([O][Na])OC2[SH](=O)=O)C(S(=O)(=O)O)[SH]1C(C)C,466.8287683805917,17.62133977547311
6015,31,13,22,20,3,2164,11,7,16,18,CCOC(=O)C1:C:C(C=CC(=O)CC(=O)C=CC2OC(NC(C)=O)N(S(=O)(=O)O)C2[O][Na])(OC):C:N:C:1CN(CC(=O)O)CC(=O)O,466.82585596742547,36.45453317518844
4637,24,20,22,6,15,2114,11,4,18,3,CCOC(=O)C1:N:C:C(CC)(CC=CC=CC2([N+](=O)O)NCC([O][Na])C2S(=O)(=O)O):C:C:1C,466.8180691363353,27.517507212450187
2509,13,7,26,13,13,3096,16,21,3,9,CCN(CC)C1:C:N(C=CC=CC2:C:S(NC(C)=O):C(=O):C:C:2OC):C(Br):C(C):N:1,466.8089132480046,19.74228256125395
872,5,2,10,23,4,2080,11,21,10,17,CCNC1:C:C(S(=O)(=O)[O][Na]):C:S([SH](=O)=O):C:1C=CC1(Br):C:C(C(F)(F)F):C:N:C:1S(=O)(=O)[O][Na],466.7997808543977,17.260426356916373
2743,14,19,23,16,10,8992,45,6,1,5,CCNC1:S:C(CN(CC(=O)O)CC(=O)O):C:C(=S2:C:C(Cl):C(N(C)C):C:S:2[N+](=O)O):C:1C(=O)[O][Na],466.77555743558287,25.63371203480167
7752,39,15,21,22,3,2011,11,2,13,2,CC(=O)NC1:N:C([SH](=O)=O):C(C=CC(=O)CC(=O)C=CC2:O:C(=C(C#N)C#N):O:C(Br):C:2S(=O)(=O)O):C:C:1[SH](=O)=O,466.768363453997,25.59046501272553
4473,23,8,10,10,1,1194,6,1,20,9,CCN(CC)C1:C:C:B(N=NC2(S(=O)(=O)[O][Na])CCC(N=O)C2S(=O)(=O)[O][Na]):C(N(C)C):C:1[O][Na],466.76640146178295,22.46847517750821
3084,16,23,24,26,15,5611,29,21,4,26,CCNN1:C(C(C)C):C:N:C(=O):C:1C=CC=CC[SH]1C(=O)C(CC)CN1Br,466.73386023489275,28.377686698832974
8133,41,13,26,17,9,1013,6,19,2,16,CC(=O)NN1:C:C(=O):C(C(F)(F)F):C(B2:C:C(CN(CC(=O)O)CC(=O)O):C([SH](=O)=O):C(C(=O)[O][Na]):C:2):O:1,466.7288406945596,27.806507980321648
8836,45,5,10,23,5,9579,48,18,9,7,CCNC1:C:C(N=[SH]2(C(=O)OCC)C[SH](N(CC)CC)CC2OC):S(Cl):S:C:1S(=O)(=O)[O][Na],466.6868739070925,19.306611139751613
1333,7,9,10,11,14,8809,45,10,10,18,CCOC(=O)C1:C:S(OC2:C(N):O:C:C(S(=O)(=O)[O][Na]):C:2N(CC)CC):S:C(S(=O)(=O)[O][Na]):C:1S(=O)(=O)[O][Na],466.65777448222053,15.93885488252758
6560,33,5,19,13,19,9556,48,20,3,19,CC(=O)NC1(C(=N)[SH]2C([O][Na])SC(C)C2C(=O)[O][Na])C[SH](C(=O)[O][Na])CC1Cl,466.64482671073466,24.88650542338527
376,2,21,9,2,6,2258,12,23,9,2,CCNC1:N:C(=CC2:C:C(Br):C:C(N(CC)CC):C:2[SH](=O)=O):C:C([SH](=O)=O):C:1N(CC)CC,466.64232044155216,17.21243590946623
5864,30,3,7,17,20,6474,33,8,16,13,COC1NC(C(F)(F)F)C(C=C(C)C=CC2C(NC(C)=O)C[SH](CN(CC(=O)O)CC(=O)O)C2N=O)N1C,466.6241574408599,26.076500145897274
3131,16,25,9,14,11,2737,14,18,19,17,CCOC(=O)C1(C#CC2:N:C(=N):C:N(N(CC)CC):C:2C(=O)O):C:C(C(F)(F)F):C:S(C(=O)[O][Na]):C:1,466.58422658586767,24.487013226332227
5112,26,25,25,11,3,5088,26,18,18,12,CCOC(=O)C1CC(O)[SH](C=CC(=O)CC(=O)C=CC2(N)C(=N)CCS2=N)C1C(=O)OCC,466.58007161646384,24.41202127867269
6476,33,13,11,4,13,6546,33,18,2,21,CCOC(=O)C1(C=CC=CC2(CC)C[SH](N)CC2NC(C)=O)CC[SH](Br)C1[SH](=O)=O,466.5622512709912,17.610557441740855
4582,23,14,21,3,16,476,3,3,8,24,CC1:C(N=O):C:C(C(C)C):C:N:1C=CC=CC=CC1(C)CCC(Br)C1C(=O)O,466.5483964367762,33.48735213483684
579,3,17,15,3,19,9407,48,20,26,11,CC1:C:C(C(=N)S2([O][Na])CC(N)SC2=O):N:C(C(F)(F)F):C:1=C(C#N)C#N,466.5337818137467,23.281641861302994
3124,16,18,12,9,6,9487,48,18,21,20,CCOC(=O)C1:C:N:C(C=[SH]2(C(=O)OCC)C([O][Na])CSC2Br):C(N(CC)CC):N:1O,466.5067134787706,19.04128865654885
2983,15,2,1,13,20,8439,43,6,21,7,COC1:C:N(C=CC(C)=CC2:C(NC(C)=O):C:C(N(C)C):S:C:2[SH](=O)=O):N:C([N+](=O)O):C:1Br,466.4866210767085,13.663838792737291
1130,6,20,20,10,13,1248,7,6,7,2,COC1:C:C(C=CC=CC2:B:C:C([O][Na]):C([O][Na]):C:2S(=O)(=O)[O][Na])([N+](=O)O):C:C([SH](=O)=O):O:1,466.42704080939757,19.172624698264663
8478,43,13,1,18,2,9508,48,6,10,7,CCOC(=O)C1:C(N(C)C):C:N:N(NC(C)=O):C:1C=CC(=O)S1([N+](=O)O)C(OC)CSC1S(=O)(=O)[O][Na],466.4152269341068,25.88360277180157
5884,30,4,4,18,17,9550,48,4,18,12,CCOC(=O)N1CC(C=CC=CC=CC=CS2(CC)CC(O)[SH](C(=O)OCC)C2)N(CC)C1CC,466.3921137206671,17.07905988849099
589,3,19,14,16,14,1490,8,19,5,13,CC(=O)NC1:C:C(OC2:C:C:C(CN(CC(=O)O)CC(=O)O):C(C(=O)O):N:2C(=O)[O][Na])(C(=O)[O][Na]):C:O:C:1Cl,466.38598496906707,27.236212610122234
8744,44,24,12,9,10,1942,10,6,19,20,CCN(CC)C1:C(O):C(C(C)C):S:N:C:1=C1:C:C:N([O][Na]):C(C(=O)[O][Na]):C:1[N+](=O)O,466.3756632146204,26.46228136570484
9583,48,19,10,12,18,4506,23,1,24,22,CC(C)C1CCC(S(=O)(=O)O)C1(CNC1(O)SC[SH](C(=O)[O][Na])C1S(=O)(=O)[O][Na])N(C)C,466.35853704325444,28.61664631758462
2242,12,13,2,18,8,2321,12,8,1,10,CCOC(=O)C1:C:C:C(=CC=C2:C:C:C(S(=O)(=O)[O][Na]):C(N(C)C):N:2N=O):C(NC(C)=O):N:1[SH](=O)=O,466.34875287536687,22.173472700481273
8459,43,3,24,5,18,5067,26,20,18,18,CCOC(=O)C1CC(C(=O)OCC)[SH](CNC2:C:C(Cl):C(C(C)C):N(C):N:2)C1[O][Na],466.2916334764207,23.12840584365697
4721,24,20,18,14,2,6265,32,19,1,22,CCOC(=O)C1CCN([O][Na])C1(C=CC(=O)S1(C(=O)[O][Na])CC(S(=O)(=O)O)NC1N(C)C)C(=O)O,466.2772159194459,30.124031705873094
248,2,15,25,14,20,1438,8,1,23,11,CCNC1:O:C:C(C=CC(C)=CC2:C:C:C(C(=O)O):C(=N):C:2=C(C#N)C#N)(N(C)C):C:C:1N,466.25084621232065,15.834945148663335
6403,33,11,19,24,19,7448,38,8,3,8,CC1CC(N=O)C(N=O)(C(=N)C2(C(C)C)C[SH](C(=O)[O][Na])CC2N)S1,466.2390643067867,17.871240253009415
1989,10,18,11,12,16,8980,45,18,1,24,CCOC(=O)C1:C:C(C=CC=CC=CS2(C(=O)OCC):C:C(C(C)C):C:C:S:2N(C)C):C:N(O):C:1N,466.2359719264665,24.92605488791703
2372,12,14,17,18,4,5659,29,21,5,16,CCOC(=O)C1:C:C:N(C(F)(F)F):C(C(=O)O):C:1C=C[SH]1C(CN(CC(=O)O)CC(=O)O)C(Cl)CN1Br,466.2152837962417,21.86619884921716
6891,35,8,16,7,1,4494,23,3,10,4,CCC1CC(N=NC2C(N=O)CN(CN(CC(=O)O)CC(=O)O)C2OC)C(C)C1S(=O)(=O)[O][Na],466.19306130448314,22.048384701639524
2876,15,23,19,4,2,4485,23,8,25,6,CCNC1:S:C(C(=O)[O][Na]):C:C(CC):C:1C=CC(=O)C1(N=O)CC(=N)C([N+](=O)O)C1,466.18876771474197,24.185205051768882
6322,32,8,25,14,19,2513,13,22,21,17,N=C(C1:C:C(C(F)(F)F):S(Br):C:C:1S(=O)(=O)O)C1(C(=O)O)SCN(N=O)C1=N,466.1699797805688,21.31138899808659
4641,24,1,20,10,15,848,5,5,8,21,CN(C)N1C([O][Na])CC(S(=O)(=O)[O][Na])C1C=CC=CCS1(Cl):C:C:C(Br):C:C:1N=O,466.16576346887257,7.184022857313274
2105,11,19,2,14,4,6366,32,25,18,13,CCOC(=O)C1NCC(NC(C)=O)[SH]1(=N)C=CC1:C:C:N(C(=O)O):C([SH](=O)=O):C:1C(=O)[O][Na],466.13315140628174,16.38965417697603
8305,42,8,4,18,15,9560,48,8,24,7,CCOC(=O)C1:C(CC):C:S(N=O):O:C:1C=CC=CCS1(N=O)C(OC)CSC1C(C)C,466.1191359871191,24.618625756515826
6201,32,21,4,11,16,8520,43,24,12,17,CCC1NC(Br)SC1(N)C=CC=CC=CN1:C:C(C(F)(F)F):C(O):C:N:1C(C)C,466.11228437418606,18.061860399024305
6952,35,17,1,7,7,5671,29,7,20,6,CON1C([O][Na])C([N+](=O)O)C[SH]1N=CC1(OC)CN(N(C)C)CC1C(F)(F)F,466.1073457679989,23.39407865360322
1044,6,5,19,15,14,7508,38,13,11,19,CC(=O)N[SH]1CC(N)C(C(=O)[O][Na])C1OC1:B:C(Cl):C:C(C(=O)[O][Na]):C:1=C(C#N)C#N,466.10408250909825,19.85270522529546
6005,31,2,17,10,11,6635,34,20,20,8,O=NC1CCC(C#CC2(S(=O)(=O)[O][Na])OC([SH](=O)=O)NC2C(F)(F)F)([O][Na])N1[O][Na],466.0379216357336,16.33683182478779
5725,29,17,17,9,1,1900,10,23,19,24,CCNC1:C(N=NC2(N(CC)CC)C(C(F)(F)F)CN[SH]2C(F)(F)F):C:C:N(C(C)C):C:1C(=O)[O][Na],466.03179736022264,21.88581132912969
292,2,13,2,6,1,1877,10,6,10,16,CC(=O)NC1:C:C([SH](=O)=O):C:C([N+](=O)O):C:1N=NC1([N+](=O)O):C:C(CN(CC(=O)O)CC(=O)O):N:C:C:1S(=O)(=O)[O][Na],465.9659542982833,45.52412245201381
6201,32,21,4,11,17,4508,23,17,13,1,CCC1NC(Br)SC1(N)C=CC=CC=CC=CC1C(N(C)C)C(NC(C)=O)CC1C(F)(F)F,465.9453413793384,6.64808496747864
4087,21,3,1,26,13,6919,35,21,5,17,CN(C)C1:C(=O):S:C:C(C=CC=CC2C(Br)NC(Cl)C2C(F)(F)F):S:1C,465.90452480047145,27.314917829720855
8977,45,22,3,1,2,2441,13,23,24,17,CCNC1(C(=O)C=CC2:C(N(C)C):C(C):C:S:S:2S(=O)(=O)O):C:C(C(C)C):S:C(C(F)(F)F):C:1,465.8903037820648,14.422749908103688
9662,49,11,20,21,17,3116,16,26,8,25,N=C1:C:N(C=CC=CC=CC=CC2(Br)C([O][Na])NON2N):C(=O):C:N:1N=O,465.88177406607167,14.730853410085004
129,1,13,3,26,7,4033,21,24,3,21,CC(=O)NC1=C(C)C(=O)C(C=NS2(C(C)C):C:C:S(Br):C:C:2C)=C1,465.8676576818516,39.910167197832315
4462,23,6,7,11,4,8955,45,10,4,25,CCC1:C(S(=O)(=O)[O][Na]):S:S(C=CC2(N)C(OC)CCC2[N+](=O)O):C:C:1=N,465.84185603782424,17.167099340792497
6992,35,4,14,21,19,2452,13,9,10,21,CCN1CCC(Br)(C(=N)C2(N(CC)CC):C:C:S(S(=O)(=O)[O][Na]):C(Br):C:2)C1C(=O)O,465.8218279576291,21.355180753583436
9773,49,8,24,19,3,1961,10,18,26,14,CCOC(=O)C1(C=CC(=O)CC(=O)C=CC2(C(=O)[O][Na])CN(C(C)C)ON2N=O):C:C(C(=O)O):N:C(=O):C:1,465.7983740277499,20.584188177644258
3052,16,17,14,19,4,1855,10,14,12,18,CCOC(=O)C1:C:C(C=CC2:C:N(C(=O)[O][Na]):C(C(=O)O):C(C(F)(F)F):N:2)(C(=O)O):C:C(O):N:1,465.79790119748395,27.2122441285063
2158,11,26,11,20,9,2651,14,9,19,18,CCOC(=O)C1:C:C(C2:C:C([O][Na]):N(N):C:C:2=O):C(N(CC)CC):S:C:1C(=O)[O][Na],465.7790242007853,16.73588926817309
6631,34,19,7,4,18,6652,34,24,17,2,CCC1(NCC2C([SH](=O)=O)CC(C(F)(F)F)N2C(C)C)CN(C(=O)[O][Na])CC1OC,465.7179917085103,22.270653484273605
4425,23,5,22,12,11,2864,15,11,16,16,NS1:C(C#CC2(O)CC(S(=O)(=O)O)CC2Cl):C:C(CN(CC(=O)O)CC(=O)O):C:C:1CN(CC(=O)O)CC(=O)O,465.7128506133163,30.321493076703437
7638,39,22,8,18,4,8808,45,4,19,8,CCOC(=O)C1:C(C=CS2(CC):C:C(N=O):C:C(C(=O)[O][Na]):S:2):O:C(S(=O)(=O)O):O:C:1N=O,465.68691703384184,25.43752729814789
1062,6,13,8,16,9,4498,23,19,23,7,CCNC1CC(OC)C(C2:B(NC(C)=O):C(N=O):C:C:C:2CN(CC(=O)O)CC(=O)O)C1C(=O)[O][Na],465.6203335380436,35.9653741948329
3875,20,8,22,26,3,1582,8,23,6,14,CCNC1(C=CC(=O)CC(=O)C=CC2:O:C(N=O):C:S(S(=O)(=O)O):C:2=O):C:O:C([N+](=O)O):C(C(=O)O):C:1,465.5903737732635,25.19820890004618
1534,8,10,2,8,11,6687,34,15,4,25,CCC1C(=N)C(C#CC2:C:C(S(=O)(=O)[O][Na]):O:C([SH](=O)=O):C:2N=O)NC1=C(C#N)C#N,465.5708262830264,33.0950148366424
4824,25,1,19,10,19,8936,45,8,7,12,COC1:C:S:S(N=O)(C(=N)C2OC(N(C)C)C(C(=O)[O][Na])C2S(=O)(=O)[O][Na]):C:C:1O,465.5505947433736,16.41800195980798
1543,8,8,22,19,18,852,5,3,15,22,CS1(CNC2:C:C(C(=O)[O][Na]):O:C(S(=O)(=O)O):C:2N=O):C:C(S(=O)(=O)O):C:C:C:1=C(C#N)C#N,465.5410673481453,25.8826804192642
9566,48,7,24,19,1,1966,10,19,12,4,CCC1:C:C(N=NC2(C(=O)[O][Na])C(C(C)C)SC[SH]2OC):C(C(=O)[O][Na]):C(O):N:1,465.4981856015564,10.072379250043191
5991,30,5,23,12,17,2169,11,22,24,23,CCNN1CN(Cl)C(C=CC=CC=CC=CC2(S(=O)(=O)O):C:C:C:N(NCC):C:2C(C)C)C1O,465.4529800532884,18.02915592888939
6265,32,19,1,22,19,5165,26,18,14,5,CCOC(=O)C1CC(C(=O)O)C(Cl)[SH]1C(=N)C1C(S(=O)(=O)O)NC(N(C)C)[SH]1C(=O)[O][Na],465.37767793238584,29.847389772179334
8640,44,12,25,24,1,8969,45,6,15,9,CCN(CC)C1:C:S(N=NC2:N:S(O):C(=N):C:C:2C(C)C):S([N+](=O)O):C:C:1=C(C#N)C#N,465.3562546375732,24.114051498156773
3158,16,22,25,10,12,1649,9,10,5,1,CN(C)C1:C:C:C(C#CC#CC2:C:N(S(=O)(=O)[O][Na]):C(=N):C(S(=O)(=O)O):N:2)(S(=O)(=O)[O][Na]):O:C:1Cl,465.3005485792485,23.04883804487024
6952,35,17,1,7,1,6556,33,23,20,4,CCNC1(N=NC2(OC)CN(N(C)C)CC2C(F)(F)F)CC(CC)SC1[O][Na],465.2937550317917,17.80113968525647
6278,32,17,16,20,6,2356,12,6,3,9,CCN(CC)C1:C:C(=CC2CN([O][Na])C(CN(CC(=O)O)CC(=O)O)[SH]2C(F)(F)F):N:C([N+](=O)O):C:1C,465.2880591543456,18.66986154687045
7533,38,26,17,21,18,2880,15,14,23,6,CCNC1:S:C(CNC2(Br)C(=O)SCC2C(F)(F)F)(C(=O)O):C:C:C:1[N+](=O)O,465.27313310028137,17.227065873697292
5848,30,1,5,4,17,2788,14,23,12,5,CCNC1(C=CC=CC=CC=CC2(CC)NCN(N(C)C)C2Cl):C:C(Cl):C:S:C:1O,465.25013839832656,19.65348338867647
1148,6,9,3,21,1,921,5,10,22,16,CCN(CC)B1:C(C):C:C:C(Br):C:1N=NS1(S(=O)(=O)[O][Na]):C:C(CN(CC(=O)O)CC(=O)O):C:C:C:1S(=O)(=O)O,465.2403068404395,24.25609144523337
7000,35,21,12,23,4,5636,29,5,19,7,CCNC1(C=C[SH]2NC(Cl)C(C(=O)[O][Na])C2OC)CNC(O)C1Br,465.23420292393473,34.74415112951889
2099,11,9,12,19,2,6311,32,11,20,22,CCN(CC)C1:C:N:C(O):C(C(=O)[O][Na]):C:1C=CC(=O)[SH]1C(N)N([O][Na])CC1S(=O)(=O)O,465.22984830337555,6.232220892864261
1124,6,22,16,12,8,822,5,7,22,23,CCNC1:C:C:S(=CC=C2:B:C(S(=O)(=O)O):C(CN(CC(=O)O)CC(=O)O):C(O):C:2)(OC):C:C:1S(=O)(=O)O,465.2142680512114,28.163554881003595
5900,30,5,2,1,14,6383,32,5,13,19,CC(=O)NN1C(C(=O)[O][Na])C[SH](OC2(N(C)C)CN([SH](=O)=O)C(Cl)N2)C1Cl,465.2075340058018,19.24064051996964
3011,16,20,25,20,9,4621,24,22,15,25,N#CC(C#N)=C1CC(S(=O)(=O)O)N(C2:N:C([O][Na]):C(=N):N:C:2[O][Na])C1=N,465.1902002782069,26.346635279656216
519,3,14,13,11,20,9485,48,6,9,22,CCN(CC)C1SC([N+](=O)O)[SH](C=CC(C)=CC2:C:C(N):C(NC(C)=O):C:N:2C(=O)O)C1S(=O)(=O)O,465.1864037851275,14.05801536115387
5495,28,24,15,20,12,1854,10,5,10,6,CC(C)N1OC(C#CC#CC2:C:C(Cl):N(S(=O)(=O)[O][Na]):C([N+](=O)O):C:2)([O][Na])CC1=C(C#N)C#N,465.0669969773447,16.329507256611176
5958,30,19,2,8,14,6808,35,16,1,3,CC1C(OC2CN(N=O)C([SH](=O)=O)N2C(=O)[O][Na])CN(CN(CC(=O)O)CC(=O)O)C1N(C)C,465.0184703713867,19.26811823753501
4458,23,1,3,10,4,6256,32,21,6,14,CC1CC(C=CS2(Br)CCN(C(=O)O)C2[N+](=O)O)(S(=O)(=O)[O][Na])CC1N(C)C,465.008707142181,28.326861500886956
7463,38,21,13,18,12,3180,16,16,20,10,CCOC(=O)C1CC(C#CC#CN2:C:C(S(=O)(=O)[O][Na]):N([O][Na]):C:C:2CN(CC(=O)O)CC(=O)O)C(Br)[SH]1NC(C)=O,464.99626566862145,21.421113745098975
320,2,12,26,6,2,2521,13,24,9,8,CCN(CC)C1:C:S(N=O):C:C:C:1(C(=O)C=CC1:C:C:C([N+](=O)O):C(=O):C:1O)C(C)C,464.9535195453668,24.74426480164751
2716,14,26,14,9,8,8867,45,5,12,16,CCN(CC)C1:C(C(=O)O):S:C(=O):C:C:1=CC=S1(Cl):C:C(CN(CC(=O)O)CC(=O)O):C(O):C:S:1,464.9441750189156,11.542097752012594
4042,21,9,23,4,7,231,2,8,5,2,CCNS1:C:C:S(N(CC)CC):C(C=NC2:C:C([SH](=O)=O):C:C(Cl):C:2N=O):C:1CC,464.9128806869886,12.967371512967738
7532,38,4,10,4,4,266,2,22,22,13,CC[SH]1CC(S(=O)(=O)[O][Na])C(C=CC2(S(=O)(=O)O):C:C:C(NC(C)=O):C:C:2S(=O)(=O)O)(CC)C1,464.90355911354675,27.09759323830839
5299,27,12,21,5,15,3558,18,12,5,16,O=C(O)CN(CC(=O)O)CS1:C:C:N(CC=CC=CC2(Cl)CC(Br)N(O)N2):C(O):C:1Cl,464.83954727710835,16.980337562301195
1581,8,11,10,4,13,6954,35,5,11,3,CCC1:C:O:C(S(=O)(=O)[O][Na]):C(N):C:1C=CC=CC1(Cl)CN(N)CC1C,464.8360695881405,22.964968440721616
5042,26,7,7,5,17,2025,11,4,1,16,CCC1(C=CC=CC=CC=CC2(Cl)CCC(OC)[SH]2OC):C:C:C(CN(CC(=O)O)CC(=O)O):N:C:1N(C)C,464.7894783838772,20.3788865282246
3094,16,24,22,22,5,913,5,22,13,19,CC(=O)NC1:C:C(C(=O)[O][Na]):C:C:S:1(=NC1:N:C(C(C)C):C(S(=O)(=O)O):N:C:1S(=O)(=O)O)S(=O)(=O)O,464.764965319325,6.429575817704477
526,3,7,5,24,18,809,5,5,20,24,COC1:N:C(NCS2(Cl):C:C:C([O][Na]):C(C(C)C):C:2):C(C(C)C):C:C:1Cl,464.7623809285004,24.34250154383621
4737,24,13,8,20,18,8407,43,23,11,23,CCNC1:C:C(N):N(NCC):N(CNC2([O][Na])NCC(NC(C)=O)C2N=O):C:1,464.7562923743317,20.46290245121195
3475,18,11,22,6,16,5870,30,21,14,14,NN1:C(C=CC=CC=CN2CC(C(=O)O)N(C(=O)O)C2Br):C:S([N+](=O)O):C:C:1S(=O)(=O)O,464.7482661076564,35.32922505480455
9420,48,19,12,11,6,4186,21,24,10,25,CC(C)C1:C(S(=O)(=O)[O][Na]):S(=N):C:C:S:1=CC1C(N)SC(O)[SH]1C(=O)[O][Na],464.680622666781,22.904888816291347
7644,39,2,3,10,2,4033,21,24,3,21,CC1:O:C([SH](=O)=O):O:C(C=CC(=O)S2(C(C)C):C:C:S(Br):C:C:2C):C:1S(=O)(=O)[O][Na],464.65609807721404,16.164866843967207
2912,15,8,15,17,17,7476,38,17,5,9,CCN(CC)C1CC(C=CC=CC=CC=CC2:C(C(F)(F)F):C:C:S(=C(C#N)C#N):C:2N=O)(C(F)(F)F)SC1Cl,464.6247940831974,10.504016455010124
1185,6,20,25,5,4,1833,10,8,19,25,N=C1:C:C(C=CC2:B([O][Na]):C(=N):C:C:C:2Cl)(N=O):C:C(C(=O)[O][Na]):N:1,464.6214880801175,25.574855703745587
2295,12,20,19,19,10,9537,48,12,1,15,CN(C)C1SC(O)S(=C2:C([O][Na]):N:C:C(C(=O)[O][Na]):C:2C(=O)[O][Na])C1=C(C#N)C#N,464.5596195082485,20.79952837339673
8805,45,25,25,17,4,1460,8,10,11,17,N=C1:C:S:S(=N):C(C=CC2(S(=O)(=O)[O][Na]):C:C(C(F)(F)F):C:O:C:2N):C:1C(F)(F)F,464.5525534025008,21.705750828079417
8346,42,25,1,14,16,7336,37,9,7,9,CCN(CC)C1COC(OC)C1(C=CC=CC=CC1:O:S(=N):C:C(N(C)C):C:1C(=O)O)N(CC)CC,464.4981030736541,26.62137360552389
3552,18,4,7,8,1,6527,33,22,19,20,CCC1:N:C(N=NC2C[SH](S(=O)(=O)O)C(C(=O)[O][Na])C2[O][Na]):C:S(N=O):C:1OC,464.448334042302,21.798938038877125
1863,10,4,18,8,2,1824,10,3,10,4,CCOC(=O)C1:N:C(N=O):C(C=CC(=O)C2:C:C(CC):N(S(=O)(=O)[O][Na]):C:C:2C):C:C:1CC,464.4409005614951,23.87548462252636
3122,16,3,24,16,14,2487,13,10,6,23,CCNC1:C:C(OC2:N:C(C):C(C(C)C):N:C:2CN(CC(=O)O)CC(=O)O)(S(=O)(=O)[O][Na]):C([N+](=O)O):C:S:1,464.4383026523145,7.226271943470352
7554,38,22,10,14,6,5656,29,2,3,17,CN1CC(C(F)(F)F)C[SH]1(=CC1(C(=O)O)CSC(S(=O)(=O)O)C1S(=O)(=O)[O][Na])[SH](=O)=O,464.43606470899556,28.916468180243292
4787,24,21,5,22,4,7512,38,14,10,14,O=C(O)C1CC[SH](S(=O)(=O)[O][Na])C1(C=CC1(S(=O)(=O)O)C(Cl)CCN1Br)C(=O)O,464.42762194706194,25.942106487518608
1799,9,18,11,4,20,6881,35,7,2,23,CCNC1CN([SH](=O)=O)C(OC)C1C=CC(C)=CC1:C(CC):C:C(N):O:C:1C(=O)OCC,464.42370451461085,22.49633664977012
8250,42,6,8,21,6,2306,12,16,8,16,O=NC1:C:N(CN(CC(=O)O)CC(=O)O):C(=CC2:O:S([N+](=O)O):C(N=O):C:C:2Br):C:C:1CN(CC(=O)O)CC(=O)O,464.40891320912885,30.446432360836795
2470,13,19,12,24,2,342,2,21,20,7,COC1:C:C:C(Br)(C(=O)C=CC2:C(C(C)C):S:C:C(O):C:2C(=O)[O][Na]):C:C:1[O][Na],464.4039970488178,29.661073301130074
751,4,22,1,26,15,2526,13,13,1,4,CCC1:C:C(CC=CC=CC2:O:C(S(=O)(=O)O):C(N(C)C):C:C:2=O)(NC(C)=O):C:C:S:1N(C)C,464.3884517305909,23.856649755388382
5036,26,23,5,4,7,6999,35,10,14,13,CCN[SH]1C(C=NC2(S(=O)(=O)[O][Na])CNC(C(=O)O)C2NC(C)=O)CC(CC)C1Cl,464.37768373634515,19.236490640548773
5789,29,9,12,26,19,1943,10,6,15,7,CCN(CC)N1SC(C(=N)C2:C:C:N(OC):C(=C(C#N)C#N):C:2[N+](=O)O)C(=O)C1O,464.3130118384837,28.636140582132168
3071,16,2,22,1,7,6808,35,16,1,3,CC1C(N=CC2:C(N(C)C):N(S(=O)(=O)O):C:C:N:2[SH](=O)=O)CN(CN(CC(=O)O)CC(=O)O)C1N(C)C,464.3012565544494,16.82963966037158
6920,35,7,1,16,19,8445,43,2,17,4,CCC1:C:N(C(=N)C2(CN(CC(=O)O)CC(=O)O)CC(OC)NC2N(C)C):N([SH](=O)=O):C:C:1C(F)(F)F,464.2989044541744,20.579966952578747
3277,17,5,12,20,15,3058,16,26,23,18,CCNC1:C(=O):N(CC=CC=CC2:N:C(Cl):C(O):O:C:2[O][Na]):C:C:N:1C(=O)OCC,464.27901827752476,28.941374916278697
9445,48,16,26,22,7,971,5,5,17,15,N#CC(C#N)=C1:C:C(C(F)(F)F):C(Cl):S(N=CC2(S(=O)(=O)O)C(=O)SC[SH]2CN(CC(=O)O)CC(=O)O):C:1,464.26554412488406,21.937454665575075
1804,10,13,18,11,16,6952,35,17,1,7,CCOC(=O)N1:C:C(NC(C)=O):C:C(C=CC=CC=CC2(C(F)(F)F)CN(N(C)C)CC2OC):C:1N,464.2077869537372,25.12377219546952
3458,18,3,23,12,15,1969,10,14,13,24,CCNC1:S:C(O):C(C=CC=CCC2(C(=O)O):C:C:N(C(C)C):C(NC(C)=O):C:2):N:C:1C,464.20304647295296,11.333584094938534
5295,27,5,26,1,7,8886,45,10,18,11,CCOC(=O)C1:C(N):C:C:S(N=CC2C(N(C)C)C(=O)NN2Cl):S:1S(=O)(=O)[O][Na],464.1968629894951,12.945203826992314
8770,44,5,5,8,1,6295,32,5,3,17,CC1C(C(F)(F)F)[SH](N=NC2:C(N=O):C:C(Cl):S:N:2Cl)CN1Cl,464.17745613255994,18.68802563832367
6202,32,17,21,19,7,6209,32,8,3,8,CN1CC(N=O)S(N=O)(N=CC2(C(=O)[O][Na])CN(Br)C[SH]2C(F)(F)F)C1,464.1662609303506,18.786526351709167
2186,11,10,8,18,5,2064,11,23,12,6,CCNC1:C(=NC2:C(S(=O)(=O)[O][Na]):C:N:C(N=O):C:2C(=O)OCC):C:C:C([N+](=O)O):N:1O,464.1508665340745,35.547153246385
2207,12,12,22,5,17,9464,48,12,5,1,CN(C)C1C[SH](C=CC=CC=CC=CC2:C(Cl):C:C(S(=O)(=O)O):N:C:2O)C(O)[SH]1Cl,464.139864615423,20.23327303327303
7570,38,15,18,16,18,8867,45,5,12,16,CCOC(=O)[SH]1C(=C(C#N)C#N)C(NCS2(Cl):C:C(CN(CC(=O)O)CC(=O)O):C(O):C:S:2)CC1CN(CC(=O)O)CC(=O)O,464.1121972815099,15.783141899137645
1056,6,12,22,19,1,6326,32,11,9,23,CCNC1C(N(CC)CC)NCS1(N)N=NC1:B:C(O):C(S(=O)(=O)O):C(C(=O)[O][Na]):C:1,464.0959654736149,11.041888350650467
5076,26,26,10,19,2,6985,35,23,25,1,CCNC1(C(=O)C=CC2C(C(=O)[O][Na])C(S(=O)(=O)[O][Na])CS2=O)CC(N(C)C)NC1=N,464.0891323096992,25.165356119653882
1591,8,3,1,9,17,355,2,13,13,8,CCN(CC)C1:C(C=CC=CC=CC=CC2(NC(C)=O):C:C:C(NC(C)=O):C(N=O):C:2):C:C(C):O:C:1N(C)C,464.072254878911,12.539751711977495
9421,48,6,17,10,1,6623,34,14,9,17,CCN(CC)N1C(C(F)(F)F)CCC1(N=NC1(S(=O)(=O)[O][Na])SC([N+](=O)O)SC1C(F)(F)F)C(=O)O,464.0451718631481,23.572585309754174
2314,12,5,24,11,5,5603,29,20,18,20,CCOC(=O)C1CN[SH](=NC2:C(Cl):N:C:C(C(C)C):C:2N)([O][Na])C1[O][Na],464.04049904274746,20.012888189362933
8266,42,20,23,4,1,508,3,19,18,21,CCNC1:C:S([O][Na]):O:C(N=NN2:C:C:C(Br):C(C(=O)OCC):C:2C(=O)[O][Na]):C:1CC,464.0151967220287,23.905244527674203
2762,14,2,7,2,15,339,2,6,9,26,CCN(CC)C1:C:C:C(CC=CC=CC2:C:C([SH](=O)=O):S:C(OC):C:2[SH](=O)=O)([N+](=O)O):C:C:1=O,464.0109903394967,16.569357019612532
3279,17,23,6,20,9,6619,34,13,21,11,CCNN1:C:C([N+](=O)O):O:C([O][Na]):C:1C1(NC(C)=O)NC(Br)CC1N,463.97867049284724,17.513721002981686
5662,29,24,12,17,14,5696,29,5,20,3,CC(C)[SH]1C(OS2(Cl)NCC([O][Na])C2C)CC(C(F)(F)F)N1O,463.9639261485546,20.154768176760218
8012,41,6,24,3,2,6975,35,1,17,8,CC1:C:C(C=CC(=O)C2C(N=O)C(C(F)(F)F)NC2N(C)C):O:N([N+](=O)O):C:1C(C)C,463.9465017216924,26.1473822052955
2551,13,1,4,3,1,5762,29,7,6,3,CCS1:C:C(N(C)C):C:C(N=NS2(OC)CC(C)CN2[N+](=O)O):C:1C,463.94528981590264,11.2667164390009
3574,18,10,22,17,12,4475,23,2,2,7,COC1CC(C#CC#CC2:C:S:C(C(F)(F)F):C(S(=O)(=O)O):N:2S(=O)(=O)[O][Na])([SH](=O)=O)CC1[SH](=O)=O,463.9445597371744,15.511945984380532
9445,48,16,26,22,5,8900,45,13,5,14,CC(=O)NS1(=NC2(S(=O)(=O)O)C(=O)SC[SH]2CN(CC(=O)O)CC(=O)O):C:C(C(=O)O):C:C:S:1Cl,463.9364004468839,24.87187494902501
206,2,18,12,17,4,322,2,20,8,23,CCNC1:C:C:C(C=CC2:C:C(C(=O)OCC):C:C(O):C:2C(F)(F)F):C([O][Na]):C:1N=O,463.9220031738135,7.774881598793964
4103,21,17,23,25,19,8731,44,9,22,9,CCNC1:C:S(C(F)(F)F):C(C(=N)N2:C:C(N(CC)CC):C:C(S(=O)(=O)O):S:2N(CC)CC):C:S:1=N,463.86063212913285,22.1570692739575
2840,15,8,19,19,7,4019,21,1,24,5,CC(C)C1:C:S(N=CC2:C:C(C(=O)[O][Na]):C(C(=O)[O][Na]):S:C:2N=O)(N(C)C):C:C:S:1Cl,463.84497789377644,40.49022027071422
7445,38,13,16,19,18,809,5,5,20,24,CC(=O)N[SH]1CC(NCS2(Cl):C:C:C([O][Na]):C(C(C)C):C:2)(C(=O)[O][Na])CC1CN(CC(=O)O)CC(=O)O,463.8203741540045,30.9640574784057
1520,8,23,4,7,17,5899,30,9,2,5,CCNC1:C:O:C(CC):C(OC):C:1C=CC=CC=CC=CN1C(Cl)CN([SH](=O)=O)C1N(CC)CC,463.81392098920276,22.082401484138632
580,3,14,7,24,3,4523,23,13,5,12,COC1:C:N(C(=O)O):C(C=CC(=O)CC(=O)C=CC2C(O)CC(Cl)C2NC(C)=O):C:C:1C(C)C,463.80763793738305,18.109745682825256
952,5,16,7,22,2,558,3,22,23,8,CCNC1:C:C(N=O):C:N(C(=O)C=CC2:C:C(S(=O)(=O)O):C(OC):C:S:2CN(CC(=O)O)CC(=O)O):C:1S(=O)(=O)O,463.7963642496273,13.219133759290354
8600,43,19,23,3,10,4477,23,24,20,17,CCNN1:C(C):C:C:C(=C2C(C(C)C)C([O][Na])CC2C(F)(F)F):N:1C(=O)[O][Na],463.75781042506605,25.63680605446695
1827,10,25,16,4,2,2752,14,6,25,14,CCC1:C(C=CC(=O)C2([N+](=O)O):C:S:C(=N):C(C(=O)O):C:2):C(=N):C:C:N:1CN(CC(=O)O)CC(=O)O,463.7569947031282,18.38813949749401
2552,13,15,12,24,14,8953,45,9,25,3,CCN(CC)S1:C:C(=N):C(C):C:S:1OC1:C:C(=C(C#N)C#N):C(O):S:C:1C(C)C,463.73214977608507,4.729586319317277
801,5,1,16,17,2,1925,10,4,5,8,CCC1:C(C(=O)C=CC2:C:C(C(F)(F)F):C(CN(CC(=O)O)CC(=O)O):C(N(C)C):S:2):C:C:N(N=O):C:1Cl,463.7252823730849,14.208941044641104
4682,24,7,18,20,6,5725,29,17,17,9,CCOC(=O)C1CN(OC)C(C=[SH]2(C(F)(F)F)NCC(C(F)(F)F)C2N(CC)CC)C1[O][Na],463.7231358914907,16.121551729986372
1509,8,21,10,19,4,6642,34,4,1,7,CCC1NC(C=CC2:C:C(Br):O:C(S(=O)(=O)[O][Na]):C:2C(=O)[O][Na])C(OC)C1N(C)C,463.7053166227646,24.755562845488488
1893,10,23,1,25,4,7162,36,20,5,18,CCNC1:C:C(C=CC2([O][Na])CC(C(=O)OCC)C(Cl)O2):C(=N):N:C:1N(C)C,463.6816372145363,34.96642901551549
4067,21,20,11,3,10,1916,10,9,23,16,CCNC1:C(N(CC)CC):C(=C2:C(C):S:C(N):C:S:2[O][Na]):C:C:N:1CN(CC(=O)O)CC(=O)O,463.66403713466786,15.534271227987391
1885,10,13,16,10,14,5161,26,6,14,3,CC(=O)NC1:C:C:N(CN(CC(=O)O)CC(=O)O):C(S(=O)(=O)[O][Na]):C:1OS1([N+](=O)O)CC(C(=O)O)CC1C,463.6563032011125,37.41131697968923
3227,17,22,21,3,8,5002,26,16,5,23,CCNC1CC(Cl)C(CN(CC(=O)O)CC(=O)O)S1=CC=C1:C:O:C(C):C(Br):N:1S(=O)(=O)O,463.6336683728658,24.74432162858359
7438,38,25,16,6,9,376,2,21,9,2,CCN(CC)C1:C:C(Br):C(C2([N+](=O)O)CSC(=N)C2CN(CC(=O)O)CC(=O)O):C:C:1[SH](=O)=O,463.62161039789333,15.431758457818404
2972,15,5,18,10,1,3410,18,10,12,12,CCOC(=O)C1:C(Cl):S:C:C(N=NN2:C:C(O):S:C(O):C:2S(=O)(=O)[O][Na]):C:1S(=O)(=O)[O][Na],463.6211936194413,25.112957805284985
372,2,19,15,10,14,1639,9,17,23,19,CCNC1:C(C(=O)[O][Na]):C:C(OC2:C:C:C(S(=O)(=O)[O][Na]):C(=C(C#N)C#N):C:2C(=O)[O][Na]):O:C:1C(F)(F)F,463.60484432225303,19.2048640397539
5392,27,14,20,11,1,9424,48,15,20,18,CCOC(=O)C1CSC([O][Na])[SH]1(N=NC1(N)NN(C(=O)O)CC1[O][Na])=C(C#N)C#N,463.5818283915917,21.339457828845333
1982,10,26,17,24,20,970,5,18,14,16,CCOC(=O)S1(C=CC(C)=CC2:C:N:C(C(C)C):C(C(F)(F)F):C:2=O):C:C(CN(CC(=O)O)CC(=O)O):C:C:C:1C(=O)O,463.56243452940487,21.1436549113573
1857,10,11,16,7,7,7353,37,14,15,10,COC1:C(C=NC2C(C(=O)O)OC(=C(C#N)C#N)C2S(=O)(=O)[O][Na]):C(N):C:C:N:1CN(CC(=O)O)CC(=O)O,463.52772001663936,41.541554714217796
6413,33,24,12,6,17,8739,44,4,13,15,CCC1:S:N(C=CC=CC=CC=CC2CC(C(C)C)[SH](O)C2[N+](=O)O):C:C(=C(C#N)C#N):C:1NC(C)=O,463.4772722886738,23.61146660662999
6416,33,8,6,4,14,9494,48,20,1,12,CCC1C(O[SH]2C([O][Na])SC(N(C)C)C2O)CC(N=O)[SH]1[N+](=O)O,463.4499293712036,12.007910188247571
5292,27,10,3,19,19,1312,7,21,11,21,CC1NN(S(=O)(=O)[O][Na])C(C(=N)C2(Br):C:C:O:C(Br):C:2N)C1C(=O)[O][Na],463.38684763785005,15.9689927040819
1534,8,10,2,8,2,323,2,22,21,4,CCC1:C:C:C(C(=O)C=CC2:C:C(S(=O)(=O)[O][Na]):O:C([SH](=O)=O):C:2N=O)(S(=O)(=O)O):C(Br):C:1,463.3794277746265,31.704712873661432
8431,43,13,2,6,19,2383,12,19,6,14,CC(=O)NN1:N:C(C(=N)C2:C:C(C(=O)O):C:C([N+](=O)O):N:2C(=O)[O][Na]):C([N+](=O)O):C:C:1[SH](=O)=O,463.3505083623393,34.66524004049109
4520,23,4,24,22,18,4490,23,3,21,20,CCC1C(C(C)C)CC(S(=O)(=O)O)C1NCC1(C)CCC([O][Na])C1Br,463.32904434568434,19.783988206042483
553,3,11,10,3,20,9493,48,12,3,11,CC(C=C[SH]1CC(N)[SH](C)C1O)=CC1:C:C(C):C(S(=O)(=O)[O][Na]):C:N:1N,463.3217967597928,21.416930603753055
6758,34,7,19,13,5,6924,35,14,2,12,COC1N(C(=O)[O][Na])CCC1(N=C1CN(C(=O)O)C([SH](=O)=O)C1O)NC(C)=O,463.28910986764305,26.232190304156237
5074,26,22,10,14,19,6252,32,18,13,11,CCOC(=O)C1NC(NC(C)=O)C(N)[SH]1C(=N)C1(C(=O)O)CC(S(=O)(=O)[O][Na])C(S(=O)(=O)O)S1,463.28299044315406,29.997882772943104
6307,32,25,13,16,6,6586,33,13,21,14,CC(=O)NC1C(=CC2(CN(CC(=O)O)CC(=O)O)CN(NC(C)=O)C(=N)S2)C(C(=O)O)C[SH]1Br,463.27355544038335,24.855110636960486
5855,30,2,6,2,5,5129,26,19,26,1,CN(C)C1CCC(=O)[SH]1(=NC1([SH](=O)=O)NC([SH](=O)=O)NC1[N+](=O)O)C(=O)[O][Na],463.2553213214716,19.746225835737214
8290,42,7,8,9,10,5020,26,9,22,13,CCN(CC)C1:C(N=O):C:S(OC):O:C:1=[SH]1(N(CC)CC)CCC(NC(C)=O)C1S(=O)(=O)O,463.252849343202,13.73842634713864
209,2,21,25,16,2,1444,8,14,17,5,N=C1:C(CN(CC(=O)O)CC(=O)O):C:C:C(C=CC(=O)C2(C(=O)O):C:C:C(Cl):O:C:2C(F)(F)F):C:1Br,463.2230274595301,17.835248489915923
2035,11,23,24,6,10,6572,33,24,25,3,CCNC1:C:N(C(C)C):C:C([N+](=O)O):C:1=C1C(C)C(=N)SC1C(C)C,463.19455816882163,10.456809201447458
5027,26,3,4,4,19,5009,26,17,24,10,CCC1CC(CC)(C(=N)S2(C(F)(F)F)C(C(C)C)CCC2S(=O)(=O)[O][Na])SC1C,463.18218548836774,18.327755208394034
5671,29,7,20,6,7,6801,35,11,7,4,CCC1CC(N)(N=CC2SN(OC)C([O][Na])C2[N+](=O)O)C(OC)N1,463.17629055899914,18.409335582299526
1168,6,11,14,17,12,892,5,10,5,9,CCN(CC)C1:C:C(Cl):C(S(=O)(=O)[O][Na]):S(C#CC#CC2:C:C(C(F)(F)F):C(C(=O)O):C:B:2N):C:1,463.1182015848934,18.527033213423167
2876,15,23,19,4,11,2750,14,23,20,18,CCNC1:S:C(C(=O)[O][Na]):C:C(CC):C:1C#CC1(NCC):C:C(C(=O)OCC):C:S([O][Na]):C:1,463.1064920819499,23.151217811048067
7586,38,14,19,18,4,9571,48,3,3,5,CCOC(=O)C1(C=C[SH]2C(Cl)C[SH](C)C2C)C(C(=O)[O][Na])CSC1C(=O)O,463.0916883218909,33.65440467390509
2485,13,8,26,7,13,2252,12,3,19,26,COC1:C(C=CC=CC2:C:C(=O):C:C(C(=O)[O][Na]):N:2C):C:C(N=O):C:S:1=O,463.08936528908987,11.407632833386575
564,3,5,26,4,20,4590,23,3,26,1,CCC1:C(C=C(C)C=CC2C(C)CC(=O)C2N(C)C):N:C(Cl):C:C:1=O,463.062154937323,26.86808765927165
8697,44,10,14,11,7,2260,12,14,23,18,CCNC1:C(C(=O)OCC):C:C(N=CC2:C:C(N):C:S(C(=O)O):N:2S(=O)(=O)[O][Na]):N:C:1C(=O)O,463.05158771097695,30.96077459363198
6934,35,7,24,5,1,9420,48,19,12,11,COC1C(N=NS2(C(=O)[O][Na])CC(N)SC2O)CN(Cl)C1C(C)C,463.04784209329557,20.105460952330034
2365,12,24,14,11,10,4195,21,18,24,20,CCOC(=O)C1:C(C(C)C):S([O][Na]):C:C:S:1=C1:C:C(N):C(C(=O)O):N:C:1C(C)C,463.01598778237496,21.493633517128632
5380,27,8,8,21,17,5141,26,22,3,26,CC1CC(=O)S(C=CC=CC=CC=CC2C(Br)C(N=O)NN2N=O)(S(=O)(=O)O)C1,462.9380225382298,14.111012083005747
1480,8,23,24,16,1,5102,26,9,21,2,CCNC1:C(N=NS2(N(CC)CC)CC(Br)CC2[SH](=O)=O):C:C(CN(CC(=O)O)CC(=O)O):O:C:1C(C)C,462.9355032610127,23.35247185547066
6814,35,11,22,13,17,2078,11,1,12,21,CC(=O)NC1C(C=CC=CC=CC=CC2(N(C)C):C:C:C(Br):N:C:2O)C(N)CN1S(=O)(=O)O,462.8943026558266,32.22086005482057
5835,30,16,7,19,6,5088,26,18,18,12,CCOC(=O)C1CC(O)S(=CC2(C(=O)[O][Na])NCN(CN(CC(=O)O)CC(=O)O)C2OC)C1C(=O)OCC,462.88867234544443,31.44277036220524
7068,36,4,12,1,7,8564,43,19,19,24,CCC1OCC(C=NN2:C:C(C(C)C):C(C(=O)[O][Na]):C(C(=O)[O][Na]):N:2)(N(C)C)C1O,462.8716795277713,29.349602153960465
6342,32,16,6,18,15,871,5,19,5,19,CCOC(=O)C1(C=CC=CCS2(C(=O)[O][Na]):C:C:C:C(C(=O)[O][Na]):C:2Cl)CNC([N+](=O)O)[SH]1CN(CC(=O)O)CC(=O)O,462.86865332185624,26.475254099822727
8927,45,19,13,12,4,2184,11,14,23,21,CCNN1:C:C(Br):C:C(C=CC2:C(O):C(NC(C)=O):C:S:S:2C(=O)[O][Na])(C(=O)O):C:1,462.8504641891591,26.57262263404517
362,2,19,20,15,14,6518,33,6,26,4,CC[SH]1CCC(OC2:C(C(=O)[O][Na]):C:C:C([O][Na]):C:2=C(C#N)C#N)([N+](=O)O)C1=O,462.8498658849796,23.71149608862154
4643,24,1,3,8,18,2661,14,23,20,22,CCNC1(CNC2CC(N=O)C(C)N2N(C)C):C:C:C(S(=O)(=O)O):S([O][Na]):C:1,462.84747401791884,17.682078356137733
9230,47,9,19,13,12,3600,18,11,2,8,CCN(CC)C1:O:C(C#CC#CN2:C:C(N=O):S:C([SH](=O)=O):C:2N):C(NC(C)=O):C:S:1C(=O)[O][Na],462.8472577675093,26.391618600454997
9577,48,6,10,1,5,6586,33,13,21,14,CC(=O)NC1C(=NC2(N(C)C)C[SH](S(=O)(=O)[O][Na])C[SH]2[N+](=O)O)C(C(=O)O)C[SH]1Br,462.8228778794561,24.726351641770112
3430,18,5,11,7,15,4545,23,26,24,15,COC1:S:C(N):C(Cl):N:C:1C=CC=CCC1C(=O)CC(C(C)C)C1=C(C#N)C#N,462.8172300398266,28.491508794534315
1939,10,5,8,10,2,3518,18,25,13,12,CC(=O)NS1:C:C(=N):N(C(=O)C=CC2:C:C(Cl):C(N=O):N(S(=O)(=O)[O][Na]):C:2):C:C:1O,462.79613236657804,29.10570665236912
7317,37,16,24,18,10,7591,38,10,13,17,CCOC(=O)C1OC(C(C)C)C(CN(CC(=O)O)CC(=O)O)C1=C1SC(S(=O)(=O)[O][Na])C(NC(C)=O)C1C(F)(F)F,462.78982775026014,28.10327926829307
8125,41,12,3,12,18,4067,21,20,11,3,CC1:C:S(CNC2:O:N(O):C(C):C:C:2O)([O][Na]):C:C(N):S:1,462.772738959028,20.47616618444398
4459,23,18,14,22,9,7550,38,24,20,23,CCNC1CC(C(C)C)(C2C(C(=O)OCC)CC(C(=O)O)C2S(=O)(=O)O)SC1[O][Na],462.7482162991297,25.47602601877323
4532,23,21,17,24,15,1815,10,14,26,13,CC(=O)NC1:N:C:C:C(CC=CC=CC2(C(C)C)CC(Br)C(C(F)(F)F)C2)(C(=O)O):C:1=O,462.71456928983906,30.06800975558769
325,2,18,19,2,2,2745,14,19,19,5,CCOC(=O)C1:C:C(C(=O)[O][Na]):C:C([SH](=O)=O):C:1C=CC(=O)C1(C(=O)[O][Na]):C:C:C:S(Cl):C:1C(=O)[O][Na],462.6847181326772,21.151247726958843
9299,47,15,13,23,7,9457,48,5,14,24,CCNC1:C:C(C=N[SH]2CC(C(C)C)[SH](C(=O)O)C2Cl):O:C(=C(C#N)C#N):S:1NC(C)=O,462.63712686993887,14.823095957380636
951,5,14,20,20,4,4088,21,10,3,22,CC1:C:S:C(S(=O)(=O)O):C:S:1(C=CC1:S:C(C(=O)O):C([O][Na]):C:C:1[O][Na])S(=O)(=O)[O][Na],462.632317497412,23.29617686708234
8137,41,7,18,24,18,1904,10,20,19,22,CCOC(=O)C1:C:N(OC):O:C(NCC2:C:C:N(S(=O)(=O)O):C(C(=O)[O][Na]):C:2[O][Na]):C:1C(C)C,462.6222362376884,28.46718534076278
3748,19,20,12,19,2,2124,11,22,14,7,COC1:C:C:C(C(=O)C=CC2:O:C([O][Na]):C(O):O:C:2C(=O)[O][Na])(S(=O)(=O)O):C(C(=O)O):N:1,462.6202378575099,30.923153130539976
3021,16,17,13,5,12,4191,21,4,15,19,CCS1(C#CC#CC2:C(Cl):N(NC(C)=O):C:C:N:2C(F)(F)F):C:C:S(C(=O)[O][Na]):C(=C(C#N)C#N):C:1,462.5970856265687,15.321141617340736
6747,34,10,11,24,12,6385,32,22,11,6,CC(C)C1C(N)NC(S(=O)(=O)[O][Na])C1C#CC#C[SH]1C([N+](=O)O)C(N)NC1S(=O)(=O)O,462.5077919327705,14.609689467959809
5774,29,1,15,8,3,1932,10,2,7,4,CCC1:C:C(C=CC(=O)CC(=O)C=CC2(N=O)CC(=C(C#N)C#N)N(N(C)C)S2)([SH](=O)=O):C(OC):C:N:1,462.4940407641103,28.138974927689116
9029,46,13,11,20,9,5054,26,15,24,24,CC(=O)NC1:O:C([SH]2(=C(C#N)C#N)CC(C(C)C)CC2C(C)C):C:C([O][Na]):N:1N,462.46561672527366,29.610898607964906
3998,20,23,17,22,1,6634,34,4,4,19,CCNC1:C:S(C(F)(F)F):C(S(=O)(=O)O):C(N=NC2(CC)C(C(=O)[O][Na])CCN2CC):O:1,462.4369960265809,26.09234690869298
3041,16,14,8,10,8,4180,21,4,25,1,CCC1:C(=N):S:C(N(C)C):C:S:1=CC=C1:C:N:C(S(=O)(=O)[O][Na]):C(N=O):N:1C(=O)O,462.4229305830484,29.388820732433143
1356,7,5,14,9,18,1331,7,10,13,8,CCN(CC)C1:O:C:C(C(=O)O):C(Cl):C:1NCC1(S(=O)(=O)[O][Na]):C:C(N=O):O:C(NC(C)=O):C:1,462.42159836379705,22.13466391842139
6307,32,25,13,16,2,7486,38,8,9,12,CCN(CC)[SH]1CC(O)CC1(N=O)C(=O)C=CC1(CN(CC(=O)O)CC(=O)O)CN(NC(C)=O)C(=N)S1,462.41952344477056,13.335777541613286
2677,14,23,9,20,6,842,5,9,3,17,CCNC1:C(C=S2(N(CC)CC):C:C:C(C(F)(F)F):C:C:2C):C:C([O][Na]):S:C:1N(CC)CC,462.41830196219246,11.3404952366985
1645,9,14,4,4,5,6384,32,9,5,19,CCC1:C:O:C(C(=O)O):C(N=S2C(C(=O)[O][Na])C(Cl)NC2N(CC)CC):C:1CC,462.38679607948563,17.0926510915969
4950,25,24,15,14,16,4433,23,17,25,12,CC(C)C1OC(C=CC=CC=CC2(C(F)(F)F)C(=N)CCC2O)C(C(=O)O)C1=C(C#N)C#N,462.3648839356392,29.66098526068059
2164,11,7,16,18,15,2352,12,6,5,11,CCOC(=O)C1:C(CN(CC(=O)O)CC(=O)O):N:C:C(OC):C:1C=CC=CCC1([N+](=O)O):C:C(N):C:C(Cl):N:1,462.34560201926115,22.829793137398877
8836,45,5,10,23,6,7260,37,24,20,3,CCNC1:C:C(C=C2C(C)C([O][Na])OC2C(C)C):S(Cl):S:C:1S(=O)(=O)[O][Na],462.3066993049033,12.279961091627477
2081,11,9,11,12,17,6868,35,18,3,9,CCOC(=O)N1CC(C=CC=CC=CC=CC2:C:C(O):N(N):C:C:2N(CC)CC)C(N(CC)CC)C1C,462.2939463658354,19.523919284320137
2919,15,14,23,9,9,5663,29,17,3,6,CCNC1:C(N(CC)CC):C:C([SH]2C([N+](=O)O)CC(C)N2C(F)(F)F):C:S:1C(=O)O,462.2918519652606,19.197309856034067
8755,44,23,23,15,11,9491,48,14,21,7,CCNN1:C(C#CS2(C(=O)O)CC(OC)SC2Br):C:C:C(=C(C#N)C#N):S:1NCC,462.277819803873,14.13397829792031
1478,8,1,24,12,19,4556,23,20,10,25,CC(C)C1:O:C:C(O):C(C(=N)C2C(=N)CC(S(=O)(=O)[O][Na])C2[O][Na]):C:1N(C)C,462.27581336329985,17.231253017784656
6270,32,20,20,19,7,8907,45,8,2,18,CCOC(=O)C1:C:C([SH](=O)=O):S:S(N=O)(N=CC2(C(=O)[O][Na])C([O][Na])NC[SH]2[O][Na]):C:1,462.21197179061403,26.372255682359242
6435,33,5,14,9,7,4062,21,14,15,14,CCN(CC)C1(C=NS2(C(=O)O):C:C:S(C(=O)O):C(=C(C#N)C#N):C:2)CSC(C(=O)O)C1Cl,462.09810900173204,19.413830493376803
823,5,6,15,12,19,5198,26,22,22,9,CCN(CC)C1CCS(C(=N)C2:C:C(O):C:C(=C(C#N)C#N):S:2[N+](=O)O)(S(=O)(=O)O)C1S(=O)(=O)O,462.08057791470367,23.493379388223147
5071,26,13,4,5,20,6365,32,18,13,13,CCOC(=O)S1(C=CC(C)=CC2(Cl)C(CC)CC[SH]2NC(C)=O)CC(NC(C)=O)NC1NC(C)=O,462.0803278512456,9.682303057667118
2788,14,23,12,5,4,8953,45,9,25,3,CCNC1:C(O):S:C:C(Cl):C:1C=CS1:C:C(C):C(=N):C:S:1N(CC)CC,462.0502735970348,11.775581650638273
5146,26,26,7,24,17,2495,13,25,6,13,COC1CCC(C=CC=CC=CC=CC2:C:C:S(NC(C)=O):C([N+](=O)O):C:2=N)(C(C)C)S1=O,462.0402516488918,16.703768360797028
6667,34,25,19,25,1,6295,32,5,3,17,CC1C(C(F)(F)F)[SH](N=NC2C(=N)NC(C(=O)[O][Na])C2=N)CN1Cl,462.02772883252544,26.719552015740042
5200,26,11,5,24,1,2987,15,1,4,19,CCS1:C(C(=O)[O][Na]):C:C:C:C:1(N=NC1(C(C)C)SC(N)CC1Cl)N(C)C,461.98305432934166,25.947717153787615
509,3,24,21,17,7,2403,13,20,24,8,CC(C)C1:C:C(Br):C(C(F)(F)F):C(C=NC2([O][Na]):C:C:S(N=O):C(C(C)C):C:2):N:1,461.96522967266446,23.3206186568418
4910,25,19,24,2,12,6248,32,24,16,19,CC(C)C1C(C(=O)[O][Na])OC(C#CC#CS2(C(C)C)C(CN(CC(=O)O)CC(=O)O)NCC2C(=O)[O][Na])C1[SH](=O)=O,461.9133163197971,29.690614165098278
9018,46,20,24,10,7,971,5,5,17,15,CC(C)N1:C(S(=O)(=O)[O][Na]):C:C(C=NS2:C:C(=C(C#N)C#N):C:C(C(F)(F)F):C:2Cl):O:C:1[O][Na],461.89776957548736,20.671823663389738
2726,14,24,1,20,1,5693,29,18,5,24,CCOC(=O)N1CC(Cl)C(C(C)C)[SH]1N=NC1:C:C(C(C)C):S:C(N(C)C):C:1[O][Na],461.86852472535895,15.615627456328209
2615,14,6,11,4,2,330,2,16,14,22,CCC1:C:S(N):C:C([N+](=O)O):C:1C=CC(=O)C1(CN(CC(=O)O)CC(=O)O):C:C(S(=O)(=O)O):C:C:C:1C(=O)O,461.8598655095799,32.10716208094917
522,3,14,15,16,6,8855,45,11,3,5,CC1:C(Cl):C:C:S(=CC2:C(CN(CC(=O)O)CC(=O)O):C(=C(C#N)C#N):C:C:N:2C(=O)O):S:1N,461.85505698979466,15.692832917480855
3407,18,24,16,19,14,901,5,1,24,8,CC(C)C1:C:C(N=O):C:C:S:1(OC1:C:S(C(=O)[O][Na]):C:C(CN(CC(=O)O)CC(=O)O):N:1C(C)C)N(C)C,461.8226208361158,21.807714746685818
300,2,18,19,14,11,7479,38,15,12,25,CCOC(=O)C1:C:C(C(=O)[O][Na]):C:C(C(=O)O):C:1C#CC1C(=N)CC(O)S1=C(C#N)C#N,461.79650335400373,15.733098519700187
8350,42,10,8,16,7,2574,13,17,7,21,COC1:C:S:C(Br):C:C:1(N=CC1:O:S(S(=O)(=O)[O][Na]):C:C(N=O):C:1CN(CC(=O)O)CC(=O)O)C(F)(F)F,461.7401840209792,36.341795476156435
972,5,6,5,11,7,498,3,26,5,10,NC1:C(Cl):C:C([N+](=O)O):S:C:1C=NN1:C:C(S(=O)(=O)[O][Na]):C:C(Cl):C:1=O,461.73366007085497,25.718777920543936
4430,23,16,6,11,4,2255,12,11,8,20,NC1(C=CC2(N):C:C:C:C([O][Na]):N:2N=O)CCC([N+](=O)O)C1CN(CC(=O)O)CC(=O)O,461.7296477979836,24.93651812580401
4047,21,13,4,14,2,6678,34,16,1,18,CCOC(=O)C1CCC(CN(CC(=O)O)CC(=O)O)(C(=O)C=CC2:C:S(C(=O)O):C(CC):C(NC(C)=O):S:2)N1N(C)C,461.70386901543077,15.536783362694749
8386,42,6,19,24,4,6468,33,22,10,3,CC(C)C1:C:C(C=CC2(S(=O)(=O)O)CC(C)[SH](S(=O)(=O)[O][Na])C2):O:S([N+](=O)O):C:1C(=O)[O][Na],461.6993613528017,22.693147857937788
9692,49,4,2,20,9,6362,32,19,20,6,CCN1ONC([O][Na])(S2(C(=O)[O][Na])CCN([N+](=O)O)C2[O][Na])C1[SH](=O)=O,461.6906047669724,22.94539379984576
2674,14,15,16,11,14,6208,32,7,13,12,COC1N(NC(C)=O)CC(O)[SH]1OC1:C:C(=C(C#N)C#N):S:C(CN(CC(=O)O)CC(=O)O):C:1N,461.6542456702301,15.813337628552338
5440,28,25,5,18,16,5008,26,4,7,7,CCOC(=O)C1(C=CC=CC=CS2(CC)CC(OC)CC2OC)ONC(=N)C1Cl,461.6148235714557,17.453890650586853
1684,9,5,8,6,4,1661,9,7,20,1,COC1:O:C(C=CC2:C:O:C(Cl):C(N=O):C:2[N+](=O)O):C:C(N(C)C):C:1[O][Na],461.61262791241217,15.251179230397215
387,2,5,22,12,2,5154,26,20,15,4,CCC1CS([O][Na])(C(=O)C=CC2:C:C(O):C(S(=O)(=O)O):C:C:2Cl)CC1=C(C#N)C#N,461.6035921028025,17.86311327092027
1002,6,12,1,21,10,7495,38,17,3,25,CC1CC(=N)C(=C2:C:C(Br):C:C(N(C)C):B:2O)[SH]1C(F)(F)F,461.60234839669556,14.884170458715095
1085,6,13,5,24,4,6522,33,1,17,20,CC(=O)NB1:C(Cl):C:C:C(C(C)C):C:1C=CC1(N(C)C)C[SH](C(F)(F)F)CC1[O][Na],461.5518236607255,6.072349905036502
3112,16,10,6,17,4,5254,27,25,25,24,CC(C)C1C(=N)C(=N)NN1C=CC1:C(C(F)(F)F):N:C([N+](=O)O):C:N:1S(=O)(=O)[O][Na],461.4886601155846,25.397990317339353
3172,16,16,18,20,5,4040,21,18,9,3,CCOC(=O)C1:C([O][Na]):N:C:C(N=S2:C:C(C):S(N(CC)CC):C:C:2C(=O)OCC):N:1CN(CC(=O)O)CC(=O)O,461.46738923880946,29.811592636062738
3318,17,18,7,5,11,6343,32,22,18,20,CCOC(=O)C1NC([O][Na])CS1(C#CC1:C(Cl):O:C:C(OC):N:1C(=O)OCC)S(=O)(=O)O,461.4656637489933,27.820788551000682
2439,13,11,17,16,9,1045,6,2,14,6,NC1:C(B2:C:C:C([N+](=O)O):C(C(=O)O):C:2[SH](=O)=O):C:S:C(CN(CC(=O)O)CC(=O)O):C:1C(F)(F)F,461.45368590548753,17.129216814760582
4108,21,17,24,12,14,6376,32,25,20,10,CC(C)S1:C:C:S(C(F)(F)F):C(O[SH]2C(=N)NC([O][Na])C2S(=O)(=O)[O][Na]):C:1O,461.394717168188,21.469352244916674
6498,33,2,2,6,14,6488,33,19,2,6,O=C([O][Na])C1(OC2([N+](=O)O)CC([SH](=O)=O)SC2[SH](=O)=O)CC([N+](=O)O)SC1[SH](=O)=O,461.3888149742021,21.973621801984326
4161,21,7,25,1,13,6602,34,7,4,1,CCC1CN(OC)C(C=CC=CC2:C:S(N(C)C):C(=N):C:S:2OC)C1N(C)C,461.367294987095,21.298232465985645
3113,16,23,4,20,11,6764,34,8,13,22,CCNC1:N:C(C#CC2(N=O)NC(NC(C)=O)CC2S(=O)(=O)O):C([O][Na]):N:C:1CC,461.3647628961595,8.301021181577184
4841,25,20,25,12,13,995,5,6,7,18,CCOC(=O)C1:C:S(C=CC=CC2OC([O][Na])C(=N)C2O):C:C([N+](=O)O):C:1OC,461.3510235811922,19.21652407810346
328,2,1,10,11,12,8910,45,7,10,15,COS1(C#CC#CC2:C(N(C)C):C:C:C(S(=O)(=O)[O][Na]):C:2N):C:C(=C(C#N)C#N):C(S(=O)(=O)[O][Na]):C:S:1,461.3314135303851,17.315280680018816
9453,48,20,9,5,10,2133,11,21,24,14,CCN(CC)[SH]1C[SH]([O][Na])C(=C2:C:C(C(=O)O):C:N(C(C)C):C:2Br)C1Cl,461.3207649690459,18.18195233808211
1153,6,17,19,5,6,2710,14,20,14,6,O=C([O][Na])C1:C:C:B(C(F)(F)F):C(C=C2:C:C([N+](=O)O):C:S(C(=O)O):C:2[O][Na]):C:1Cl,461.2479306906195,16.708888397728227
1849,10,20,21,16,5,856,5,6,4,3,CCC1:C(C):C:S(=NC2:C:N(CN(CC(=O)O)CC(=O)O):C(Br):C:C:2[O][Na]):C:C:1[N+](=O)O,461.20224325395066,17.137205180768937
2641,14,2,8,23,4,2113,11,19,13,11,CCNS1:C:C:C(C=CC2(C(=O)[O][Na]):C:C:C(N):N(NC(C)=O):C:2):C([SH](=O)=O):C:1N=O,461.18633334432207,20.291096381951917
8668,44,9,7,19,5,8879,45,13,1,23,CCNC1:C:C:S(=NC2:C:C(C(=O)[O][Na]):C:S(OC):N:2N(CC)CC)(NC(C)=O):S:C:1N(C)C,461.16216332067205,21.017260838422835
4007,21,14,8,2,18,2750,14,23,20,18,CCNC1(CNC2:C:S([SH](=O)=O):C(N=O):C:S:2C(=O)O):C:C(C(=O)OCC):C:S([O][Na]):C:1,461.1432247885794,28.18139293055221
2489,13,23,8,13,6,1699,9,12,12,3,CCNC1:C(C=C2:C:C(C):C(O):C(O):O:2):C:S(NC(C)=O):C:C:1N=O,461.1291178777482,26.295407427090367
3942,20,21,18,23,2,2694,14,24,7,26,CCNS1:C:C(C=CC(=O)C2:C:C:C(=O):S(OC):C:2C(C)C):O:C(Br):C:1C(=O)OCC,461.0606422145105,23.5339873801359
1450,8,22,12,20,18,9668,49,21,16,25,N=C1C(CN(CC(=O)O)CC(=O)O)N(Br)ON1CNC1:C(S(=O)(=O)O):C:O:C(O):C:1[O][Na],461.0504331157875,24.09841288207216
8638,44,2,20,3,14,2265,12,24,24,24,CC1:C:C(OC2:C:C(C(C)C):C(C(C)C):C:N:2C(C)C):N([SH](=O)=O):S:C:1[O][Na],461.0423717930016,28.178717911209144
6257,32,7,15,24,9,2567,13,7,16,21,COC1:C(C2(C(C)C)CNC(=C(C#N)C#N)[SH]2OC):C:C:S(Br):C:1CN(CC(=O)O)CC(=O)O,461.022804094232,13.137116082749069
1651,9,25,22,17,13,7449,38,22,19,4,CCC1CC(C(=O)[O][Na])[SH](S(=O)(=O)O)C1C=CC=CC1:C:O:C(=N):C(S(=O)(=O)O):C:1C(F)(F)F,461.01958315005476,23.858347134134927
5225,27,12,16,23,1,5133,26,26,22,22,CCNC1(N=N[SH]2(=O)CC(S(=O)(=O)O)CC2S(=O)(=O)O)CC(CN(CC(=O)O)CC(=O)O)NN1O,461.00769001683466,22.312162461407627
1893,10,23,1,25,1,9566,48,7,24,19,CCNC1:C:C(N=NS2(OC)CSC(C(C)C)C2C(=O)[O][Na]):C(=N):N:C:1N(C)C,460.9838829835955,25.02265835564236
5422,28,20,12,19,14,8875,45,17,11,19,NC1:C:S(C(F)(F)F):S(OC2(C(=O)[O][Na])ONC([O][Na])C2O):C:C:1C(=O)[O][Na],460.9825835960886,22.17260041354441
1119,6,2,13,13,2,5043,26,25,17,16,CC(=O)NC1:C:C(C=CC(=O)[SH]2(=N)CC(CN(CC(=O)O)CC(=O)O)C(C(F)(F)F)C2):B:C([SH](=O)=O):C:1NC(C)=O,460.9736258163387,20.936291882002692
8847,45,7,5,11,19,1890,10,22,17,15,COS1:S:C(C(=N)C2:C:C(S(=O)(=O)O):N(C(F)(F)F):C(=C(C#N)C#N):C:2):C(N):C:C:1Cl,460.96314113991383,18.848220353643196
2644,14,13,24,11,2,2804,15,18,18,18,CCOC(=O)C1:C:C:C:C(C(=O)C=CC2:C(N):C:S(C(C)C):C:C:2NC(C)=O)(C(=O)OCC):S:1C(=O)OCC,460.95787399365963,17.607378329600014
4135,21,3,16,10,10,4487,23,18,9,2,CCOC(=O)C1CC(N(CC)CC)C([SH](=O)=O)C1=C1:C:S(S(=O)(=O)[O][Na]):C:C(CN(CC(=O)O)CC(=O)O):S:1C,460.9174058253022,29.6274564349558
9553,48,6,13,7,18,5246,27,10,20,25,COC1(NCN2CC(=N)C([O][Na])N2S(=O)(=O)[O][Na])SC[SH]([N+](=O)O)C1NC(C)=O,460.9137386420991,22.371951388390755
7389,37,4,20,6,14,3561,18,16,23,6,CCNS1:C(CN(CC(=O)O)CC(=O)O):C:N(OC2([N+](=O)O)CC(CC)OC2[O][Na]):C:C:1[N+](=O)O,460.89901450917813,23.641502790843443
8377,42,16,11,8,1,8729,44,19,4,22,CCC1:C:S(C(=O)[O][Na]):N(N=NC2:O:S:C(CN(CC(=O)O)CC(=O)O):C(N):C:2N=O):C:C:1S(=O)(=O)O,460.8802571868672,33.204291997023226
2067,11,17,5,6,11,3444,18,3,21,19,CC1:C(Br):S:C(C(=O)[O][Na]):C:N:1C#CC1:C(C(F)(F)F):C:N:C(Cl):C:1[N+](=O)O,460.8682388266943,15.72505152121596
3727,19,15,19,24,4,5713,29,8,5,13,CC(=O)NC1C[SH](C=CC2:O:C(=C(C#N)C#N):C(C(=O)[O][Na]):O:C:2C(C)C)N(N=O)C1Cl,460.86308542710066,39.65868964109227
8447,43,2,1,17,9,2516,13,22,16,10,CN(C)C1:N:N([SH](=O)=O):C(C2(S(=O)(=O)O):C:C:S:C(S(=O)(=O)[O][Na]):C:2CN(CC(=O)O)CC(=O)O):C:C:1C(F)(F)F,460.86109808984673,15.774234394188909
1047,6,19,8,16,7,9501,48,9,9,13,CCN(CC)C1SCS(N=CC2:B:C:C(C(=O)[O][Na]):C(N=O):C:2CN(CC(=O)O)CC(=O)O)(N(CC)CC)C1NC(C)=O,460.8211832020135,15.724966979721495
3444,18,3,21,19,2,1160,6,13,13,2,CC(=O)NC1:B(C(=O)C=CC2:N:C(C):C(Br):S:C:2C(=O)[O][Na]):C:C:C([SH](=O)=O):C:1NC(C)=O,460.7720253203664,16.09741393844357
9409,48,22,11,15,13,2938,15,1,23,17,CCNS1:C:C:C(C(F)(F)F):C:C:1(C=CC=CC1C(=C(C#N)C#N)SC(N)[SH]1S(=O)(=O)O)N(C)C,460.7698496589378,24.341275351014975
1045,6,2,14,6,9,7460,38,3,3,19,CC1SC(C2:B:C([SH](=O)=O):C(C(=O)O):C([N+](=O)O):C:2)C(C(=O)[O][Na])C1C,460.70181107263335,24.125670156315962
2470,13,19,12,24,5,1963,10,12,16,11,CC(C)C1:S:C:C(O):C(C(=O)[O][Na]):C:1N=C1:C:C(N):N(CN(CC(=O)O)CC(=O)O):C:C:1O,460.7016092433155,28.118425338175964
4052,21,19,1,21,19,5874,30,13,6,21,CC(=O)NC1N(C(=N)C2:C:S(Br):C:C(N(C)C):S:2C(=O)[O][Na])CC(Br)N1[N+](=O)O,460.6741582148329,23.442828895612195
1700,9,6,12,14,15,8883,45,22,26,18,CCOC(=O)C1:C:S(CC=CC=CC2:C(C(=O)O):C:C(O):O:C:2[N+](=O)O)(S(=O)(=O)O):S:C:C:1=O,460.66805047950595,18.71668744660838
7366,37,14,2,18,6,2670,14,15,7,7,CCOC(=O)C1(C=C2:C:C(OC):C:S(OC):C:2=C(C#N)C#N)COC([SH](=O)=O)C1C(=O)O,460.62900240538227,28.936593727553753
6889,35,3,7,2,3,5077,26,7,21,18,CCOC(=O)C1C(Br)CC(OC)[SH]1C=CC(=O)CC(=O)C=CC1([SH](=O)=O)CNC(OC)C1C,460.62040756410295,15.463544734466218
4729,24,16,16,18,7,1897,10,11,20,7,CCOC(=O)C1(C=NC2(N):C:C:N(OC):C([O][Na]):C:2)CC(CN(CC(=O)O)CC(=O)O)CN1CN(CC(=O)O)CC(=O)O,460.61996367535465,42.217510443224086
5247,27,18,24,11,20,6591,33,8,23,8,CCN[SH]1CC(N=O)C(C=CC(C)=CC2(N)C(C(C)C)CNN2C(=O)OCC)C1N=O,460.57353179559095,17.762174815597344
8914,45,18,11,7,20,319,2,11,21,1,CCOC(=O)S1:C(C=C(C)C=CC2(N):C:C(N(C)C):C:C:C:2Br):C(OC):C:C:S:1N,460.5334299383999,25.66280264615492
6821,35,25,8,8,18,6361,32,11,20,13,CC(=O)NC1C([O][Na])NCS1(N)CNC1(N=O)CC(=N)N(N=O)C1,460.47161433582585,31.768247255203416
6493,33,13,14,21,12,2602,14,7,14,13,COC1:C(C#CC#CC2(Br)CC(NC(C)=O)SC2C(=O)O):C:C:C(NC(C)=O):S:1C(=O)O,460.33417440541825,13.590288695170415
8720,44,12,23,15,6,2623,14,14,20,22,CCNC1:C:C(=C(C#N)C#N):C(C=C2:C:C(S(=O)(=O)O):C([O][Na]):S(C(=O)O):C:2):N:S:1O,460.30415266166045,27.940508969312944
7465,38,12,8,13,19,1701,9,16,23,4,CCNC1:O:C(CN(CC(=O)O)CC(=O)O)(C(=N)C2CC(NC(C)=O)[SH](N=O)C2O):C:C:C:1CC,460.29019950867615,27.116328934648728
1889,10,24,19,11,4,8802,45,24,25,6,CC(C)C1:C:C(C=CS2(C(C)C):C:C([N+](=O)O):C(=N):C:S:2):C(N):N(C(=O)[O][Na]):C:1,460.2785960280653,13.7258988976515
2035,11,23,24,6,16,2646,14,18,12,18,CCNC1:C:N(C(C)C):C:C([N+](=O)O):C:1C=CC=CC=CC1(C(=O)OCC):C:C(C(=O)OCC):C:S:C:1O,460.1996117653982,11.33280368420615
8690,44,15,9,2,19,8674,44,22,10,1,CCN(CC)C1:C:S(=C(C#N)C#N):N:C(C(=N)N2:C:C:C(N(C)C):C(S(=O)(=O)[O][Na]):S:2S(=O)(=O)O):C:1[SH](=O)=O,460.16389979110556,21.191767119521057
5791,29,3,19,3,4,9465,48,4,8,20,CCS1(C=CC2(C)CC(C(=O)[O][Na])N[SH]2C)CSC(N=O)C1[O][Na],460.1502962965272,34.52933073261294
5797,29,20,4,12,2,5754,29,8,3,19,CCC1CC(O)(C=CC(=O)S2(N=O)NC(C)CC2C(=O)[O][Na])[SH]([O][Na])N1,460.13359778710367,27.573952983020593
6626,34,21,2,18,19,3293,17,14,19,5,CCOC(=O)C1(C(=N)N2:C:C(Cl):O:C(C(=O)[O][Na]):C:2C(=O)O)C(Br)NCC1[SH](=O)=O,460.0953431566978,32.931290140588814
1200,6,19,13,11,18,4077,21,21,24,9,CCN(CC)S1:C:C:S(Br)(CNC2:C:C(N):C(NC(C)=O):C:B:2C(=O)[O][Na]):C:C:1C(C)C,460.03880124290333,27.129640761011466
6223,32,18,10,17,7,7311,37,22,25,21,CCOC(=O)[SH]1CNC(S(=O)(=O)[O][Na])C1(C=NC1C(Br)C(=N)OC1S(=O)(=O)O)C(F)(F)F,460.0369035675643,25.392616310796203
7036,36,2,19,8,13,8944,45,2,18,3,CCOC(=O)S1:C:C:C(C):C:S:1(C=CC=CC1(N=O)COC([SH](=O)=O)C1C(=O)[O][Na])[SH](=O)=O,460.03550739135045,31.10566477408833
6242,32,25,25,9,16,4462,23,6,7,11,CCN(CC)C1(C=CC=CC=CC2([N+](=O)O)CCC(OC)C2N)C(=N)NCS1=N,460.0236862241512,16.848012598811227
9590,48,17,24,14,12,7153,36,21,25,20,CC(C)C1SCC(C#CC#CC2(Br)OCC(=N)C2[O][Na])(C(=O)O)[SH]1C(F)(F)F,460.0169372981503,25.907070452089744
9449,48,2,26,22,20,6980,35,23,3,13,CCNC1(C=CC(C)=CC2SC([SH](=O)=O)S(=O)C2S(=O)(=O)O)CC(NC(C)=O)NC1C,459.97869021674904,18.61839369932588
1788,9,1,3,4,17,9452,48,1,13,11,CCC1:C:C(C):O:C(N(C)C):C:1C=CC=CC=CC=CS1(N(C)C)CC(N)SC1NC(C)=O,459.95685964906727,11.42665073435015
4521,23,14,26,12,12,3040,16,10,10,13,CC(=O)NN1:C:C:N(C#CC#CC2(O)CC(C(=O)O)CC2=O):C(S(=O)(=O)[O][Na]):C:1S(=O)(=O)[O][Na],459.94391881741046,18.981751856251933
3895,20,20,13,13,19,1358,7,24,4,19,CCC1:C:O:C(C(=O)[O][Na]):C:C:1(C(=N)C1:O:C([O][Na]):C:S(NC(C)=O):C:1NC(C)=O)C(C)C,459.9314718608251,30.923479466811177
482,3,2,23,17,2,1553,8,23,25,10,CCNC1:C(C(F)(F)F):C:C:C(C=CC(=O)C2(NCC):C:C:C(S(=O)(=O)[O][Na]):O:C:2=N):N:1[SH](=O)=O,459.92963471455977,13.250753437452238
1892,10,23,19,4,11,9431,48,6,14,2,CCNC1:C:C(C(=O)[O][Na]):N:C(CC):C:1C#CS1([N+](=O)O)CC([SH](=O)=O)[SH](C(=O)O)C1,459.87975013866287,13.953253673307287
2825,15,14,22,18,12,4439,23,4,16,14,CCOC(=O)C1:C:C(C#CC#CC2(CC)CCC(CN(CC(=O)O)CC(=O)O)C2C(=O)O):C(C(=O)O):S(S(=O)(=O)O):C:1,459.8769100224781,34.17863264258703
2885,15,6,3,22,4,6870,35,12,5,18,CCOC(=O)C1CN(Cl)CC1(O)C=CC1:C:S([N+](=O)O):C(C):C:C:1S(=O)(=O)O,459.85594668301644,7.556669805972309
1597,8,14,13,20,12,5643,29,9,14,20,CCN(CC)S1(C#CC#CC2:C([O][Na]):C:O:C(NC(C)=O):C:2C(=O)O)CC([O][Na])C(C(=O)O)N1,459.8389458453101,19.57801514784044
1105,6,4,19,16,11,5050,26,19,11,24,CCC1:B:C(C#CS2(C(=O)[O][Na])C(N)CCC2C(C)C):C:C(CN(CC(=O)O)CC(=O)O):C:1C(=O)[O][Na],459.8320365536212,9.716118591109057
300,2,18,19,14,12,7063,36,2,10,4,CCOC(=O)C1:C:C(C(=O)[O][Na]):C:C(C(=O)O):C:1C#CC#CC1OC([SH](=O)=O)C(S(=O)(=O)[O][Na])C1CC,459.8110593231498,7.752607929944403
6356,32,4,11,1,16,4748,24,13,12,14,CCN1CSC(C=CC=CC=CN2CC(NC(C)=O)C(O)C2C(=O)O)(N(C)C)C1N,459.7745122849531,18.796152371945233
4475,23,2,2,7,15,2293,12,8,14,6,COC1C(C=CC=CCC2(N=O):C:C:C:C([N+](=O)O):N:2C(=O)O)C([SH](=O)=O)CC1[SH](=O)=O,459.7545319509647,16.600744005070805
459,3,17,26,20,7,1635,9,23,9,23,CCNC1:C:C:C(N=CC2:N:C(C(F)(F)F):C:C(=O):C:2[O][Na])(NCC):O:C:1N(CC)CC,459.67703861047056,20.275825661574498
9662,49,11,20,21,2,8528,43,11,1,19,CN(C)C1:C(C(=O)[O][Na]):C:C:N(C(=O)C=CC2(Br)C([O][Na])NON2N):N:1N,459.67509760016054,13.627927571896562
9483,48,26,24,4,7,9474,48,14,1,15,CCC1(C=NS2(C(=O)O)CC(=C(C#N)C#N)[SH](N(C)C)C2)C(C(C)C)SCS1=O,459.67376777275933,25.53734436965367
513,3,7,11,19,1,4528,23,10,25,17,COC1:N:C(N=NC2(S(=O)(=O)[O][Na])CCC(C(F)(F)F)C2=N):C:C(C(=O)[O][Na]):C:1N,459.6709613912145,17.836246051352855
8380,42,11,25,10,8,4547,23,11,10,22,N=C1:C:C(S(=O)(=O)[O][Na]):C(=CC=C2CC(S(=O)(=O)O)C(S(=O)(=O)[O][Na])C2N):O:S:1N,459.650019539555,29.349102867062783
5494,28,26,26,7,2,1058,6,20,24,9,CCN(CC)C1:C:B(C(=O)C=CC2(OC)ONC(=O)C2=O):C:C([O][Na]):C:1C(C)C,459.6399871863734,32.29164817222784
2352,12,6,5,11,2,9501,48,9,9,13,CCN(CC)C1SCS(C(=O)C=CC2:C(N):C:C(Cl):N:C:2[N+](=O)O)(N(CC)CC)C1NC(C)=O,459.62181561803544,18.31973657839952
6632,34,17,17,4,3,582,3,7,6,13,CCC1(C=CC(=O)CC(=O)C=CN2:C:C(NC(C)=O):C([N+](=O)O):C:C:2OC)CN(C(F)(F)F)CC1C(F)(F)F,459.58604035723084,22.344264522053326
2467,13,5,6,23,13,2121,11,8,4,25,CCNC1:S:C([N+](=O)O):C:C(Cl):C:1C=CC=CC1:C:C:C(=N):N(CC):C:1N=O,459.58052137120205,24.762775152145657
8465,43,19,12,23,18,8694,44,11,16,25,CCNC1:C:C(NCN2:C:C(=N):C(CN(CC(=O)O)CC(=O)O):C(N):S:2):N:N(C(=O)[O][Na]):C:1O,459.5671526795274,24.884453634209855
3532,18,5,11,22,9,5159,26,19,26,1,CN(C)C1CCS(C(=O)[O][Na])(C2:N:C(Cl):C:S(N):C:2S(=O)(=O)O)C1=O,459.5416748076194,19.16209053390197
3152,16,23,16,7,11,2162,11,5,20,13,CCNN1:C:C(CN(CC(=O)O)CC(=O)O):N(OC):C:C:1C#CC1:C:C:C(NC(C)=O):N([O][Na]):C:1Cl,459.5164636935998,22.431360869206237
6365,32,18,13,13,18,378,2,20,14,17,CCOC(=O)[SH]1C(NC(C)=O)NC(NC(C)=O)C1NCC1:C:C(C(F)(F)F):C:C(C(=O)O):C:1[O][Na],459.5110126929647,19.109111904618935
4468,23,6,25,16,20,6408,33,7,22,23,CCNC1C(S(=O)(=O)O)SCC1(C=CC(C)=CC1(CN(CC(=O)O)CC(=O)O)CCC(=N)C1[N+](=O)O)OC,459.4949449092686,29.87077594086763
60,1,21,2,15,14,2641,14,2,8,23,CCNS1:C:C:C:C(OC2=CC(Br)=C([SH](=O)=O)C2=C(C#N)C#N)([SH](=O)=O):C:1N=O,459.478360089529,36.20465373605921
230,2,2,15,5,12,6996,35,2,13,14,CC(=O)NN1CC(C#CC#CC2:C:C(Cl):C:C(=C(C#N)C#N):C:2[SH](=O)=O)([SH](=O)=O)CC1C(=O)O,459.43870866094403,25.483432083595687
8808,45,4,19,8,11,1924,10,8,21,17,CCS1:S:C(C(=O)[O][Na]):C:C(N=O):C:1C#CC1:C:C(C(F)(F)F):N(Br):C:C:1N=O,459.40107231761687,21.563167935437754
2098,11,25,13,3,2,2295,12,20,19,19,CC(=O)NC1:N:C(C):C:C(C=CC(=O)C2([O][Na]):C:C(C(=O)[O][Na]):C(C(=O)[O][Na]):C:N:2):C:1=N,459.3993682687994,18.236602221485608
6704,34,8,5,26,18,4429,23,13,22,19,CC(=O)NC1CC(CNC2CC(=O)N(Cl)C2N=O)C(C(=O)[O][Na])C1S(=O)(=O)O,459.385506646364,18.052337233505007
2327,12,23,16,17,12,6816,35,23,15,1,CCNC1NC(=C(C#N)C#N)C(N(C)C)C1C#CC#CC1:C:N(NCC):C:C(CN(CC(=O)O)CC(=O)O):C:1C(F)(F)F,459.38015011345095,37.67508773352802
6770,34,22,7,14,6,6705,34,8,10,6,CON1C(C(=O)O)CC(C=C2C([N+](=O)O)C(S(=O)(=O)[O][Na])CN2N=O)C1S(=O)(=O)O,459.3711874752718,25.212340068903547
7493,38,23,21,18,12,8956,45,5,25,9,CCN[SH]1CC(C#CC#CS2(Cl):C:C(N(CC)CC):C:C(=N):S:2)C(C(=O)OCC)C1Br,459.3094754879559,31.212040779591888
4523,23,13,5,12,13,6885,35,13,24,16,CC(=O)NC1CC(O)(C=CC=CC2(NC(C)=O)CNC(C(C)C)C2CN(CC(=O)O)CC(=O)O)CC1Cl,459.29345945292397,23.147022190069208
395,2,14,11,18,7,2972,15,5,18,10,CCOC(=O)C1:C(N):C:C(C(=O)O):C:C:1C=NC1:C:C(S(=O)(=O)[O][Na]):C(C(=O)OCC):C(Cl):S:1,459.2651375391157,24.400185525047085
8946,45,4,4,11,16,4546,23,1,9,24,CCC1:S:S:C(C=CC=CC=CC2(N(C)C)CC(C(C)C)CC2N(CC)CC):C(N):C:1CC,459.20463157579917,22.419517495469588
328,2,1,10,11,13,6755,34,6,3,26,CC1C(=O)C(C=CC=CC2:C(N(C)C):C:C:C(S(=O)(=O)[O][Na]):C:2N)NC1[N+](=O)O,459.2016097364303,9.399021295865948
2910,15,21,23,11,20,4493,23,17,8,8,CCNC1:C(N):C:C(C=C(C)C=CC2(C(F)(F)F)C(N=O)CCC2N=O):C:S:1Br,459.1996694415927,8.514146684428672
5793,29,22,21,19,11,3378,17,18,21,23,CCNC1:C:N(C#CC2(C(=O)[O][Na])CC(Br)N[SH]2S(=O)(=O)O):C(C(=O)OCC):C(Br):O:1,459.19849033797874,21.74121627120257
2062,11,18,9,25,9,7527,38,20,2,5,CCOC(=O)C1:C(C2([O][Na])CC(Cl)C([SH](=O)=O)S2):C:C(=N):N:C:1N(CC)CC,459.194492657957,17.828385354844944
7565,38,16,3,19,12,6798,34,1,22,19,CC1SC(CN(CC(=O)O)CC(=O)O)C(C#CC#CC2(N(C)C)NCC(S(=O)(=O)O)C2C(=O)[O][Na])C1C(=O)[O][Na],459.1807407723186,25.377853444625796
1087,6,13,24,3,12,9547,48,2,14,19,CC(=O)NC1:C:B:C(C#CC#CS2([SH](=O)=O)CC(C(=O)[O][Na])[SH](C(=O)O)C2):C(C):C:1C(C)C,459.14571058796,5.4100080230239636
4085,21,13,5,2,10,6288,32,16,22,8,CC(=O)NC1:S:C(=[SH]2(CN(CC(=O)O)CC(=O)O)CC(N=O)NC2S(=O)(=O)O):C:S([SH](=O)=O):C:1Cl,459.06908062878045,26.314159625665813
2370,12,21,9,2,4,1746,9,16,18,21,CCOC(=O)C1:C(Br):C:C(C=CC2:C:C:C([SH](=O)=O):N(N(CC)CC):C:2Br):O:C:1CN(CC(=O)O)CC(=O)O,459.0517934979134,18.86830556693159
4656,24,17,6,7,13,7386,37,4,21,22,CCC1(C=CC=CC2CC(OC)C([N+](=O)O)N2C(F)(F)F)CC(S(=O)(=O)O)OC1Br,459.0424683300556,19.779628576104813
2359,12,17,8,7,8,9552,48,17,22,20,COC1:C(N=O):C:N(C(F)(F)F):C:C:1=CC=[SH]1(C(F)(F)F)CSC(S(=O)(=O)O)C1[O][Na],459.02875371151885,26.360459852141215
6585,33,4,19,7,2,219,2,21,7,19,CCC1C(C(=O)[O][Na])SCC1(C=CC(=O)C1(Br):C:C(C(=O)[O][Na]):C:C:C:1OC)OC,458.99787782128976,26.025159489236387
2785,14,5,22,2,20,2242,12,13,2,18,CCOC(=O)C1:C:C:C:C(C=CC(C)=CC2:C:C([SH](=O)=O):S:C(S(=O)(=O)O):C:2Cl)(NC(C)=O):N:1[SH](=O)=O,458.9938670385967,19.811772592673236
4582,23,14,21,3,19,1877,10,6,10,16,CC1(C(=N)C2([N+](=O)O):C:C(CN(CC(=O)O)CC(=O)O):N:C:C:2S(=O)(=O)[O][Na])CCC(Br)C1C(=O)O,458.9793772610868,45.941351537436134
5330,27,17,22,6,4,8857,45,12,1,24,CC(C)C1:C:S(C=CC2([N+](=O)O)CCN(S(=O)(=O)O)N2C(F)(F)F):S(O):C:C:1N(C)C,458.92185157168035,9.544592717259471
4189,21,21,9,25,4,4594,23,16,2,14,CCN(CC)C1:C(Br):S:C(C=CC2C(CN(CC(=O)O)CC(=O)O)CC([SH](=O)=O)C2C(=O)O):C:S:1=N,458.90394039308075,24.96833681928806
8771,44,13,17,24,5,8911,45,20,14,15,CC(=O)NN1:C(N=S2([O][Na]):C:C(=C(C#N)C#N):C:C:S:2C(=O)O):C:C:C(C(C)C):S:1C(F)(F)F,458.86460808492467,26.43832715918537
8275,42,8,19,3,4,2667,14,8,8,22,CC1:C:C(C(=O)[O][Na]):S(N=O):O:C:1C=CC1:C:C(S(=O)(=O)O):C(N=O):S:C:1N=O,458.8473828955992,36.16761097927983
2898,15,16,20,23,18,2352,12,6,5,11,CCNC1:C:C(NCC2([N+](=O)O):C:C(N):C:C(Cl):N:2):C:S(CN(CC(=O)O)CC(=O)O):C:1[O][Na],458.82305222444893,23.3155823990625
1183,6,17,24,14,18,5057,26,9,4,23,CCNC1C[SH](CNC2:B:C(C(F)(F)F):C(C(C)C):C:C:2C(=O)O)C(N(CC)CC)C1CC,458.790195320296,10.191811681597288
7403,38,26,17,5,17,6393,32,26,11,14,NC1N(C(=O)O)CC[SH]1(=O)C=CC=CC=CC=CC1(Cl)CSC(=O)C1C(F)(F)F,458.7119467307181,12.61870152014948
854,5,8,22,4,11,8911,45,20,14,15,CCC1:C(S(=O)(=O)O):C:C(N=O):S:C:1C#CS1([O][Na]):C:C(=C(C#N)C#N):C:C:S:1C(=O)O,458.6824256208063,20.932944358688527
4589,23,20,3,2,4,8885,45,7,9,18,CCOC(=O)C1:C:S(C=CC2([SH](=O)=O)CC(C)C([O][Na])C2)(OC):S:C:C:1N(CC)CC,458.67172731010515,21.103857098108303
8293,42,21,20,20,11,1878,10,2,9,3,CCN(CC)C1:C:C(C#CC2:C:C([O][Na]):C([O][Na]):S(Br):O:2)([SH](=O)=O):C:C:N:1C,458.66305891382797,17.134969192847898
1816,10,23,17,14,12,3410,18,10,12,12,CCNC1:C(C#CC#CN2:C:C(O):S:C(O):C:2S(=O)(=O)[O][Na]):C:N:C(C(=O)O):C:1C(F)(F)F,458.5430797231529,22.009438282886784
7274,37,5,22,23,3,6613,34,3,11,2,CCNC1(C=CC(=O)CC(=O)C=CC2NC(C)C(N)C2[SH](=O)=O)C(Cl)COC1S(=O)(=O)O,458.499401063547,18.597007516416564
5977,30,8,22,10,12,3368,17,1,1,19,CN(C)C1:O:C(C(=O)[O][Na]):C:N(C#CC#CC2(S(=O)(=O)[O][Na])C(S(=O)(=O)O)NCN2N=O):C:1N(C)C,458.4944520312687,23.653855000446253
9422,48,22,21,16,19,1969,10,14,13,24,CC(=O)NC1:C:C(C(=N)C2C(CN(CC(=O)O)CC(=O)O)[SH](Br)C[SH]2S(=O)(=O)O)(C(=O)O):C:C:N:1C(C)C,458.4914551412656,26.201461882601997
5658,29,10,26,12,1,2258,12,23,9,2,CCNC1:N:C(N=NC2C(O)C(=O)N[SH]2S(=O)(=O)[O][Na]):C:C([SH](=O)=O):C:1N(CC)CC,458.46147987570384,16.467240336973177
6489,33,10,21,10,7,4469,23,19,7,23,CCNC1CCC(OC)C1(N=CC1(S(=O)(=O)[O][Na])CC[SH](S(=O)(=O)[O][Na])C1Br)C(=O)[O][Na],458.4586064370499,23.708538132353404
508,3,19,18,21,1,8406,43,10,26,10,CCOC(=O)C1:C(Br):C:C(N=NN2:C:C(S(=O)(=O)[O][Na]):C:C(=O):N:2S(=O)(=O)[O][Na]):N:C:1C(=O)[O][Na],458.4327604676808,18.321135068344606
4417,23,6,24,21,1,1938,10,8,24,19,CC(C)C1:C:N(C(=O)[O][Na]):C:C:C:1(N=O)N=NC1CC(Br)C(C(C)C)C1[N+](=O)O,458.4079213465835,17.03598979443011
2789,14,16,13,12,2,1119,6,2,13,13,CC(=O)NC1:C:C:B(C(=O)C=CC2:C:C(CN(CC(=O)O)CC(=O)O):S(NC(C)=O):C:C:2O):C([SH](=O)=O):C:1NC(C)=O,458.40088193539503,25.406938446662682
5167,26,19,19,16,12,7205,37,7,19,20,COC1(C#CC#CC2C(CN(CC(=O)O)CC(=O)O)CC(C(=O)[O][Na])[SH]2C(=O)[O][Na])C([O][Na])COC1C(=O)[O][Na],458.3966728701097,30.953743873835723
1665,9,17,21,20,4,4092,21,22,22,26,O=C1:S:C:C:S(C=CC2:C([O][Na]):C:C(Br):O:C:2C(F)(F)F)(S(=O)(=O)O):C:1S(=O)(=O)O,458.3780106241062,18.0954277922773
1471,8,8,23,1,14,9426,48,2,19,9,CCNC1:O:C(N(C)C):C:C(O[SH]2CC(N(CC)CC)[SH](C(=O)[O][Na])C2[SH](=O)=O):C:1N=O,458.3562420306495,16.428405433606017
6393,32,26,11,14,19,1058,6,20,24,9,CCN(CC)C1:C:B(C(=N)C2CN(C(=O)O)C(N)S2=O):C:C([O][Na]):C:1C(C)C,458.3446171692152,24.91679184920161
2080,11,21,10,17,13,7496,38,14,26,19,O=C1C[SH](C(=O)O)C(C=CC=CC2:C(C(F)(F)F):C:N:C(S(=O)(=O)[O][Na]):C:2Br)C1C(=O)[O][Na],458.3133264521413,15.707542833841087
3971,20,6,26,9,12,5163,26,23,7,3,CCNC1C(OC)C(C)C[SH]1C#CC#CC1:O:C([N+](=O)O):C:S(=O):C:1N(CC)CC,458.26542500260183,12.37063262607444
4798,24,16,21,9,19,4416,23,7,4,5,CCC1C(OC)CC(C(=N)C2NC(CN(CC(=O)O)CC(=O)O)C(Br)C2N(CC)CC)C1Cl,458.22828114752485,12.123900152195075
1148,6,9,3,21,13,1785,9,21,11,17,CCN(CC)B1:C(C):C:C:C(Br):C:1C=CC=CC1(Br):C:C:C(C(F)(F)F):C(N):O:1,458.22647559117405,16.971987421198754
1878,10,2,9,3,5,8997,45,1,11,19,CCN(CC)C1:C:C([SH](=O)=O):C(N=S2(N(C)C):C:C(C(=O)[O][Na]):C:C:S:2N):C:N:1C,458.22582720722596,27.885481028851085
4467,23,5,1,2,16,6588,33,7,11,23,CCNC1C[SH](N)C(OC)C1C=CC=CC=CC1C(Cl)CC(N(C)C)C1[SH](=O)=O,458.2062810324675,25.058226690312978
6351,32,25,23,25,17,2348,12,5,18,6,CCNN1CS(=N)C(C=CC=CC=CC=CC2:C:C([N+](=O)O):C:C(C(=O)OCC):N:2Cl)C1=N,458.1943918602794,17.616387626937595
8621,44,21,7,21,11,5822,30,20,15,18,CCOC(=O)C1C(=C(C#N)C#N)NC([O][Na])N1C#CC1:C:C(Br):C:S(OC):N:1Br,458.19091430875795,23.272849429746554
3953,20,12,13,19,9,6266,32,15,3,23,CCNN1CC[SH](=C(C#N)C#N)(C2:C:S(C(=O)[O][Na]):C(NC(C)=O):C(O):O:2)C1C,458.1538321329537,21.54852720179913
2046,11,8,4,2,2,2595,13,1,4,19,CCC1:C(N=O):C(C=CC(=O)C2(N(C)C):C:C:S(CC):C(C(=O)[O][Na]):C:2):C:C:N:1[SH](=O)=O,458.1411824532116,16.007490103804916
6458,33,25,3,8,11,5230,27,4,10,4,CCC1C(S(=O)(=O)[O][Na])CN(CC)N1C#CC1C(=N)C(C)SC1N=O,458.08251286236737,22.596619333272763
3161,16,6,22,21,15,5104,26,25,17,23,CCNC1CC(C(F)(F)F)C[SH]1(=N)CC=CC=CC1:N:C([N+](=O)O):C:N(S(=O)(=O)O):C:1Br,458.07719647674156,15.62753836063502
2614,14,26,14,17,20,3197,16,17,11,21,CC(C=CN1:C:C(Br):N(N):C(C(F)(F)F):C:1)=CC1:C:C(C(F)(F)F):S(C(=O)O):C:C:1=O,458.0633351433388,25.51630411241132
2731,14,9,20,12,11,217,2,1,14,14,CCN(CC)C1:C(C#CC2:C:C(C(=O)O):C(C(=O)O):C(N(C)C):C:2):C:C(O):S:C:1[O][Na],458.0623145254437,15.60856655364592
6944,35,18,12,13,2,4062,21,14,15,14,CCOC(=O)C1CC(C=CC(=O)S2(C(=O)O):C:C:S(C(=O)O):C(=C(C#N)C#N):C:2)(NC(C)=O)CN1O,458.05000406222354,26.877552380469293
2684,14,21,12,16,5,2211,12,19,13,14,CC(=O)NC1:C(C(=O)O):C:C:C(=NC2:C:C(CN(CC(=O)O)CC(=O)O):S:C(O):C:2Br):N:1C(=O)[O][Na],458.0357206976988,31.472830011291432
756,4,7,6,19,15,1565,8,12,18,17,CCOC(=O)C1:O:C(O):C(CC=CC=CC2:O:C(OC):C([N+](=O)O):C:C:2C(=O)[O][Na]):C:C:1C(F)(F)F,457.9595977852965,11.775996542616227
8901,45,8,22,1,18,6768,34,23,14,20,CCNN1CC(C(=O)O)C([O][Na])C1CNC1:C(N(C)C):C:C(S(=O)(=O)O):S:S:1N=O,457.9562473556954,20.324432883480604
5900,30,5,2,1,16,4475,23,2,2,7,COC1CC(C=CC=CC=CC2(N(C)C)CN([SH](=O)=O)C(Cl)N2)([SH](=O)=O)CC1[SH](=O)=O,457.9231187545662,15.451614749366497
1422,8,18,21,7,18,980,5,3,24,20,CCOC(=O)C1:C:C(NCS2(C):C:C:C(C(C)C):C([O][Na]):C:2):C(OC):C(Br):O:1,457.91100704267836,21.914256664296072
7709,39,7,22,24,7,3019,16,25,16,20,COC1:O:C(C=NN2:C:C([O][Na]):N:C(CN(CC(=O)O)CC(=O)O):C:2=N):C(C(C)C):C(S(=O)(=O)O):O:1,457.83161133682336,31.71567425255492
4417,23,6,24,21,2,5793,29,22,21,19,CC(C)C1C(Br)CC(C=CC(=O)S2(S(=O)(=O)O)NC(Br)CC2C(=O)[O][Na])C1[N+](=O)O,457.82663686931875,23.57084767371213
2580,13,20,6,26,18,7412,38,13,18,23,CCNC1CC(C(=O)OCC)[SH](NC(C)=O)C1CNC1:C:C([O][Na]):C:S([N+](=O)O):C:1=O,457.82578690007387,22.00537197867824
9348,47,19,12,5,18,5720,29,16,10,16,O=C(O)CN(CC(=O)O)CC1CC(S(=O)(=O)[O][Na])NS1(CNC1:O:C:S(C(=O)[O][Na]):C(O):C:1Cl)CN(CC(=O)O)CC(=O)O,457.815058609887,23.057188523447866
425,3,10,22,12,18,2216,12,24,26,16,CC(C)C1:N:C(CNC2:C:C(O):C:C(S(=O)(=O)O):N:2S(=O)(=O)[O][Na]):C:C(CN(CC(=O)O)CC(=O)O):C:1=O,457.7959287681957,32.02351250960897
4529,23,21,11,9,3,5717,29,7,9,9,CCN(CC)C1CN(N(CC)CC)S(C=CC(=O)CC(=O)C=CC2(N(CC)CC)CC(N)C(Br)C2)(OC)C1,457.78193672477147,20.48375274710897
3091,16,17,18,24,4,4105,21,17,9,21,CCOC(=O)C1:C(C(F)(F)F):N:C(C=CS2:C:C(Br):S:C(N(CC)CC):C:2C(F)(F)F):C:N:1C(C)C,457.7799110079426,16.764424385406993
7458,38,5,22,23,11,9451,48,26,1,20,CCNC1(C#C[SH]2C(=O)[SH](N(C)C)CC2[O][Na])CC[SH](S(=O)(=O)O)C1Cl,457.73402686063963,30.521267170673948
5110,26,4,1,19,9,2802,15,7,13,7,CC[SH]1CCC(N(C)C)C1(C(=O)[O][Na])C1(OC):C:C(OC):C(NC(C)=O):C:S:1,457.7280768889136,20.27849765779775
3530,18,8,17,19,11,849,5,16,10,17,O=NN1:C:C:S(C(F)(F)F):C(C(=O)[O][Na]):C:1C#CS1(CN(CC(=O)O)CC(=O)O):C:C(C(F)(F)F):C:C(S(=O)(=O)[O][Na]):C:1,457.71063064220016,17.955496690179057
2665,14,22,15,4,16,958,5,6,6,8,CCC1:C:S(=C(C#N)C#N):C:C(S(=O)(=O)O):C:1C=CC=CC=CS1:C:C:C(N=O):C([N+](=O)O):C:1[N+](=O)O,457.6916532267322,18.9894744098121
7511,38,26,20,19,12,6836,35,2,5,19,O=C([O][Na])C1CC(C#CC#CC2(C(=O)[O][Na])CSC(=O)C2[O][Na])([SH](=O)=O)CN1Cl,457.63103944050306,23.149504351597518
6922,35,22,9,19,6,2462,13,21,13,5,CCN(CC)C1NC(S(=O)(=O)O)CC1(C=C1:C:C(Cl):S(NC(C)=O):C(Br):C:1)C(=O)[O][Na],457.60673284123067,22.737432238339853
5320,27,16,4,21,7,1979,10,8,2,3,CCN1CCC(Br)(C=NC2(N=O):C:C:N([SH](=O)=O):C(C):C:2)N1CN(CC(=O)O)CC(=O)O,457.58232894179844,21.343645255040176
4500,23,14,16,6,12,8956,45,5,25,9,CCN(CC)C1:C:C(=N):S:S(Cl)(C#CC#CC2([N+](=O)O)CC(CN(CC(=O)O)CC(=O)O)C(C(=O)O)C2):C:1,457.5803746967752,27.703764027543798
2366,12,9,9,2,15,7103,36,13,26,11,CCN(CC)C1:C:C([SH](=O)=O):C(C=CC=CCC2(NC(C)=O)CC(N)C(=O)O2):C:N:1N(CC)CC,457.55665077612446,28.113677212399406
6379,32,19,7,17,19,7471,38,13,22,25,CON1CC(C(=N)C2(NC(C)=O)C(=N)CC[SH]2S(=O)(=O)O)(C(F)(F)F)SC1C(=O)[O][Na],457.5202123195924,24.006826589338857
1669,9,16,4,25,16,943,5,24,12,17,CCC1:C:C(=N):C(C=CC=CC=CS2(C(C)C):C:C(C(F)(F)F):C:C:C:2O):C(CN(CC(=O)O)CC(=O)O):O:1,457.47649045549724,8.71579752859736
6845,35,18,7,13,13,1237,7,13,8,18,CCOC(=O)C1:C:C(C=CC=CC2CN(NC(C)=O)C(OC)C2C(=O)OCC):C(NC(C)=O):C(N=O):O:1,457.4741158511923,19.868694677202495
2584,13,21,7,23,9,2649,14,4,20,20,CCNC1:S:C:C(OC):C(Br):C:1C1(CC):C:C([O][Na]):C:S([O][Na]):C:1,457.47270875691027,19.353152558484357
404,3,24,10,5,9,2932,15,16,9,22,CCN(CC)S1:C:C(S(=O)(=O)O):C:C:C:1(CN(CC(=O)O)CC(=O)O)C1:C(Cl):C:C(S(=O)(=O)[O][Na]):C:N:1C(C)C,457.459589106601,22.882686452558247
9431,48,6,14,2,9,6449,33,4,23,19,CCNC1SCC(C(=O)[O][Na])C1(CC)C1C([SH](=O)=O)[SH](C(=O)O)C[SH]1[N+](=O)O,457.4519586866002,18.171473483753836
3844,20,7,8,10,14,6733,34,19,7,4,CCC1CC(OC)NC1(OC1:O:C(OC):C(N=O):S:C:1S(=O)(=O)[O][Na])C(=O)[O][Na],457.4162284586411,19.151777835628767
9636,49,16,5,23,1,6871,35,17,9,5,CCNC1(N=NC2(C(F)(F)F)CN(N(CC)CC)CC2Cl)C(Cl)NON1CN(CC(=O)O)CC(=O)O,457.3787285320044,21.805736894261706
1827,10,25,16,4,20,6306,32,16,14,16,CCC1:C(C=C(C)C=CS2(CN(CC(=O)O)CC(=O)O)CC(CN(CC(=O)O)CC(=O)O)N(C(=O)O)C2):C(=N):C:C:N:1CN(CC(=O)O)CC(=O)O,457.3561852110637,19.201229822312133
5094,26,6,20,25,15,7182,36,4,26,23,CCNC1CC(CC)(CC=CC=CC2SC([N+](=O)O)C([O][Na])C2=N)OC1=O,457.3339550644731,10.828642036634706
9360,47,23,6,14,5,6278,32,17,16,20,CCNC1:O:C(N=[SH]2(C(F)(F)F)CCN([O][Na])C2CN(CC(=O)O)CC(=O)O):C(C(=O)O):C([N+](=O)O):S:1,457.3294839622863,29.456936872633044
1999,10,16,2,7,8,2589,13,4,21,23,CCNC1:C:C(=CC=C2:C:C(CN(CC(=O)O)CC(=O)O):C:N([SH](=O)=O):C:2OC):C(CC):C:S:1Br,457.32478086405627,17.82209901088226
6728,34,14,2,23,20,858,5,7,9,8,CCNC1(C=C(C)C=CS2(OC):C:C:C(N(CC)CC):C(N=O):C:2)CNC(C(=O)O)C1[SH](=O)=O,457.30721876308314,24.211493384160857
1466,8,26,13,6,7,2225,12,10,6,15,CC(=O)NC1:O:C:C([N+](=O)O):C(C=NC2(S(=O)(=O)[O][Na]):C:C:C(=C(C#N)C#N):C([N+](=O)O):N:2):C:1=O,457.29927419680405,47.56723812323701
206,2,18,12,17,13,573,3,5,7,15,CCOC(=O)C1:C:C(O):C(C(F)(F)F):C(C=CC=CN2:C:C:C(=C(C#N)C#N):C(OC):C:2Cl):C:1,457.2737567379874,12.723017485065247
7369,37,1,8,24,5,5035,26,20,11,23,CCNC1CS(=NC2(C(C)C)C(N=O)OCC2N(C)C)C([O][Na])C1N,457.26990602266403,16.222377718660493
7395,37,3,18,3,15,4189,21,21,9,25,CCOC(=O)C1OCC(C)(C=CC=CCS2:C:C:S(=N):C(N(CC)CC):C:2Br)C1C,457.2504884608061,19.683415741676985
3341,17,5,19,2,7,921,5,10,22,16,O=C(O)CN(CC(=O)O)CC1:C:C:C(S(=O)(=O)O):S(N=CC2:C:O:C([SH](=O)=O):C(C(=O)[O][Na]):N:2Cl)(S(=O)(=O)[O][Na]):C:1,457.22430571317443,22.00335062043655
2745,14,19,19,5,8,1417,8,17,26,3,CC1:C:C(=CC=C2:C:C:S(Cl):C(C(=O)[O][Na]):C:2C(=O)[O][Na]):C(C(F)(F)F):O:C:1=O,457.2166582335093,21.31893491888904
4828,25,25,23,23,2,2102,11,20,23,14,CCNC1:N:C(C(=O)O):C:C:C:1([O][Na])C(=O)C=CC1(NCC)CC(NCC)C(=N)O1,457.2125813182103,24.78665140916007
2286,12,1,10,9,11,3461,18,8,1,12,CCN(CC)C1:C:C(C#CN2:C:C(O):S:C(N(C)C):C:2N=O):C(N(C)C):N:C:1S(=O)(=O)[O][Na],457.2065326099645,12.400516004789838
9610,49,6,13,17,13,377,2,16,9,24,CCN(CC)C1:C:C(CN(CC(=O)O)CC(=O)O):C(C=CC=CC2(C(F)(F)F)CN(NC(C)=O)ON2[N+](=O)O):C:C:1C(C)C,457.1117244495064,26.301867295754786
7095,36,8,20,2,7,373,2,1,19,21,CN(C)C1:C:C(C(=O)[O][Na]):C(Br):C:C:1N=CC1([SH](=O)=O)COC(N=O)C1[O][Na],457.0659724036203,11.147563907097028
2608,14,10,16,21,9,5061,26,18,8,3,CCOC(=O)S1(C2:C:C(S(=O)(=O)[O][Na]):S:C(CN(CC(=O)O)CC(=O)O):C:2Br)CCC(C)C1N=O,457.0657957954316,29.743606226392416
8457,43,21,16,21,19,6819,35,1,4,26,CCC1NC(=O)CC1(C(=N)C1:C(Br):C:C:N(CN(CC(=O)O)CC(=O)O):N:1Br)N(C)C,457.0558835014369,20.95544026396015
7405,38,26,24,24,11,6673,34,10,12,13,CC(=O)NC1C(O)CNC1(C#CC1CS(=O)C(C(C)C)C1C(C)C)S(=O)(=O)[O][Na],457.0469298284602,12.65569051283271
9358,47,12,19,22,7,2486,13,2,9,9,CCN(CC)C1:C:C(N=CC2:O:C(O):S(C(=O)[O][Na]):C:C:2S(=O)(=O)O):C:C([SH](=O)=O):S:1N(CC)CC,457.0349217383943,20.048717607840448
1969,10,14,13,24,1,1811,10,16,4,20,CCN1:C:C:C(CN(CC(=O)O)CC(=O)O)(N=NC2:C:N(C(C)C):C(NC(C)=O):C:C:2C(=O)O):C:C:1[O][Na],457.02221876398943,32.04991698444937
5359,27,2,11,18,16,2673,14,9,7,9,CCOC(=O)C1CN(N)N([SH](=O)=O)C1C=CC=CC=CC1(N(CC)CC):C:C:C(N(CC)CC):S(OC):C:1,457.0079147405365,24.01303291937572
2471,13,16,9,21,7,4146,21,19,3,17,CCN(CC)C1:C(Br):S:C:C(C=NS2(C(=O)[O][Na]):C:C:S(C(F)(F)F):C(C):C:2):C:1CN(CC(=O)O)CC(=O)O,457.0044439521347,16.934625786710196
7219,37,9,6,13,18,5612,29,24,14,11,CCN(CC)C1C([N+](=O)O)OCC1(NC[SH]1C(N)C(C(=O)O)CN1C(C)C)NC(C)=O,457.0015963018619,18.070659580629194
3131,16,25,9,14,2,4524,23,5,13,13,CCN(CC)N1:C:C(=N):N:C(C=CC(=O)C2(Cl)C(NC(C)=O)CCC2NC(C)=O):C:1C(=O)O,456.9193469898373,21.452076032401838
8772,44,4,4,14,20,2526,13,13,1,4,CCC1:S:N:C(C=C(C)C=CC2(NC(C)=O):C:C:S(N(C)C):C(CC):C:2):C(C(=O)O):C:1CC,456.90461637936033,19.351821932568
5619,29,11,22,6,7,1877,10,6,10,16,NN1SC(C=NC2([N+](=O)O):C:C(CN(CC(=O)O)CC(=O)O):N:C:C:2S(=O)(=O)[O][Na])([N+](=O)O)CC1S(=O)(=O)O,456.9029791622294,35.45224411002255
6738,34,4,6,25,20,2228,12,19,13,26,CCC1C(C=C(C)C=CC2(C(=O)[O][Na]):C:C(=O):C(NC(C)=O):C:N:2)C(=N)CN1[N+](=O)O,456.83704102958455,27.461604712066762
2833,15,25,18,11,1,7474,38,4,20,20,CCOC(=O)C1:C:C(N):C(N=NC2SC(CC)C([O][Na])C2[O][Na]):C:S:1=N,456.81501509367934,21.613249710423517
2279,12,5,17,24,17,1448,8,14,4,2,CCC1:O:C([SH](=O)=O):C:C:C:1(C=CC=CC=CC=CC1:C:C(C(C)C):C:N(C(F)(F)F):C:1Cl)C(=O)O,456.7968835167559,17.38650908014765
5678,29,15,17,20,14,2258,12,23,9,2,CCNC1:N:C(OC2C([O][Na])CN(C(F)(F)F)S2=C(C#N)C#N):C:C([SH](=O)=O):C:1N(CC)CC,456.77348503111546,12.74180742825085
1463,8,9,20,5,11,6259,32,10,1,14,CCN(CC)C1:C:O:C([O][Na]):C(Cl):C:1C#CS1(S(=O)(=O)[O][Na])CN(N(C)C)CC1C(=O)O,456.7492918031327,20.64973935856334
4103,21,17,23,25,4,6481,33,7,23,5,CCNC1:C:S(C(F)(F)F):C(C=CC2CC(Cl)[SH](NCC)C2OC):C:S:1=N,456.64104256591764,25.81118264064259
7469,38,26,1,16,17,1859,10,11,23,12,CCNC1:C(O):N:C:C:C:1(N)C=CC=CC=CC=CC1CC(CN(CC(=O)O)CC(=O)O)[SH](N(C)C)C1=O,456.57427700051977,18.587797066328527
7063,36,2,10,4,15,3551,18,2,9,22,CCN(CC)C1:C([SH](=O)=O):N(CC=CC=CC2(CC)COC([SH](=O)=O)C2S(=O)(=O)[O][Na]):C:C:S:1S(=O)(=O)O,456.5657180287364,22.677197792851498
8499,43,8,12,10,7,230,2,2,15,5,N#CC(C#N)=C1:C:C(Cl):C:C:C:1(N=CC1:N:N(N=O):C:C(O):C:1S(=O)(=O)[O][Na])[SH](=O)=O,456.56479788631503,37.175995578626164
4744,24,21,18,5,1,325,2,18,19,2,CCOC(=O)C1CN(Br)C(N=NC2(C(=O)OCC):C:C(C(=O)[O][Na]):C:C([SH](=O)=O):C:2)C1Cl,456.54596183304784,29.356160358012524
6306,32,16,14,16,1,6217,32,8,16,23,CCNC1CS(N=O)(N=NC2C(CN(CC(=O)O)CC(=O)O)N(C(=O)O)C[SH]2CN(CC(=O)O)CC(=O)O)CN1CN(CC(=O)O)CC(=O)O,456.5363096604909,21.361822212131425
1862,10,20,6,4,1,4661,24,16,20,17,CCC1:N:C([N+](=O)O):C:C([O][Na]):C:1N=NN1C(CN(CC(=O)O)CC(=O)O)CC([O][Na])C1C(F)(F)F,456.51352270495556,19.148111324286763
1188,6,22,7,4,16,6793,34,24,16,1,CCC1:C(OC):C:C:B(S(=O)(=O)O):C:1C=CC=CC=CC1NC(C(C)C)C(CN(CC(=O)O)CC(=O)O)C1N(C)C,456.501210369396,15.176287384502766
1107,6,2,20,12,12,2000,10,25,17,16,N=C1:C(C#CC#CC2:B:C:C([SH](=O)=O):C([O][Na]):C:2O):C:C(CN(CC(=O)O)CC(=O)O):N:C:1C(F)(F)F,456.4552866268306,18.19198969970112
9687,49,20,26,12,3,6209,32,8,3,8,CN1CC(N=O)S(C=CC(=O)CC(=O)C=CC2(O)C(=O)NON2[O][Na])(N=O)C1,456.4379833992337,22.910826063224174
6504,33,16,1,1,12,2829,15,14,25,15,CN(C)[SH]1CC(C#CC#CC2(C(=O)O):C:C:C(=C(C#N)C#N):C:S:2=N)(N(C)C)CC1CN(CC(=O)O)CC(=O)O,456.4160231158464,16.67207815741255
3472,18,22,3,20,10,9578,48,15,9,3,CCN(CC)C1[SH](C)CCS1(=C(C#N)C#N)=C1:N:C(S(=O)(=O)O):C:S(C):C:1[O][Na],456.4118278175488,27.734386139958875
3469,18,8,3,11,20,6985,35,23,25,1,CCNC1(C=CC(C)=CC2:C:S(N):C(C):C(N=O):N:2)CC(N(C)C)NC1=N,456.4069893089096,11.790262956008569
8821,45,23,4,18,10,6282,32,22,24,1,CCNS1:C:C(CC):C(C(=O)OCC):C(=[SH]2(S(=O)(=O)O)CC(N(C)C)N(C(C)C)C2):S:1,456.3927121089315,17.90345090788708
9059,46,6,7,25,4,2048,11,14,10,7,COC1:C:C(C=CC2:O:C([N+](=O)O):N(OC):C:C:2=N)(C(=O)O):C:N:C:1S(=O)(=O)[O][Na],456.3670732653183,28.811189271837222
8899,45,17,25,15,6,8944,45,2,18,3,CCOC(=O)S1:C:C:C(C):C:S:1(=CC1:C(=C(C#N)C#N):C:C(=N):S:S:1C(F)(F)F)[SH](=O)=O,456.3515211286317,32.06682282711516
2044,11,2,26,14,20,8514,43,5,18,6,CCOC(=O)C1:C([N+](=O)O):C:C:N(C=CC(C)=CC2:C([SH](=O)=O):C:N:C(=O):C:2C(=O)O):N:1Cl,456.3437667585131,22.11825236899481
2215,12,4,22,21,6,4168,21,16,1,24,CCC1:N:C:C(S(=O)(=O)O):C(Br):C:1C=S1:C:C(CN(CC(=O)O)CC(=O)O):S(N(C)C):C(C(C)C):C:1,456.3291691066785,26.572748869818955
8063,41,14,7,4,20,5957,30,9,1,22,CCC1:C:C(C=C(C)C=CN2CN(N(CC)CC)C(N(C)C)C2S(=O)(=O)O):O:N(C(=O)O):C:1OC,456.3148699038396,16.557062743644007
9569,48,20,26,1,7,6927,35,12,7,5,CON1C(Cl)CC(N=CC2(N(C)C)C(=O)SC[SH]2[O][Na])C1O,456.24381360738363,26.478620045039268
3044,16,24,7,16,15,1519,8,16,2,1,CON1:C:C:N(C(C)C):C(C=CC=CCC2:C:C(N(C)C):C([SH](=O)=O):O:C:2CN(CC(=O)O)CC(=O)O):C:1CN(CC(=O)O)CC(=O)O,456.23961975155964,24.394477128122258
5249,27,14,13,9,1,4194,21,26,24,25,CCN(CC)C1CN(NC(C)=O)N(C(=O)O)C1N=NS1(=O):C:C(C(C)C):S:C(=N):C:1,456.23176662042516,13.411415145156006
6714,34,2,11,15,7,2613,14,23,20,17,CCNC1:S:C([O][Na]):C(C(F)(F)F):C:C:1N=CC1C(=C(C#N)C#N)CN(N)C1[SH](=O)=O,456.22091892008063,25.99320353451413
3400,17,2,5,12,1,2182,11,18,9,10,CCOC(=O)C1(N=NC2:C:O:C(O):C(Cl):N:2[SH](=O)=O):C:N:C(N(CC)CC):C(S(=O)(=O)[O][Na]):C:1,456.2103239948672,26.190300043211355
8914,45,18,11,7,14,5084,26,8,16,24,CCOC(=O)S1:C(OS2(N=O)CCC(C(C)C)C2CN(CC(=O)O)CC(=O)O):C(OC):C:C:S:1N,456.20150701915645,16.432463343432225
4572,23,4,23,4,15,7548,38,26,15,22,CCNC1CCC(C=CC=CCC2SC(=O)C(=C(C#N)C#N)C2S(=O)(=O)O)(CC)C1CC,456.1930562285347,22.48149458985598
2879,15,1,12,1,12,6728,34,14,2,23,CCNC1C(C#CC#CC2:C:S(N(C)C):C:C(O):C:2N(C)C)NC(C(=O)O)C1[SH](=O)=O,456.1886055491982,32.99743411804327
4445,23,19,7,1,2,8499,43,8,12,10,COC1CC(C(=O)[O][Na])C(C=CC(=O)N2:C:C(S(=O)(=O)[O][Na]):C(O):C:N:2N=O)(N(C)C)C1,456.1883391245977,24.069770164783876
4580,23,13,11,3,20,2538,13,18,16,9,CCOC(=O)C1(C=CC(C)=CC2C(NC(C)=O)CC(N)C2C):C:C:S(N(CC)CC):C:C:1CN(CC(=O)O)CC(=O)O,456.10847424664337,27.994680941906925
6231,32,20,26,16,18,1835,10,25,24,5,CC(C)N1:C:C(=N):C(CNC2(CN(CC(=O)O)CC(=O)O)SC([O][Na])NC2=O):C:C:1Cl,456.10744830466945,27.663965977274568
1046,6,23,8,17,20,2810,15,9,6,17,CCNB1:C(N=O):C:C:C(C(F)(F)F):C:1C=C(C)C=CC1:C:C(C(F)(F)F):C([N+](=O)O):C:S:1N(CC)CC,456.1067459698121,14.194668072440246
5063,26,10,26,12,7,4097,21,20,21,1,CN(C)C1:S:C:C:S(N=CC2(O)C(=O)CC[SH]2S(=O)(=O)[O][Na])([O][Na]):C:1Br,456.0902573437355,21.09486338944378
3448,18,2,19,7,2,9456,48,4,11,10,CCS1(C(=O)C=CC2:C:S(OC):C(C(=O)[O][Na]):C:N:2[SH](=O)=O)C[SH](N)CC1S(=O)(=O)[O][Na],456.04655941528137,17.276569494538645
7000,35,21,12,23,7,7487,38,20,12,2,CCNC1(C=NC2([O][Na])CC([SH](=O)=O)C(O)S2)CNC(O)C1Br,456.045986785559,30.19254135773733
1051,6,17,12,13,19,8868,45,13,21,1,CC(=O)NC1:C:C(C(=N)S2:C:C(N(C)C):C(Br):C(NC(C)=O):S:2):B:C(C(F)(F)F):C:1O,456.0225311096691,20.552851742939925
3015,16,16,8,14,15,2604,14,13,18,4,CCOC(=O)C1:S:C(CC):C:C:C:1(CC=CC=CC1:N:C(CN(CC(=O)O)CC(=O)O):C(N=O):N:C:1C(=O)O)NC(C)=O,456.018715342056,20.129888894023985
5438,28,3,7,23,20,2135,11,8,21,15,CCNC1(C=C(C)C=CC2(N=O):C:N:C(Br):C(=C(C#N)C#N):C:2)ONC(C)C1OC,456.0124946658058,31.46979136761948
5170,26,17,9,4,5,2766,14,23,10,26,CCNS1:C:C(=NC2(CC)CC(N(CC)CC)C[SH]2C(F)(F)F):C:C(=O):C:1S(=O)(=O)[O][Na],456.00454401885673,22.74253845931669
3526,18,21,14,3,12,4095,21,25,23,17,CCNC1:S:C(C(F)(F)F):C:S(C#CC#CC2:N:C(Br):C(C(=O)O):S:C:2C):C:1=N,455.9895148874258,36.18139659551626
4687,24,13,3,2,6,6223,32,18,10,17,CCOC(=O)[SH]1(=CC2C([SH](=O)=O)CC(C)N2NC(C)=O)CNC(S(=O)(=O)[O][Na])C1C(F)(F)F,455.9659810342717,8.740603421913029
252,2,1,13,6,20,5988,30,26,12,14,CC(=O)NC1:C:C(N(C)C):C(C=C(C)C=CN2C(=O)N(O)CC2C(=O)O):C([N+](=O)O):C:1,455.9339156361202,8.362166199522768
6562,33,6,16,16,12,4483,23,7,21,22,COC1(C#CC#CC2(CN(CC(=O)O)CC(=O)O)CC[SH]([N+](=O)O)C2CN(CC(=O)O)CC(=O)O)CC(S(=O)(=O)O)CC1Br,455.9291085390899,24.553397914652347
5222,27,22,5,14,7,5792,29,20,25,11,N=C1C(N)C[SH](N=CC2(C(=O)O)CCN(Cl)N2S(=O)(=O)O)N1[O][Na],455.9222615377883,32.36889113411585
5743,29,17,23,8,1,1013,6,19,2,16,CCNN1CCC(N=O)(N=NB2:C:C(CN(CC(=O)O)CC(=O)O):C([SH](=O)=O):C(C(=O)[O][Na]):C:2)[SH]1C(F)(F)F,455.89288024998234,33.752406994612514
7182,36,4,26,23,9,8622,44,16,23,4,CCNC1:C(CC):C:N(C2C(CC)OC(=O)C2NCC):S:C:1CN(CC(=O)O)CC(=O)O,455.8917034543505,18.644683245233253
1356,7,5,14,9,15,2303,12,4,14,3,CCN(CC)C1:O:C:C(C(=O)O):C(Cl):C:1C=CC=CCC1(CC):C:C:C(C):C(C(=O)O):N:1,455.876283227106,17.229876223421865
5816,30,9,20,13,14,4465,23,17,12,1,CCN(CC)N1C([O][Na])NC(NC(C)=O)C1OC1(C(F)(F)F)CC(O)CC1N(C)C,455.85315214247237,19.328789822639315
527,3,6,16,21,18,2792,14,25,11,19,N=C1:C(CNC2:C(Br):C:C:C(CN(CC(=O)O)CC(=O)O):N:2[N+](=O)O):C:C(C(=O)[O][Na]):C:S:1N,455.81486703770895,32.14105862609971
8449,43,17,17,10,2,4133,21,6,12,26,O=C(C=CC1:C:C(S(=O)(=O)[O][Na]):C(C(F)(F)F):N(C(F)(F)F):N:1)S1([N+](=O)O):C:C:S(=O):C(O):C:1,455.8072016758914,27.639078944416433
4078,21,18,26,6,2,7226,37,11,11,19,CCOC(=O)C1:S:C(C=CC(=O)C2(N)COC(N)C2C(=O)[O][Na]):C([N+](=O)O):S:C:1=O,455.79664628362787,19.006661148093105
9148,46,3,8,20,11,8624,44,8,22,15,CC1:O:C(C#CN2:C:C:C(=C(C#N)C#N):C(S(=O)(=O)O):S:2N=O):C:C([O][Na]):N:1N=O,455.7864815579129,33.35556633556419
978,5,17,12,24,6,246,2,23,22,19,CCNC1:C(S(=O)(=O)O):C:C(C(=O)[O][Na]):C:C:1=CC1:C:C:C(C(C)C):C(O):S:1C(F)(F)F,455.7823816561301,21.54361454548296
2747,14,7,16,16,10,5701,29,4,13,23,CCNC1CN(NC(C)=O)[SH](CC)(=C2:C(CN(CC(=O)O)CC(=O)O):C:S:C(CN(CC(=O)O)CC(=O)O):C:2OC)C1,455.7731892433002,10.942152783278122
3759,19,8,11,25,12,2965,15,9,19,26,CCN(CC)C1:S:C(C#CC#CC2:O:C(N=O):C(N):O:C:2=N):C:C(=O):C:1C(=O)[O][Na],455.7707075440104,27.58571036712289
5862,30,16,16,10,6,8886,45,10,18,11,CCOC(=O)C1:C(N):C:C:S(=CC2(S(=O)(=O)[O][Na])CNC(CN(CC(=O)O)CC(=O)O)N2CN(CC(=O)O)CC(=O)O):S:1S(=O)(=O)[O][Na],455.7593578369606,30.070856606920792
2353,12,21,16,1,15,320,2,12,26,6,CN(C)C1:C:C(C=CC=CCC2(O):C:C:C:C([N+](=O)O):C:2=O):C(Br):N(CN(CC(=O)O)CC(=O)O):C:1,455.7495707235292,13.695458582325795
6331,32,16,1,5,2,2767,14,2,16,9,CCN(CC)C1:C:C(C(=O)C=CC2(Cl)SC(CN(CC(=O)O)CC(=O)O)NC2N(C)C)([SH](=O)=O):C:S:C:1CN(CC(=O)O)CC(=O)O,455.722895753259,26.77893896825121
2034,11,2,2,17,16,2818,15,14,13,22,CC(=O)NC1:C(S(=O)(=O)O):C:C:C(C=CC=CC=CC2:C:C([SH](=O)=O):N([SH](=O)=O):C:C:2C(F)(F)F):S:1C(=O)O,455.7060991447937,26.575718935198804
594,3,8,8,26,7,1304,7,18,20,20,CCOC(=O)C1(N=CC2:C:C(=O):C:C(N=O):N:2N=O):C:C([O][Na]):O:C:C:1[O][Na],455.6566116125674,16.52027876257666
3510,18,19,22,26,4,1931,10,19,10,2,O=C([O][Na])C1:N:C(C=CC2(C(=O)[O][Na]):C:C:N([SH](=O)=O):C:C:2S(=O)(=O)[O][Na]):C:S(=O):C:1S(=O)(=O)O,455.6378719592972,13.796335322302037
5976,30,21,9,2,19,6582,33,22,24,9,CCN(CC)C1NCC(C(=N)C2CC(N(CC)CC)[SH](C(C)C)C2S(=O)(=O)O)([SH](=O)=O)N1Br,455.62299602625217,13.63366481447867
2211,12,19,13,14,1,1935,10,17,10,19,CC(=O)NC1:C(C(=O)O):C:C(N=NC2(C(F)(F)F):C:C:N(C(=O)[O][Na]):C(S(=O)(=O)[O][Na]):C:2):C:N:1C(=O)[O][Na],455.5447981563615,28.647362543059828
1952,10,1,10,2,12,5190,26,23,10,24,CCNC1CC(S(=O)(=O)[O][Na])C(C(C)C)[SH]1C#CC#CC1:C:N:C([SH](=O)=O):C(S(=O)(=O)[O][Na]):C:1N(C)C,455.54377503200084,12.913222680812979
5882,30,6,9,3,19,2267,12,2,24,10,CCN(CC)N1CN([N+](=O)O)C(C)(C(=N)C2([SH](=O)=O):C:C(S(=O)(=O)[O][Na]):C(C(C)C):C:N:2)C1,455.4742401860532,20.87586969104148
7277,37,5,13,1,4,6444,33,4,20,21,CCC1(C=CC2(N(C)C)COC(NC(C)=O)C2Cl)C(Br)CSC1[O][Na],455.42635866796235,18.82924593287892
1079,6,6,20,8,2,5639,29,20,21,15,N#CC(C#N)=C1CC(Br)N([O][Na])[SH]1C(=O)C=CC1:C:C(N=O):C:C([O][Na]):B:1[N+](=O)O,455.4045180850697,27.48829071121508
5369,27,2,15,1,16,5662,29,24,12,17,CC(C)S1(C=CC=CC=CC2(N(C)C)CC(=C(C#N)C#N)NN2[SH](=O)=O)CCC(C(F)(F)F)N1O,455.3642056841406,28.648231365851338
5327,27,5,14,10,18,1534,8,10,2,8,O=NC1:C:C(CNC2(S(=O)(=O)[O][Na])C(C(=O)O)CNN2Cl):C(S(=O)(=O)[O][Na]):O:C:1[SH](=O)=O,455.36204658879916,30.317739822395055
1543,8,8,22,19,18,8596,43,23,1,25,CCNN1:C(N(C)C):C(=N):C:C:N:1CNC1:C:C(C(=O)[O][Na]):O:C(S(=O)(=O)O):C:1N=O,455.3194446266076,18.58206949607715
1459,8,4,17,8,13,6409,33,21,23,18,CCNC1SCC(C(=O)OCC)C1(Br)C=CC=CC1:C:C(N=O):O:C(C(F)(F)F):C:1CC,455.31167011341006,28.239469404582028
8462,43,23,18,8,15,7569,38,24,22,4,CCNN1:N:C(C(=O)OCC):C:C(N=O):C:1C=CC=CCC1(C(C)C)C(CC)CC[SH]1S(=O)(=O)O,455.31096845390357,29.61158392685154
5033,26,3,16,20,14,4478,23,19,10,14,C[SH]1CC(CN(CC(=O)O)CC(=O)O)C([O][Na])C1OC1CC(C(=O)O)C(S(=O)(=O)[O][Na])C1C(=O)[O][Na],455.30711155555235,33.895095173074345
9328,47,1,11,17,16,6323,32,9,16,11,CCN(CC)C1N(CN(CC(=O)O)CC(=O)O)CC(N)[SH]1C=CC=CC=CC1:O:C(N(C)C):S:C(N):C:1C(F)(F)F,455.30656849333536,17.60315434186903
5361,27,17,26,23,2,1509,8,21,10,19,CCNC1C(=O)N(C(F)(F)F)NC1C=CC(=O)C1:C:C(C(=O)[O][Na]):C(S(=O)(=O)[O][Na]):O:C:1Br,455.2671571753973,18.946471448616883
8620,44,7,20,18,4,5245,27,18,25,11,CCOC(=O)C1:C:C:S([O][Na]):N(OC):C:1C=CN1NC(C(=O)OCC)C(=N)C1N,455.247796612506,21.66620517300889
4091,21,10,11,10,11,6478,33,20,7,11,CO[SH]1CC(N)C(C#CC2:S:C(S(=O)(=O)[O][Na]):C:S(N):C:2S(=O)(=O)[O][Na])([O][Na])C1,455.1765875631064,27.557295231952576
3041,16,14,8,10,9,6605,34,19,9,8,CCN(CC)C1CNC(C(=O)[O][Na])(C2:C:N:C(S(=O)(=O)[O][Na]):C(N=O):N:2C(=O)O)C1N=O,455.165708338734,32.53285191916944
1988,10,17,18,6,4,5126,26,2,9,10,CCOC(=O)C1:C([N+](=O)O):N:C:C(C=CS2([SH](=O)=O)CCC(N(CC)CC)C2S(=O)(=O)[O][Na]):C:1C(F)(F)F,455.15789278119337,18.383403805170584
5020,26,9,22,13,20,465,3,11,18,4,CCOC(=O)C1:C(N):C:N(C=CC(C)=CC2CC(NC(C)=O)C(S(=O)(=O)O)[SH]2N(CC)CC):C:C:1CC,455.12838092041846,22.732051473663194
983,5,8,13,21,19,349,2,25,19,24,CC(=O)NC1:C:C(Br):C(C(=N)C2:C:C:C(C(C)C):C(C(=O)[O][Na]):C:2=N):S:C:1N=O,455.1114504618522,23.2577671705729
9546,48,10,12,21,18,1569,8,12,19,15,N#CC(C#N)=C1:C:O:C(C(=O)[O][Na]):C(O)(CNC2C(Br)[SH](O)C[SH]2S(=O)(=O)[O][Na]):C:1,455.06872403580763,14.292491688056634
4085,21,13,5,2,2,6905,35,10,7,20,CON1C([O][Na])CC(C(=O)C=CC2:C:S([SH](=O)=O):C(Cl):C(NC(C)=O):S:2)C1S(=O)(=O)[O][Na],455.02450731321915,23.22687403917593
2309,12,4,16,4,11,2106,11,23,19,18,CCNC1(C#CC2:C:N(CC):C:C(CN(CC(=O)O)CC(=O)O):C:2CC):C:C:C:N(C(=O)OCC):C:1C(=O)[O][Na],455.0194918982314,22.80278118807357
7163,36,12,6,21,7,5258,27,1,18,20,CCOC(=O)C1C(N(C)C)NN(N=CC2(Br)COC(O)C2[N+](=O)O)C1[O][Na],454.99212278458424,24.641649655894444
4109,21,5,18,2,8,2202,12,16,22,4,CCOC(=O)S1:C:C:S(Cl):C(=CC=C2:C:C(CC):C:C(S(=O)(=O)O):N:2CN(CC(=O)O)CC(=O)O):C:1[SH](=O)=O,454.955448096877,26.26121567065201
9216,47,6,18,23,12,1899,10,19,6,10,CCNC1:C:S(C(=O)OCC):C([N+](=O)O):O:C:1C#CC#CC1:C:C:N(S(=O)(=O)[O][Na]):C([N+](=O)O):C:1C(=O)[O][Na],454.9386025695295,19.440113437875493
2468,13,7,1,12,13,1839,10,23,15,3,CCNC1(C=CC=CC2:C:C(OC):C(N(C)C):S:C:2O):C:C:N(C):C:C:1=C(C#N)C#N,454.9270728740313,21.35269335208544
3819,20,13,9,5,6,5079,26,8,14,12,CCN(CC)C1:S:C(Cl):C(C=[SH]2(N=O)CCC(C(=O)O)C2O):O:C:1NC(C)=O,454.92156019080073,10.625426377472824
3579,18,4,9,12,11,5173,26,9,7,25,CCC1:C:S(N(CC)CC):C(O):C(C#CS2(N(CC)CC)CCC(OC)C2=N):N:1,454.9180424926018,24.859471417813182
2929,15,15,26,15,9,6536,33,8,2,10,N#CC(C#N)=C1:S:C:C(C2C(N=O)[SH]([SH](=O)=O)CC2S(=O)(=O)[O][Na]):C(=C(C#N)C#N):C:1=O,454.89411987186685,24.7623099911408
1042,6,16,2,12,11,509,3,24,21,17,CC(C)C1:C:C(Br):C(C(F)(F)F):C:N:1C#CC1:B:C(CN(CC(=O)O)CC(=O)O):C:C([SH](=O)=O):C:1O,454.8442518993999,20.39741753266802
1900,10,23,19,24,1,6515,33,14,19,22,CCNC1:C:C(N=NC2C[SH](C(=O)O)C(C(=O)[O][Na])C2S(=O)(=O)O):C:N(C(C)C):C:1C(=O)[O][Na],454.83198838790196,28.175832120466357
6811,35,12,16,5,19,2244,12,19,26,22,N=C(C1:C:C(S(=O)(=O)O):C(=O):C(C(=O)[O][Na]):N:1)C1CN(Cl)C(CN(CC(=O)O)CC(=O)O)C1O,454.74952381664286,40.62665668679418
352,2,6,23,4,15,3582,18,12,2,12,CCNC1:C:C(CC):C:C(C=CC=CCN2:C:C(O):S:C([SH](=O)=O):C:2O):C:1[N+](=O)O,454.7236994012789,9.313825122527687
9009,46,11,9,24,8,2095,11,21,16,23,CCNC1:C:C(=CC=C2:C:C(C(C)C):N(N(CC)CC):C(N):O:2):C(Br):N:C:1CN(CC(=O)O)CC(=O)O,454.7107452012647,18.580306556902375
5372,27,16,17,18,15,7465,38,12,8,13,CCOC(=O)C1C(C=CC=CCC2(O)CCC(NC(C)=O)[SH]2N=O)NN(CN(CC(=O)O)CC(=O)O)C1C(F)(F)F,454.6714080280791,35.17461775499963
157,1,2,17,15,18,7594,38,21,26,7,COC1CC(=O)[SH](Br)C1CNC1=CC([SH](=O)=O)=C(C(F)(F)F)C1=C(C#N)C#N,454.66129883805536,23.812913843443294
7437,38,7,4,9,7,1522,8,12,25,20,CCN(CC)C1C[SH](CC)C(OC)C1C=NC1(O):C:C:C([O][Na]):O:C:1=N,454.6583954162835,23.46044971160224
530,3,10,2,6,12,7520,38,11,9,12,CCN(CC)C1CC(O)C(C#CC#CC2:C:C:C([N+](=O)O):C([SH](=O)=O):N:2S(=O)(=O)[O][Na])[SH]1N,454.5441897669936,22.511172460011696
6752,34,14,2,12,2,7412,38,13,18,23,CCNC1CC(C(=O)OCC)[SH](NC(C)=O)C1C(=O)C=CC1(O)CN(C(=O)O)CC1[SH](=O)=O,454.447789533902,15.523149520404662
5088,26,18,18,12,9,6599,33,19,23,12,CCNC1SCC(C(=O)[O][Na])(C2(O)CC(C(=O)OCC)C(C(=O)OCC)S2)C1O,454.43669026809766,19.899777319170706
9486,48,10,24,21,9,7159,36,18,6,14,CCOC(=O)C1OC(C2SC(S(=O)(=O)[O][Na])[SH](C(C)C)C2Br)C(C(=O)O)C1[N+](=O)O,454.41896769898057,22.877462949739776
8985,45,4,4,4,2,1549,8,4,26,16,CCC1:C:C(C=CC(=O)C2(CC):C:C(CN(CC(=O)O)CC(=O)O):C:O:C:2=O):S(CC):S:C:1CC,454.3934554791846,14.506016967316757
9424,48,15,20,18,5,8824,45,14,16,26,CCOC(=O)C1(N=S2:C:C(=O):C:C(CN(CC(=O)O)CC(=O)O):S:2C(=O)O)CSC([O][Na])S1=C(C#N)C#N,454.38960404781085,37.13066799687847
9177,46,11,19,11,5,5067,26,20,18,18,CCOC(=O)C1CC(C(=O)OCC)S(=NC2:O:C:N(N):C(C(=O)[O][Na]):C:2N)C1[O][Na],454.38780576421476,24.55389044863422
1055,6,6,25,1,19,6818,35,8,2,6,CN(C)C1:C:C:C(C(=N)C2(N=O)C([N+](=O)O)CNC2[SH](=O)=O):B([N+](=O)O):C:1=N,454.33262022189786,10.621849187607076
2658,14,23,18,1,19,7514,38,12,18,20,CCNC1:C:S:C(C(=O)OCC):C(N(C)C):C:1C(=N)C1(O)CCC([O][Na])[SH]1C(=O)OCC,454.29095932731616,24.918671799657723
5011,26,14,4,24,17,3126,16,14,7,23,CCNC1:C:N(C=CC=CC=CC=CC2(C(C)C)C(CC)CC[SH]2C(=O)O):C(C(=O)O):C(OC):N:1,454.2835141666901,16.60750364257111
442,3,21,14,20,12,1889,10,24,19,11,CC(C)C1:C:N(C(=O)[O][Na]):C(N):C:C:1C#CC#CC1:C:C([O][Na]):C(C(=O)O):C:N:1Br,454.2410536990941,20.806984579257122
816,5,12,23,7,12,6639,34,16,2,9,CCNC1:C:C(OC):C:C(C#CC#CC2(CN(CC(=O)O)CC(=O)O)CCC(N(CC)CC)N2[SH](=O)=O):S:1O,454.24100181247314,19.93972639219627
335,2,6,25,3,20,2907,15,15,22,3,CC(C=CC1:C:C(C):C(S(=O)(=O)O):C:S:1=C(C#N)C#N)=CC1:C:C([N+](=O)O):C(=N):C:C:1C,454.23262670020176,11.565325602062595
4177,21,21,18,26,14,6977,35,10,18,5,CCOC(=O)C1:C(Br):S:C(OC2(S(=O)(=O)[O][Na])CC(Cl)NC2C(=O)OCC):C:S:1=O,454.22712678348563,22.246650028219825
6895,35,13,23,17,8,8979,45,19,12,20,CCNN1C(NC(C)=O)CC(=CC=S2(C(=O)[O][Na]):C:C:C([O][Na]):C(O):S:2)C1C(F)(F)F,454.1470316238066,14.730829139943912
6672,34,13,14,14,12,5399,27,17,6,5,CC(=O)NN1CC(C#CC#CN2NC(C(F)(F)F)C([N+](=O)O)C2Cl)C(C(=O)O)C1C(=O)O,454.1449192512183,19.182938379117694
3050,16,4,2,14,16,6946,35,16,12,14,CCN1:C([SH](=O)=O):C:N:C(C(=O)O):C:1C=CC=CC=CC1C(CN(CC(=O)O)CC(=O)O)NC(O)C1C(=O)O,454.1247521771394,35.815002190071205
5284,27,18,25,6,12,8660,44,18,14,25,CCOC(=O)C1NNC(C#CC#CN2:C:C:C(=N):C(C(=O)O):S:2C(=O)OCC)([N+](=O)O)C1=N,454.12433009972335,17.31893330069788
7193,36,11,11,7,4,2004,11,9,22,10,CCN(CC)N1:C:C(C=CC2(OC)COC(N)C2N):C:C(S(=O)(=O)[O][Na]):C:1S(=O)(=O)O,454.1128039948314,22.17785447416776
2514,13,18,25,17,7,916,5,7,9,21,CCOC(=O)C1:C:C(C=NS2:C:C:C(Br):C(N(CC)CC):C:2OC):C(C(F)(F)F):S(=N):C:1,454.091682247457,25.03106627479248
2738,14,8,2,11,19,5182,26,1,23,24,CCNC1CC(C(C)C)S(C(=N)C2:C:C:S(N=O):C([SH](=O)=O):C:2N)(N(C)C)C1,454.02737767432075,8.844095500713106
7624,39,21,17,8,6,5083,26,25,16,14,N=C1C(CN(CC(=O)O)CC(=O)O)CC(C(=O)O)S1=CC1:O:C(Br):O:C(C(F)(F)F):C:1N=O,454.023524576891,23.236183736282324
865,5,21,12,24,5,2244,12,19,26,22,CC(C)C1:C(O):C:C(Br):S:C:1N=C1:C:C(S(=O)(=O)O):C(=O):C(C(=O)[O][Na]):N:1,453.99887632780474,30.237107895383353
5913,30,6,15,11,9,2606,14,1,24,23,CCNC1:C:C:C(C2C(N)NC(=C(C#N)C#N)N2[N+](=O)O):C(N(C)C):S:1C(C)C,453.99096702961486,16.038447496579618
8430,43,6,9,25,20,4453,23,21,1,9,CCN(CC)C1C(C=CC(C)=CC2:C(=N):C:C:N(N(CC)CC):N:2[N+](=O)O)CC(Br)C1N(C)C,453.98625416402757,15.184142975540764
1463,8,9,20,5,19,1692,9,24,22,22,CCN(CC)C1:C:O:C([O][Na]):C(Cl):C:1C(=N)C1(C(C)C):C:C(S(=O)(=O)O):C(S(=O)(=O)O):C:O:1,453.9503110258562,19.012608288402518
9274,47,11,6,7,17,1267,7,3,23,12,CCNC1:O:C(O):C:C(C=CC=CC=CC=CC2:O:C(N):S([N+](=O)O):C:C:2OC):C:1C,453.91735887957736,12.343000363472557
1802,10,1,18,11,12,6601,34,7,15,19,CCOC(=O)N1:C:C:C(N(C)C):C(C#CC#CC2C(C(=O)[O][Na])CC(=C(C#N)C#N)N2OC):C:1N,453.90940757790185,21.234935175367514
7582,38,17,12,11,16,6729,34,6,5,17,NC1(C=CC=CC=CC2([N+](=O)O)NC(Cl)CC2C(F)(F)F)CC(O)SC1C(F)(F)F,453.8857815768314,18.63341023322647
5924,30,2,5,7,4,1892,10,23,19,4,CCNC1(C=CC2(OC)CNC(Cl)N2[SH](=O)=O):C:C(CC):N:C(C(=O)[O][Na]):C:1,453.84587701473527,20.993007046813243
1084,6,10,22,15,7,4123,21,22,2,3,CS1:C:C:S(N=CC2:C:C(=C(C#N)C#N):C:C(S(=O)(=O)O):B:2S(=O)(=O)[O][Na])(S(=O)(=O)O):C:C:1[SH](=O)=O,453.8298807933402,16.557436207252355
5832,30,12,16,9,4,2637,14,5,16,15,CCN(CC)C1(C=CC2:C:C(=C(C#N)C#N):C(CN(CC(=O)O)CC(=O)O):S(Cl):C:2)C(CN(CC(=O)O)CC(=O)O)NCN1O,453.74048027017636,22.374763271488902
459,3,17,26,20,19,1822,10,18,11,17,CCOC(=O)C1(C(=N)C2:N:C(C(F)(F)F):C:C(=O):C:2[O][Na]):C:C:N:C(C(F)(F)F):C:1N,453.6766373992423,23.008939569343518
355,2,13,13,8,1,6721,34,18,10,26,CCOC(=O)C1(N=NC2:C(NC(C)=O):C:C:C(NC(C)=O):C:2N=O)C(=O)CCN1S(=O)(=O)[O][Na],453.5996170084716,19.66874624194653
2042,11,18,16,26,4,8698,44,16,12,1,CCOC(=O)C1:C(C=CN2:C:C(N(C)C):C(O):C:S:2CN(CC(=O)O)CC(=O)O):C:C(=O):N:C:1CN(CC(=O)O)CC(=O)O,453.5902365757911,16.624605444367972
7119,36,1,1,15,11,5735,29,13,23,16,CCNC1CC(CN(CC(=O)O)CC(=O)O)S(C#CC2C(=C(C#N)C#N)C(N(C)C)OC2N(C)C)(NC(C)=O)N1,453.57207390861504,25.14166125017386
6872,35,20,19,13,12,205,2,11,25,14,CC(=O)NC1(C#CC#CC2(N):C:C:C(C(=O)O):C:C:2=N)CNC(C(=O)[O][Na])C1[O][Na],453.5681351025908,28.6054741535111
6394,32,10,13,23,7,2648,14,5,24,5,CCNC1(C=NC2:C:C(Cl):C(C(C)C):S:C:2Cl)CN(NC(C)=O)C(S(=O)(=O)[O][Na])S1,453.55337552508547,27.554686613430118
2732,14,26,2,4,4,4040,21,18,9,3,CCOC(=O)C1:C:S(N(CC)CC):C(C):C:S:1C=CC1:C:C(=O):S([SH](=O)=O):C:C:1CC,453.543932413044,11.804230008067066
2099,11,9,12,19,19,2939,15,21,16,26,CCN(CC)C1:C:N:C(O):C(C(=O)[O][Na]):C:1C(=N)C1(Br):C:C:C:C(=O):S:1CN(CC(=O)O)CC(=O)O,453.52854204309233,24.830112875895665
6507,33,18,22,15,12,2012,11,6,15,13,CCOC(=O)C1C(C#CC#CC2([N+](=O)O):C:C:C:N(NC(C)=O):C:2=C(C#N)C#N)CS(=C(C#N)C#N)C1S(=O)(=O)O,453.52624512587397,15.726664110625904
2368,12,25,23,10,2,7578,38,5,3,8,CCNC1:N:C(=N):C(C=CC(=O)C2(Cl)SCC(C)C2N=O):C:C:1S(=O)(=O)[O][Na],453.5252278694867,23.796854793747666
3918,20,18,25,1,4,8528,43,11,1,19,CCOC(=O)C1:O:C(C=CN2:C:C:C(C(=O)[O][Na]):C(N(C)C):N:2N):C(N(C)C):S:C:1=N,453.5137649736715,20.721361535132807
9577,48,6,10,1,19,455,3,12,9,25,CCN(CC)C1:C:C(=N):C:N(C(=N)C2(N(C)C)C[SH](S(=O)(=O)[O][Na])C[SH]2[N+](=O)O):C:1O,453.4653054921194,21.175962191064063
2287,12,17,9,6,6,902,5,9,16,19,CCN(CC)C1:C([N+](=O)O):C:C(C=S2(N(CC)CC):C:C:C(C(=O)[O][Na]):C(CN(CC(=O)O)CC(=O)O):C:2):C:N:1C(F)(F)F,453.4524822954535,17.778573861880417
2475,13,7,2,24,20,5645,29,14,24,1,COC1:C:C:C(C=C(C)C=CS2(C(=O)O)NCC(C(C)C)C2N(C)C):C(C(C)C):S:1[SH](=O)=O,453.44107032003905,22.127156442633424
5297,27,16,24,11,7,2872,15,4,17,19,CCC1:S:C(N=CC2(N)CC(C(C)C)NN2CN(CC(=O)O)CC(=O)O):C:C(C(=O)[O][Na]):C:1C(F)(F)F,453.38847067856705,23.31107052822093
9519,48,25,13,25,7,5392,27,14,20,11,CC(=O)NC1SC(=N)C(C=NN2C(N)C([O][Na])CN2C(=O)O)S1=N,453.35416319543566,23.778805347532437
1124,6,22,16,12,4,2007,11,3,11,21,CC1:N:C(N):C(Br):C:C:1C=CC1:B:C(S(=O)(=O)O):C(CN(CC(=O)O)CC(=O)O):C(O):C:1,453.3343492359434,12.857146024314625
2630,14,7,23,1,6,2473,13,8,7,21,CCNC1:S:C:C(N(C)C):C(C=C2:C:C:S(Br):C(OC):C:2N=O):C:1OC,453.3340528956651,19.092018623410056
6324,32,15,7,12,13,8470,43,8,6,8,COC1N(O)CC(C=CC=CN2:C:C(N=O):C:C([N+](=O)O):N:2N=O)S1=C(C#N)C#N,453.31654282145274,27.336597542984308
8178,41,16,24,1,14,2686,14,24,13,19,CC(=O)NS1:C:C(OC2:O:N:C(CN(CC(=O)O)CC(=O)O):C(C(C)C):C:2N(C)C)(C(C)C):C:C:C:1C(=O)[O][Na],453.2832896452208,33.454425925173894
1656,9,25,8,23,8,4110,21,20,17,21,CCNC1:C(N=O):C(=N):O:C:C:1=CC=S1([O][Na]):C:C(Br):S:C(C(F)(F)F):C:1,453.21067725155353,31.06446510744677
1910,10,16,20,9,7,1740,9,5,12,14,CCN(CC)C1:C(C=NC2(Cl):C:C:C(C(=O)O):C(O):O:2):C(CN(CC(=O)O)CC(=O)O):C:C:N:1[O][Na],453.1289166229679,29.128780388076663
3067,16,25,22,18,17,989,5,3,8,14,CCOC(=O)C1:C(C=CC=CC=CC=CS2:C:C(C):C(N=O):C(C(=O)O):C:2):N:C:C(=N):N:1S(=O)(=O)O,453.09744658078125,25.022328819021055
9594,48,6,17,22,1,1124,6,22,16,12,O=C(O)CN(CC(=O)O)CC1:C(O):C:C:B(N=NC2C(S(=O)(=O)O)[SH](C(F)(F)F)C[SH]2[N+](=O)O):C:1S(=O)(=O)O,453.09678211314383,14.712701201461204
9754,49,8,6,4,18,1701,9,16,23,4,CCNC1:O:C(CNC2C(CC)N([N+](=O)O)ON2N=O)(CN(CC(=O)O)CC(=O)O):C:C:C:1CC,453.0661439261041,24.059651658631736
5069,26,3,20,24,9,2412,13,19,21,10,CC(C)C1(C2(C(=O)[O][Na]):C:C:S(Br):C(S(=O)(=O)[O][Na]):C:2)C([O][Na])CC[SH]1C,453.02759692993857,24.31000280953769
2710,14,20,14,6,8,5763,29,15,12,23,CCNC1CCS(=CC=C2:C:C([O][Na]):S(C(=O)O):C:C:2[N+](=O)O)(=C(C#N)C#N)N1O,453.0063699517327,21.84512439301296
6480,33,12,3,19,7,3361,17,12,5,23,CCNC1:C:N(N=CC2(C(=O)[O][Na])CC[SH](O)C2C):C(O):C(Cl):O:1,452.96710126255675,21.433854823873506
830,5,25,10,16,1,2275,12,24,18,18,CCOC(=O)C1:C:C(N=NC2:S:C:C(=N):C(S(=O)(=O)[O][Na]):C:2CN(CC(=O)O)CC(=O)O):N(C(C)C):C(C(=O)OCC):C:1,452.95304589447124,36.814887565480376
1140,6,20,22,5,5,2943,15,8,19,17,O=NS1:C(C(=O)[O][Na]):C:C(C(F)(F)F):C:C:1=NC1:B:C([O][Na]):C(S(=O)(=O)O):C:C:1Cl,452.9440667206951,25.216321221648936
6325,32,1,16,22,9,2211,12,19,13,14,CC(=O)NC1:C(C(=O)O):C:C:C(C2(S(=O)(=O)O)CN(CN(CC(=O)O)CC(=O)O)C(N(C)C)S2):N:1C(=O)[O][Na],452.9322654960126,29.884554239133962
9556,48,20,3,19,5,4114,21,22,4,9,CCC1:C:S(=NC2(C(=O)[O][Na])SC([O][Na])SC2C)(S(=O)(=O)O):C:C(N(CC)CC):S:1,452.8945941720311,22.77695661487702
5072,26,10,14,22,5,1962,10,18,10,11,CCOC(=O)C1:C:C(=NC2SC(S(=O)(=O)[O][Na])C(C(=O)O)C2S(=O)(=O)O):C:C(N):N:1S(=O)(=O)[O][Na],452.890719808917,13.915364275629564
8995,45,13,25,14,2,3068,16,17,23,18,CCNC1:C(C(F)(F)F):N(C(=O)C=CC2:C(C(=O)O):C:C:S(=N):S:2NC(C)=O):C:C:N:1C(=O)OCC,452.83245427948066,5.05980399817497
999,5,5,24,4,10,2282,12,6,14,19,CCC1:C:C(C(C)C):S(Cl):C(=C2:C:C(C(=O)[O][Na]):C(C(=O)O):C([N+](=O)O):N:2):C:1,452.83062381628645,25.526313359948333
8396,42,10,14,18,10,2909,15,11,20,7,CCOC(=O)C1:C(C(=O)O):C(S(=O)(=O)[O][Na]):S:O:C:1=C1:C:C(OC):C([O][Na]):C(N):S:1,452.78971620958316,23.295295231851313
3572,18,11,4,9,11,1661,9,7,20,1,CCN(CC)C1:C(C#CC2:C:C(N(C)C):C([O][Na]):C(OC):O:2):N:C:C(N):S:1CC,452.7631203379163,15.61355679768562
397,2,12,1,23,5,6574,33,18,23,17,CCNC1:C:C(N=C2C(C(=O)OCC)[SH](NCC)CC2C(F)(F)F):C(O):C:C:1N(C)C,452.7525838115183,18.656113227796798
4157,21,4,7,23,4,3007,16,15,13,25,CCNC1:C(C=CN2:C:C(=N):N:C(NC(C)=O):C:2=C(C#N)C#N):S:C:C(CC):S:1OC,452.7189108672581,16.559327312525518
9081,46,16,1,12,8,1646,9,4,1,15,CCC1:O:C(=CC=C2:O:C(CN(CC(=O)O)CC(=O)O):N:C(N(C)C):C:2O):C:C(=C(C#N)C#N):C:1N(C)C,452.7116288459468,30.789077233051867
3174,16,1,3,15,15,8944,45,2,18,3,CCOC(=O)S1:C:C:C(C):C:S:1(CC=CC=CC1:N:C(N(C)C):C:N(C):C:1=C(C#N)C#N)[SH](=O)=O,452.7049048160135,29.101094766954915
7301,37,14,10,23,6,9461,48,21,15,26,CCNC1(C=S2CC(=O)S(=C(C#N)C#N)C2Br)CC(C(=O)O)OC1S(=O)(=O)[O][Na],452.61826620150197,22.309946609818667
4740,24,8,7,12,15,923,5,9,14,12,CCN(CC)C1:C(C(=O)O):C(O):C:C:S:1CC=CC=CC1NC(N=O)C(OC)C1O,452.5815965604346,18.149319926702812
1962,10,18,10,11,18,6240,32,1,4,12,CCOC(=O)C1:C:C:C(NCS2(N(C)C)C(O)CNC2CC):C(N):N:1S(=O)(=O)[O][Na],452.55660626713535,18.536874863464572
5188,26,9,6,8,14,2754,14,2,26,9,CCN(CC)C1CSC(N=O)(OC2([SH](=O)=O):C:C:C:S(N(CC)CC):C:2=O)C1[N+](=O)O,452.5482457564332,16.583242627403845
4482,23,16,22,2,5,4595,23,17,22,17,O=C(O)CN(CC(=O)O)CC1CC(S(=O)(=O)O)C([SH](=O)=O)C1N=C1C(C(F)(F)F)CC(S(=O)(=O)O)C1C(F)(F)F,452.54441598302236,17.225215460407416
6664,34,1,1,9,20,4519,23,8,11,13,CCN(CC)C1CN(N(C)C)C(N(C)C)C1C=C(C)C=CC1CC(N=O)C(N)C1NC(C)=O,452.5031319507619,6.850037293337871
4047,21,13,4,14,2,7366,37,14,2,18,CCOC(=O)C1COC([SH](=O)=O)C1(C(=O)O)C(=O)C=CC1:C:S(C(=O)O):C(CC):C(NC(C)=O):S:1,452.4884245356494,33.94734498091516
4458,23,1,3,10,11,4006,21,19,12,6,CC1CC(C#CS2(C(=O)[O][Na]):C:C:S([N+](=O)O):C(O):C:2)(S(=O)(=O)[O][Na])CC1N(C)C,452.48558523500594,25.776749741087283
574,3,26,19,20,10,2793,14,14,8,24,CC(C)C1:C:C(=C2:N:C(=O):C(C(=O)[O][Na]):C:C:2[O][Na]):C(C(=O)O):S:C:1N=O,452.4642814904858,25.131998812213173
2093,11,10,7,20,4,2798,14,7,3,23,CCNC1:C:C(C=CC2:C:C([O][Na]):N(OC):C:C:2S(=O)(=O)[O][Na])(OC):C:S:C:1C,452.4607285009535,20.37386975454478
564,3,5,26,4,16,995,5,6,7,18,CCOC(=O)C1:C:S(C=CC=CC=CC2:N:C(Cl):C:C(=O):C:2CC):C:C([N+](=O)O):C:1OC,452.44997207182996,22.25218179532592
929,5,13,5,3,14,6590,33,13,25,1,CC(=O)NC1SC(=N)C(N(C)C)C1OC1:C:C(C):C(Cl):C:S:1NC(C)=O,452.43895621910787,16.831433026526533
1513,8,22,7,15,18,6946,35,16,12,14,COC1:O:C(S(=O)(=O)O):C:C(NCC2C(CN(CC(=O)O)CC(=O)O)NC(O)C2C(=O)O):C:1=C(C#N)C#N,452.4107484223144,22.55282689974028
5987,30,24,21,3,9,890,5,19,5,24,CC(C)C1:C:C:S(C(=O)[O][Na])(C2(C)NC(C(C)C)NC2Br):C(Cl):C:1,452.3838383314661,34.26639041007156
3065,16,26,23,9,18,5134,26,16,9,25,CCNC1:C(=O):N:C(NCS2(CN(CC(=O)O)CC(=O)O)CC(N(CC)CC)CC2=N):C:N:1N(CC)CC,452.2524960573546,24.03188616584244
7336,37,9,7,9,3,5174,26,22,23,23,CCNC1C(NCC)[SH](C=CC(=O)CC(=O)C=CC2(N(CC)CC)COC(OC)C2N(CC)CC)CC1S(=O)(=O)O,452.2507327674084,17.808724095910062
8697,44,10,14,11,7,6203,32,9,16,5,CCN(CC)C1N(CN(CC(=O)O)CC(=O)O)C(Cl)C[SH]1N=CC1:C:C(N):C:S(C(=O)O):N:1S(=O)(=O)[O][Na],452.24432020876156,30.168611201090773
1847,10,23,22,10,1,2904,15,5,6,10,CCNC1:C(N=NC2(Cl):C:C(S(=O)(=O)[O][Na]):C([N+](=O)O):C:S:2):C:N(S(=O)(=O)[O][Na]):C:C:1S(=O)(=O)O,452.22300395432205,24.108065696278732
6045,31,20,3,7,1,8995,45,13,25,14,COC1(N=NS2(NC(C)=O):C:C(C(=O)O):C:C:S:2=N)OC([O][Na])NC1C,452.1762806175855,29.971502029080924
6271,32,21,21,12,5,9577,48,6,10,1,CN(C)C1C[SH](S(=O)(=O)[O][Na])C[SH]1(=NC1SC(Br)N(Br)C1O)[N+](=O)O,452.15093458320996,29.950073070172387
4450,23,23,21,8,5,875,5,6,21,18,CCNC1C(Br)CCC1(N=O)N=S1([N+](=O)O):C:C:C(C(=O)OCC):C:C:1Br,452.14290051034567,24.020971574933327
6492,33,10,9,8,18,270,2,8,14,26,CCN(CC)[SH]1CC(S(=O)(=O)[O][Na])C(NCC2(N=O):C:C:C(C(=O)O):C(=O):C:2)C1N=O,452.10903219523846,23.95569399087651
5185,26,1,19,18,12,2187,11,9,14,18,CCOC(=O)C1:C:N(C(=O)O):C:C(C#CC#CC2SC(N(C)C)C(C(=O)[O][Na])C2C(=O)OCC)(N(CC)CC):C:1,452.02836100932,20.829317308102226
4565,23,17,13,19,11,2186,11,10,8,18,CCOC(=O)C1:C:C(C#CC2(C(=O)[O][Na])CCC(NC(C)=O)C2C(F)(F)F)(S(=O)(=O)[O][Na]):C:N:C:1N=O,451.98927302647496,27.39415313708927
323,2,22,21,4,18,5768,29,19,21,4,CCC1:C:C(Br):C(S(=O)(=O)O):C(NCS2(C(=O)[O][Na])CC(CC)CN2Br):C:1,451.97754347518867,21.574263133818093
6589,33,24,18,13,7,5183,26,6,2,13,CCOC(=O)C1SCC(C(C)C)C1(C=N[SH]1CC([N+](=O)O)C([SH](=O)=O)C1NC(C)=O)NC(C)=O,451.9753804234527,14.058342824697656
9639,49,6,1,16,4,8544,43,8,4,9,CCC1:C:N(N=O):N(C=CC2(CN(CC(=O)O)CC(=O)O)CN(N(C)C)ON2[N+](=O)O):C:C:1N(CC)CC,451.9019419328127,25.098493790027398
6291,32,18,18,17,12,7589,38,19,6,3,CCOC(=O)C1SC(C#CC#CC2(C(=O)[O][Na])CC(C)C([N+](=O)O)S2)(C(F)(F)F)CN1C(=O)OCC,451.8883560646972,18.594888495341404
9588,48,9,8,21,1,2788,14,23,12,5,CCNC1(N=NC2(Br)C[SH](N=O)C[SH]2N(CC)CC):C:C(Cl):C:S:C:1O,451.8604935401937,24.2011104952986
3480,18,23,13,18,8,1823,10,4,17,16,CCNN1:C(NC(C)=O):C:S:C(C(=O)OCC):C:1=CC=C1:C:C:N(CN(CC(=O)O)CC(=O)O):C(C(F)(F)F):C:1CC,451.85351564958927,20.031112451283768
2142,11,21,18,23,12,9490,48,9,9,19,CCNC1:C(C#CC#CS2(N(CC)CC)C(C(=O)[O][Na])CSC2N(CC)CC):C:C:N(Br):C:1C(=O)OCC,451.82652079042174,23.467341592959794
286,2,4,20,16,12,6341,32,1,7,12,CCC1:C:C(C#CC#CS2(N(C)C)CC(O)NC2OC):C(CN(CC(=O)O)CC(=O)O):C([O][Na]):C:1,451.82206063252215,14.310939269753003
282,2,20,5,9,14,812,5,11,19,18,CCOC(=O)C1:C:C:S(N)(OC2:C:C(N(CC)CC):C(Cl):C:C:2[O][Na]):C(C(=O)[O][Na]):C:1,451.81622874467973,14.907968168551658
2192,11,6,7,13,19,213,2,2,6,16,COC1:N:C:C([N+](=O)O):C(C(=N)C2:C:C(CN(CC(=O)O)CC(=O)O):C([N+](=O)O):C:C:2[SH](=O)=O):C:1NC(C)=O,451.8130675401377,10.210997593309553
9600,48,5,13,2,20,5714,29,17,13,3,CC(=O)NC1NS(C=CC(C)=CC2C([SH](=O)=O)[SH](NC(C)=O)C[SH]2Cl)(C(F)(F)F)CC1C,451.8130176966526,16.98993334582859
9211,47,18,6,8,16,4514,23,13,5,9,CCOC(=O)C1:O:C(C=CC=CC=CC2(NC(C)=O)CCC(N(CC)CC)C2Cl):C:C(N=O):S:1[N+](=O)O,451.80889825712336,26.888647370213832
209,2,21,25,16,8,5092,26,12,14,1,CN(C)C1CC(C(=O)O)[SH](O)(=CC=C2:C:C:C(CN(CC(=O)O)CC(=O)O):C(=N):C:2Br)C1,451.7935688074314,16.664212444859427
8366,42,23,12,13,12,4544,23,7,10,20,CCNS1:C:C(O):C(NC(C)=O):C(C#CC#CC2CC(OC)C(S(=O)(=O)[O][Na])C2[O][Na]):O:1,451.71765801876245,30.59202701705918
2831,15,4,15,5,7,4076,21,24,24,16,CCC1:C(C=NS2(C(C)C):C:C:S(CN(CC(=O)O)CC(=O)O):C(C(C)C):C:2):C(Cl):C:C:S:1=C(C#N)C#N,451.7065613630215,27.37336846658995
2090,11,13,4,13,17,5218,27,22,11,22,CCC1:C(NC(C)=O):C(C=CC=CC=CC=CN2NC(S(=O)(=O)O)C(N)C2S(=O)(=O)O):C:C:N:1NC(C)=O,451.70507000581165,27.27212942655599
7004,36,9,14,1,13,6788,34,24,16,4,CCC1CC(C=CC=CC2(N(C)C)C(C(=O)O)COC2N(CC)CC)N(C(C)C)C1CN(CC(=O)O)CC(=O)O,451.692739719374,7.450433966665821
6919,35,21,5,17,12,1272,7,20,19,7,COC1:C:C(C#CC#CC2(C(F)(F)F)CC(Br)NC2Cl)([O][Na]):C(C(=O)[O][Na]):C:O:1,451.6785812868667,19.782559552608987
474,3,19,19,6,19,1688,9,5,18,22,CCOC(=O)C1:C(S(=O)(=O)O):C:C(C(=N)C2:C:C([N+](=O)O):C(C(=O)[O][Na]):C:N:2C(=O)[O][Na]):O:C:1Cl,451.6756999428968,31.342465164095742
5027,26,3,4,4,5,1423,8,24,25,19,CCC1CC(CC)(N=C2:C:C(C(=O)[O][Na]):C(=N):O:C:2C(C)C)SC1C,451.64431014859184,26.285083621769257
2425,13,7,8,7,13,2804,15,18,18,18,CCOC(=O)C1:C:C:C:C(C=CC=CC2:C(OC):S:C:C(N=O):C:2OC)(C(=O)OCC):S:1C(=O)OCC,451.63374936194776,12.827196584501507
5961,30,21,14,6,19,1196,6,25,9,13,CCN(CC)C1:C(NC(C)=O):C:B(C(=N)C2CN([N+](=O)O)C(C(=O)O)N2Br):C:C:1=N,451.51051605797113,22.533616946027003
4110,21,20,17,21,2,7192,36,13,2,24,CC(=O)NC1(C(=O)C=CC2:C(Br):S:C(C(F)(F)F):C:S:2[O][Na])OC([SH](=O)=O)CC1C(C)C,451.5084051851278,14.315668928187762
5586,28,11,6,7,3,8851,45,25,1,1,COC1C(C=CC(=O)CC(=O)C=CS2(=N):C:C(N(C)C):C(N(C)C):C:S:2)ON(N)C1[N+](=O)O,451.49358268219487,33.645745910056206
6728,34,14,2,23,1,4162,21,3,13,23,CCNC1:C:S(N=NC2(NCC)CNC(C(=O)O)C2[SH](=O)=O):C:C(C):S:1NC(C)=O,451.48630892866186,11.615867116881766
908,5,20,21,3,7,1520,8,23,4,7,CCNC1(N=CC2:S:C([O][Na]):C(Br):C:C:2C):C:O:C(CC):C(OC):C:1,451.4012422457814,10.118521116538894
2017,11,10,11,14,12,4565,23,17,13,19,CC(=O)NC1CCC(C(=O)[O][Na])C1(C#CC#CC1:C:C(C(=O)O):N(N):C:C:1S(=O)(=O)[O][Na])C(F)(F)F,451.3861674587314,27.299949934366555
4544,23,7,10,20,14,2016,11,5,1,7,COC1:C:C(OC2([O][Na])CCC(OC)C2S(=O)(=O)[O][Na]):C(Cl):N:C:1N(C)C,451.3740079823154,8.978471367539003
1622,9,20,10,2,9,4491,23,3,14,16,CC1(C2:C:C([SH](=O)=O):C(S(=O)(=O)[O][Na]):O:C:2[O][Na])CC(CN(CC(=O)O)CC(=O)O)C(C(=O)O)C1,451.3640222631337,31.18947298286009
6133,31,25,1,1,16,2468,13,7,1,12,COC1:C(C=CC=CC=CC2(N(C)C)CN(N(C)C)C(=N)O2):C:C(O):S:C:1N(C)C,451.31066860916354,19.50025117678048
5726,29,14,13,3,13,1915,10,18,2,11,CCOC(=O)C1(C=CC=CC2(C)CC(NC(C)=O)N(C(=O)O)S2):C:C:N(N):C:C:1[SH](=O)=O,451.2862871332977,12.908701601790549
7557,38,10,14,21,19,8748,44,6,6,6,N=C(C1CC(Br)[SH](C(=O)O)C1S(=O)(=O)[O][Na])N1:C:C([N+](=O)O):C:C([N+](=O)O):S:1[N+](=O)O,451.27391575453237,40.967979640037015
328,2,1,10,11,18,6995,35,26,4,11,CCC1NC(=O)C(CNC2:C(N(C)C):C:C:C(S(=O)(=O)[O][Na]):C:2N)C1N,451.1960148093287,12.266798459674055
7274,37,5,22,23,12,8404,43,22,15,9,CCNC1(C#CC#CN2:C:C(N(CC)CC):C(=C(C#N)C#N):C(S(=O)(=O)O):N:2)C(Cl)COC1S(=O)(=O)O,451.16292843000184,27.142706134182866
7917,40,21,25,19,18,8887,45,6,1,11,CN(C)C1:C:C(N):C:S(CNC2:O:O:C(Br):C(=N):C:2C(=O)[O][Na]):S:1[N+](=O)O,451.1267536903638,9.422960885315014
3011,16,20,25,20,14,1962,10,18,10,11,CCOC(=O)C1:C:C(OC2:N:C([O][Na]):C(=N):N:C:2[O][Na]):C:C(N):N:1S(=O)(=O)[O][Na],451.0978771328211,19.355214195682365
9598,48,18,5,2,20,2039,11,1,3,17,CCOC(=O)[SH]1C[SH](Cl)C([SH](=O)=O)C1C=C(C)C=CC1(N(C)C):C:C(C(F)(F)F):C:N(C):C:1,451.08756181253665,24.15530162568164
8657,44,3,24,15,18,9587,48,22,1,5,CC(C)C1:C:C(=C(C#N)C#N):C(NC[SH]2C(Cl)C[SH](N(C)C)C2S(=O)(=O)O):N(C):S:1,451.07983299671633,22.862955449774564
2378,12,13,12,6,2,2857,15,9,25,16,CCN(CC)C1(C(=O)C=CC2:C:N:C(NC(C)=O):C(O):C:2[N+](=O)O):C:C:C(CN(CC(=O)O)CC(=O)O):C(=N):S:1,451.07644737500584,24.135206076438354
6032,31,11,16,11,16,9507,48,24,1,1,CC(C)S1(C=CC=CC=CC2(N)CN(CN(CC(=O)O)CC(=O)O)C(N)O2)CSC(N(C)C)C1N(C)C,451.0656816556831,23.473086890270356
1802,10,1,18,11,4,2992,15,2,5,5,CCOC(=O)N1:C:C:C(N(C)C):C(C=CC2:C:C(Cl):C(Cl):C([SH](=O)=O):S:2):C:1N,451.0543495806531,22.070289479821597
6001,31,14,18,26,15,6325,32,1,16,22,CCOC(=O)N1C(=O)C(C=CC=CC[SH]2C(N(C)C)N(CN(CC(=O)O)CC(=O)O)CC2S(=O)(=O)O)OC1C(=O)O,451.0535340683176,23.7779516839442
2091,11,7,21,14,16,6201,32,21,4,11,CCC1NC(Br)[SH](C=CC=CC=CC2:C:C:N(C(=O)O):C(Br):C:2OC)C1N,451.0516997683264,17.530899854973782
5054,26,15,24,24,9,2609,14,3,19,24,CC(C)C1:C:S:C(C(=O)[O][Na]):C(C)(C2(C(C)C)CC(C(C)C)CS2=C(C#N)C#N):C:1,451.0098663045075,23.950315803723974
2613,14,23,20,17,1,543,3,9,17,11,CCNC1:C:C(N=NN2:C:C(N):C:C(C(F)(F)F):C:2N(CC)CC):C(C(F)(F)F):C([O][Na]):S:1,450.9759407378626,20.782675058493755
9424,48,15,20,18,5,2850,15,24,26,21,CCOC(=O)C1(N=C2:C:C(Br):C(=O):C(C(C)C):S:2)CSC([O][Na])S1=C(C#N)C#N,450.9362318513384,28.508711917073054
5176,26,23,23,13,16,7379,37,2,23,23,CCNC1CC(NCC)C(C=CC=CC=CC2([SH](=O)=O)C(NCC)COC2NCC)(NC(C)=O)S1,450.92920608999646,11.136685075977054
4110,21,20,17,21,4,4136,21,12,17,20,OS1(C=CC2:C(Br):S:C(C(F)(F)F):C:S:2[O][Na]):C:C([O][Na]):S:C(C(F)(F)F):C:1,450.9097485444935,15.753265274345333
3052,16,17,14,19,6,7489,38,14,11,5,NC1C(Cl)C(=CC2:C:N(C(=O)[O][Na]):C(C(=O)O):C(C(F)(F)F):N:2)SC1C(=O)O,450.9059999902553,22.76677861529508
2836,15,25,22,9,7,3551,18,2,9,22,CCN(CC)C1:C(C=NN2:C:C:S(S(=O)(=O)O):C(N(CC)CC):C:2[SH](=O)=O):C:S:C(=N):C:1S(=O)(=O)O,450.8852342570508,19.957999702931183
2291,12,12,7,17,9,9415,48,8,16,10,COC1:C:C(C(F)(F)F):C(S2(N=O)C(CN(CC(=O)O)CC(=O)O)SCC2S(=O)(=O)[O][Na]):C(O):N:1,450.88236017600246,21.17485822912056
5408,28,5,11,13,14,6665,34,6,10,2,CC(=O)NC1(OC2([N+](=O)O)C([SH](=O)=O)CCN2S(=O)(=O)[O][Na])CC(N)N(Cl)O1,450.8406388535226,28.559123081008387
2060,11,13,21,2,13,2454,13,3,3,11,CC(=O)NC1:C:N(Br):C([SH](=O)=O):C:C:1C=CC=CC1(C):C:C(C):S:C(N):C:1,450.83014178103485,25.68655585233534
2211,12,19,13,14,9,6901,35,12,18,24,CCOC(=O)N1C(O)C(C2:C:C(C(=O)O):C(NC(C)=O):N(C(=O)[O][Na]):C:2)CC1C(C)C,450.8139264486409,30.15744078962578
8088,41,5,14,20,19,5141,26,22,3,26,CC1CC(=O)S(C(=N)C2:C:C([O][Na]):C(C(=O)O):N(Cl):O:2)(S(=O)(=O)O)C1,450.79539536681733,16.261146486762925
8486,43,18,3,24,6,5763,29,15,12,23,CCNC1CCS(=CC2:C(C(C)C):C:C:N(C):N:2C(=O)OCC)(=C(C#N)C#N)N1O,450.78528885536036,13.888090294810958
9285,47,2,20,9,1,8510,43,8,2,22,CCN(CC)C1:C(N=NN2:C:C(S(=O)(=O)O):C:C([SH](=O)=O):N:2N=O):O:C:S([SH](=O)=O):C:1[O][Na],450.78304866323924,30.220337786702345
6863,35,3,22,24,7,854,5,8,22,4,CCC1:C:S(N=CC2C(C)CN(S(=O)(=O)O)C2C(C)C):C(N=O):C:C:1S(=O)(=O)O,450.7718151488222,13.522201137078472
1997,10,24,22,24,9,2846,15,16,19,5,CC(C)C1:C:C(C2:C:C:C(Cl):C(C(=O)[O][Na]):S:2CN(CC(=O)O)CC(=O)O):C(C(C)C):N(S(=O)(=O)O):C:1,450.76108499910185,29.434561746124306
7523,38,17,7,22,7,6703,34,2,19,11,COC1CC(C=NC2([SH](=O)=O)NC(C(=O)[O][Na])CC2N)(S(=O)(=O)O)C(C(F)(F)F)S1,450.7597310343669,23.48120908456215
2062,11,18,9,25,11,2835,15,10,18,25,CCOC(=O)C1:C(C#CC2:C:C(=N):C(C(=O)OCC):C:S:2S(=O)(=O)[O][Na]):C:C(=N):N:C:1N(CC)CC,450.71456623116194,14.061313913481307
7159,36,18,6,14,15,1011,6,16,8,17,CCOC(=O)C1OCC(C=CC=CCB2:C:C(CN(CC(=O)O)CC(=O)O):C(N=O):C(C(F)(F)F):C:2)(C(=O)O)C1[N+](=O)O,450.6783294004613,32.0736575574853
2219,12,12,19,16,1,5215,27,1,22,6,CN(C)C1NN(N=NC2:C(O):N:C:C(C(=O)[O][Na]):C:2CN(CC(=O)O)CC(=O)O)C([N+](=O)O)C1S(=O)(=O)O,450.6624274993725,38.23543252042454
8351,42,16,22,19,12,5035,26,20,11,23,CCNC1C[SH](C#CC#CC2:O:S(CN(CC(=O)O)CC(=O)O):C:C(S(=O)(=O)O):C:2C(=O)[O][Na])C([O][Na])C1N,450.6412374339,28.546246574155845
9434,48,3,4,4,14,3203,17,3,10,14,CCC1[SH](C)CSC1(CC)ON1:C:C(C(=O)O):O:C(S(=O)(=O)[O][Na]):C:1C,450.64057561387233,22.06014566638501
7341,37,9,25,10,6,2456,13,20,12,22,CCN(CC)C1CC(C=C2:C:C([O][Na]):S(O):C(S(=O)(=O)O):C:2)(S(=O)(=O)[O][Na])C(=N)O1,450.5992666739985,19.07257977867671
594,3,8,8,26,18,1047,6,19,8,16,O=NC1:C(CN(CC(=O)O)CC(=O)O):C:B(CNC2:C:C(=O):C:C(N=O):N:2N=O):C:C:1C(=O)[O][Na],450.5976426745462,29.3955419639222
4457,23,7,11,24,15,2065,11,18,7,14,CCOC(=O)C1(CC=CC=CC2CC(C(C)C)C(N)C2OC):C:N:C(OC):C(C(=O)O):C:1,450.58591780652705,17.98104727696719
7487,38,20,12,2,12,7535,38,10,3,1,CC1CC(N(C)C)C(C#CC#CC2C([O][Na])SC(O)C2[SH](=O)=O)(S(=O)(=O)[O][Na])S1,450.51762345294065,20.639887637787698
5198,26,22,22,9,20,9427,48,14,2,25,CCN(CC)C1CC(C=C(C)C=CS2(C(=O)O)CCS(=N)C2[SH](=O)=O)[SH](S(=O)(=O)O)C1S(=O)(=O)O,450.51095942199555,15.892718527388606
5933,30,12,25,13,14,2313,12,19,8,25,CC(=O)NC1(OC2(C(=O)[O][Na]):C:C:C(=N):C(N=O):N:2)NC(O)NC1=N,450.49175831234936,25.074648851655137
2027,11,3,17,2,1,2227,12,1,21,20,CC1:C:C(N=NC2:C:C([O][Na]):C(Br):C(N(C)C):N:2):C([SH](=O)=O):C:N:1C(F)(F)F,450.46998622234076,26.62487962540994
4655,24,8,22,10,4,2073,11,13,8,22,CC(=O)NC1(C=CC2(S(=O)(=O)[O][Na])CC(S(=O)(=O)O)C(N=O)N2):C:C(S(=O)(=O)O):C:N:C:1N=O,450.4641055557403,29.349564972943824
6663,34,17,25,16,5,7539,38,1,23,7,CCNC1C[SH](N(C)C)C(=NC2CN(C(F)(F)F)C(=N)C2CN(CC(=O)O)CC(=O)O)C1OC,450.42155589818884,20.69861735383394
1313,7,22,6,4,4,5100,26,15,5,23,CCNC1CC(Cl)C(=C(C#N)C#N)[SH]1C=CC1:C(S(=O)(=O)O):C:C([N+](=O)O):O:C:1CC,450.40635988875636,26.42986643406706
2082,11,5,24,25,12,6997,35,4,19,14,CCC1(C#CC#CC2:C(Cl):C(C(C)C):N:C:C:2=N)CC(C(=O)O)NC1C(=O)[O][Na],450.396587831273,28.774949756971203
235,2,5,24,23,10,6480,33,12,3,19,CCNC1:C:C:C(C(C)C):C(Cl):C:1=C1C[SH](O)C(C)C1C(=O)[O][Na],450.3854773199886,21.214019785954086
7541,38,14,7,9,2,2071,11,20,13,3,CCN(CC)C1(C=CC(=O)C2([O][Na]):C:C(C):C:N(NC(C)=O):C:2)CSC(C(=O)O)C1OC,450.3708476730541,22.084172335599213
1302,7,2,16,22,2,891,5,2,25,23,CCNC1:C:C(=N):C([SH](=O)=O):S(C(=O)C=CC2:C([SH](=O)=O):C:C(CN(CC(=O)O)CC(=O)O):O:C:2S(=O)(=O)O):C:1,450.3699305474287,33.51568847755504
8419,43,18,13,1,8,2469,13,25,22,11,CCOC(=O)N1:C(=CC=C2:C:C(N):S:C(S(=O)(=O)O):C:2=N):C(N(C)C):C:C:N:1NC(C)=O,450.3580898813552,12.796930608869799
6319,32,10,24,21,14,999,5,5,24,4,CCC1:C:C:S(Cl)(OC2(Br)CN(C(C)C)C[SH]2S(=O)(=O)[O][Na]):C(C(C)C):C:1,450.3267837839784,18.4756886909562
296,2,5,5,20,9,5056,26,23,23,7,CCNC1CC(OC)S(NCC)(C2:C:C(Cl):C:C(Cl):C:2[O][Na])C1,450.31243333984713,21.741157054247445
7516,38,20,23,6,15,1844,10,11,17,6,CCNC1C([N+](=O)O)C(C=CC=CCC2(N):C:C:N:C([N+](=O)O):C:2C(F)(F)F)C[SH]1[O][Na],450.3054612667023,20.700166957415867
9515,48,23,11,9,7,2557,13,12,14,21,CCN[SH]1CSC(C=NC2:C:C(Br):S(C(=O)O):C:C:2O)(N(CC)CC)C1N,450.28808584313146,12.713878637034616
874,5,3,8,4,15,8817,45,25,14,6,CCC1:C:C(C=CC=CCS2(=N):C:C([N+](=O)O):C(C(=O)O):C:S:2):S(C):C:C:1N=O,450.23472306727473,16.03884121423251
6734,34,3,7,9,20,4357,22,15,8,7,CCN(CC)C1(C=C(C)C=CC2=CC(=C(C#N)C#N)C(N=O)=C2OC)CC(OC)N(C)C1,450.2289339389822,13.514335624106458
5315,27,14,20,25,4,6506,33,10,26,23,CCNC1CSC(=O)C1(C=CC1CC(=N)N([O][Na])N1C(=O)O)S(=O)(=O)[O][Na],450.2285986209763,17.03935012108013
5206,27,8,15,14,1,398,2,13,12,16,CC(=O)NC1:C(N=NC2C(C(=O)O)C(=C(C#N)C#N)NN2N=O):C:C:C(CN(CC(=O)O)CC(=O)O):C:1O,450.1918859697818,30.19756182919157
2600,13,2,2,24,4,2051,11,20,2,1,CC(C)C1:S:C:C([SH](=O)=O):C([SH](=O)=O):C:1C=CC1([O][Na]):C:C(N(C)C):C:N:C:1[SH](=O)=O,450.1770833817924,18.281599883513618
8063,41,14,7,4,8,900,5,4,12,10,CCC1:C:S(=CC=C2:C:C(CC):C(OC):N(C(=O)O):O:2):C:C(S(=O)(=O)[O][Na]):C:1O,450.176852697277,28.23068965042905
3445,18,8,9,12,11,3020,16,19,17,10,CCN(CC)S1:C:C:N(N=O):C(C#CN2:C:C(S(=O)(=O)[O][Na]):N(C(F)(F)F):C:C:2C(=O)[O][Na]):C:1O,450.17538496976357,22.99158888110625
1317,7,4,19,13,14,9622,49,20,24,16,CCC1:C(C(=O)[O][Na]):C:O:C(NC(C)=O):C:1ON1ON([O][Na])C(C(C)C)C1CN(CC(=O)O)CC(=O)O,450.16829493981083,35.95707536959594
1904,10,20,19,22,12,471,3,8,8,15,N#CC(C#N)=C1:C:N(C#CC#CC2:C:C([O][Na]):C(C(=O)[O][Na]):N(S(=O)(=O)O):C:2):C:C(N=O):C:1N=O,450.16104792144404,15.573601020057794
3035,16,19,25,20,4,1915,10,18,2,11,CCOC(=O)C1(C=CC2:C:N([O][Na]):C(=N):C:N:2C(=O)[O][Na]):C:C:N(N):C:C:1[SH](=O)=O,450.1411204686095,31.37071397391719
9573,48,14,13,7,15,5112,26,25,25,11,COC1(C=CC=CC[SH]2(=N)CCC(=N)C2N)CSC(NC(C)=O)[SH]1C(=O)O,450.1327932676045,11.232187520328804
8266,42,20,23,4,12,2409,13,17,14,17,CCNC1:C:S([O][Na]):O:C(C#CC#CC2(C(F)(F)F):C:C:S(C(F)(F)F):C:C:2C(=O)O):C:1CC,450.12493104706954,22.54314987631506
844,5,7,5,20,7,5179,26,4,24,7,CCC1CC(C(C)C)C(OC)[SH]1N=CC1:S:C:C(OC):C(Cl):C:1[O][Na],450.07425935061326,20.237875544537566
5897,30,11,1,9,18,3418,18,11,19,25,CCN(CC)C1(NCN2:C:C(N):S(C(=O)[O][Na]):C(=N):C:2)NC(N)NC1N(C)C,450.0540370978254,24.653832452360877
5186,26,20,14,3,4,1919,10,13,8,18,CCOC(=O)C1:C:C(C=CC2(C)SC([O][Na])CC2C(=O)O):C:C(NC(C)=O):N:1N=O,450.02220061720675,34.51849663214313
9724,49,1,18,23,7,8950,45,21,15,20,CCNC1(C=NS2(Br):C:C([O][Na]):C:C(=C(C#N)C#N):S:2)CN(C(=O)OCC)ON1N(C)C,449.9865383367558,22.661011689342196
2988,15,17,12,17,9,5075,26,2,6,8,O=NC1C[SH](C2:C:C(C(F)(F)F):C:S(O):C:2C(F)(F)F)C([SH](=O)=O)C1[N+](=O)O,449.9743250930795,24.646071176520234
6591,33,8,23,8,5,2896,15,8,13,25,CCN[SH]1CC(N=O)(N=C2:C:C:C(=N):C(NC(C)=O):S:2N=O)CC1N=O,449.95115510133564,14.564863632173505
1347,7,12,10,13,8,4022,21,2,3,14,CC(=O)NC1:O:C(S(=O)(=O)[O][Na]):C:C(O):C:1=CC=S1([SH](=O)=O):C:C:S(C(=O)O):C(C):C:1,449.9239026897229,27.93090913418605
7476,38,17,5,9,10,4101,21,16,14,24,CCN(CC)C1C(=S2(CN(CC(=O)O)CC(=O)O):C:C(C(=O)O):S:C(C(C)C):C:2)C(C(F)(F)F)SC1Cl,449.883356561648,30.10207934166909
8646,44,12,2,24,18,4642,24,4,3,20,CCC1C(C)CC([O][Na])N1CNC1:C:C(C(C)C):C:S([SH](=O)=O):N:1O,449.8664248505241,22.534657803283498
6445,33,19,9,8,7,2081,11,9,11,12,CCN(CC)C1SC(N=O)C(C=NC2(N(CC)CC):C:C:C(O):N(N):C:2)C1C(=O)[O][Na],449.8565068867656,25.820108146558724
7498,38,19,17,16,4,2794,14,20,15,21,N#CC(C#N)=S1:C:C(C=CC2(CN(CC(=O)O)CC(=O)O)CSC(C(=O)[O][Na])C2C(F)(F)F)([O][Na]):C:C:C:1Br,449.8430324893561,23.15995214458409
8948,45,9,5,24,12,4145,21,21,21,1,CCN(CC)C1:S:S:C(C#CC#CS2(Br):C:C:S(N(C)C):C(Br):C:2):C(C(C)C):C:1Cl,449.82383875602756,23.011379342732333
8705,44,9,23,17,18,5717,29,7,9,9,CCNC1:C(N(CC)CC):S:N:C(NCS2(OC)CC(N(CC)CC)CN2N(CC)CC):C:1C(F)(F)F,449.78575200589705,9.50977300402899
5908,30,18,3,16,12,8965,45,15,5,14,CCOC(=O)C1NC(C#CC#CS2(=C(C#N)C#N):C:C:C:C(C(=O)O):S:2Cl)(CN(CC(=O)O)CC(=O)O)CN1C,449.7775802028588,28.326800025601127
2731,14,9,20,12,18,9715,49,12,3,2,CCN(CC)C1:C(NCN2ON(O)C(C)C2[SH](=O)=O):C:C(O):S:C:1[O][Na],449.77002707840904,20.60917171742886
207,2,11,25,5,20,7564,38,3,19,12,CC(C=CC1(C)SC(C(=O)[O][Na])CC1O)=CC1:C(N):C:C:C(=N):C:1Cl,449.72559018182,13.834751219769736
4591,23,10,10,26,14,345,2,8,15,3,CC1:C:C(OC2CC(=O)C(S(=O)(=O)[O][Na])C2S(=O)(=O)[O][Na]):C:C(N=O):C:1=C(C#N)C#N,449.68484110440767,23.52665204492287
5192,26,8,19,10,4,1873,10,21,4,25,CCN1:C:C:C(Br)(C=CC2(S(=O)(=O)[O][Na])C(C(=O)[O][Na])CC[SH]2N=O):C:C:1=N,449.680950725457,18.87391934929412
485,3,1,13,20,1,3057,16,20,22,21,CC(=O)NC1:C:C([O][Na]):C:C(N=NN2:C:C(Br):N(S(=O)(=O)O):C:C:2[O][Na]):N:1N(C)C,449.56657404156056,29.27556873527542
5837,30,10,17,21,12,1334,7,14,13,5,CC(=O)NC1:C:O:C(Cl):C:C:1(C#CC#CC1(Br)NCN(S(=O)(=O)[O][Na])C1C(F)(F)F)C(=O)O,449.56599321500573,17.93718290004674
9177,46,11,19,11,1,5908,30,18,3,16,CCOC(=O)C1N(C)CC(CN(CC(=O)O)CC(=O)O)N1N=NC1:O:C:N(N):C(C(=O)[O][Na]):C:1N,449.5354036721204,24.794978475648144
5917,30,10,19,4,9,2309,12,4,16,4,CCC1:C:C(C2(CC)CN(C(=O)[O][Na])C(S(=O)(=O)[O][Na])N2):N(CC):C:C:1CN(CC(=O)O)CC(=O)O,449.5327445905101,19.986918401689742
2037,11,19,1,19,8,6923,35,14,26,26,CN(C)C1:N:C(C(=O)[O][Na]):C:C(=CC=C2C(=O)C(=O)NC2C(=O)O):C:1C(=O)[O][Na],449.5090276781417,25.844656612404084
2863,15,17,1,6,14,7586,38,14,19,18,CCOC(=O)C1C(C(=O)[O][Na])CSC1(OC1:C:C([N+](=O)O):C(N(C)C):S:C:1C(F)(F)F)C(=O)O,449.50202974319484,32.076764789077544
6377,32,16,12,22,9,4047,21,13,4,14,CCC1:C(NC(C)=O):S(C2(S(=O)(=O)O)CN(O)C(CN(CC(=O)O)CC(=O)O)S2):C:C:S:1C(=O)O,449.4957395110379,19.50500430263413
2080,11,21,10,17,6,4137,21,21,11,11,NC1:C:S(=CC2:C(C(F)(F)F):C:N:C(S(=O)(=O)[O][Na]):C:2Br):C:C(Br):S:1N,449.4235972999685,24.99124800977456
2060,11,13,21,2,9,3161,16,6,22,21,CC(=O)NC1:C:N(Br):C([SH](=O)=O):C:C:1N1:C:C(Br):N(S(=O)(=O)O):C:C:1[N+](=O)O,449.35800329578734,27.95322037598451
4079,21,13,14,8,2,5180,26,1,5,25,CC(=O)NC1:S:C(C=CC(=O)[SH]2C(=N)CC(Cl)C2N(C)C):C(N=O):S:C:1C(=O)O,449.3540891022194,23.234078245731254
3538,18,10,9,17,14,9590,48,17,24,14,CCN(CC)S1:C:C:N(S(=O)(=O)[O][Na]):C(OS2(C(F)(F)F)C(C(=O)O)CSC2C(C)C):C:1C(F)(F)F,449.3148214574364,37.747905373933236
7714,39,14,24,26,1,2403,13,20,24,8,CC(C)C1:O:C(C(=O)O):O:C(N=NC2([O][Na]):C:C:S(N=O):C(C(C)C):C:2):C:1=O,449.27693973165503,27.624674014777277
4759,24,4,2,14,2,9565,48,9,15,4,CCC1C[SH](C(=O)C=CC2(C(=O)O)CC([SH](=O)=O)CN2CC)C(N(CC)CC)S1=C(C#N)C#N,449.21945317729967,16.53320801409058
5999,30,21,8,23,4,8799,44,22,9,25,CCNC1C(C=CN2:C:C:C(=N):C(N(CC)CC):S:2S(=O)(=O)O)N(Br)CN1N=O,449.2082460670734,16.400611487100928
464,3,18,8,2,4,917,5,8,7,2,CCOC(=O)C1:N:C(C=CS2:C:C([SH](=O)=O):C:C(OC):C:2N=O):C:C([SH](=O)=O):C:1N=O,449.17834098324164,21.02704216548362
2006,11,21,14,20,19,2436,13,4,8,25,CCC1(C(=N)C2:C:C:N([O][Na]):C(C(=O)O):C:2Br):C:C(N=O):S:C(=N):C:1,449.1684061288256,23.080469265582135
6431,33,24,14,13,20,7544,38,5,11,11,CC(=O)NC1C(C=C(C)C=CC2CC(N)C(N)[SH]2Cl)C(C(C)C)C[SH]1C(=O)O,449.12660041603533,6.7307359868656915
317,2,26,10,25,4,355,2,13,13,8,CC(=O)NC1:C:C:C(C=CC2:C:C(=N):C:C(S(=O)(=O)[O][Na]):C:2=O)(NC(C)=O):C:C:1N=O,449.1235440126093,32.261533632409716
3040,16,10,10,13,10,2818,15,14,13,22,CC(=O)NC1:C(S(=O)(=O)O):C:C:C(=C2:C:N(NC(C)=O):C(S(=O)(=O)[O][Na]):C(S(=O)(=O)[O][Na]):N:2):S:1C(=O)O,449.09251432390084,18.08190577482793
8532,43,19,3,4,12,9505,48,26,26,20,CCC1:C:C(C):N:N(C(=O)[O][Na]):C:1C#CC#C[SH]1C(=O)SC(=O)C1[O][Na],449.0223556582329,12.505025428509942
9731,49,24,9,26,11,8708,44,19,23,6,CCNC1:C:S(C(=O)[O][Na]):N(C#CC2C(=O)N(N(CC)CC)ON2C(C)C):C:C:1[N+](=O)O,449.0014724145024,25.841378410929202
2738,14,8,2,11,16,7313,37,22,12,22,NC1:C(C=CC=CC=CC2(S(=O)(=O)O)COC(O)C2S(=O)(=O)O):C:C:S(N=O):C:1[SH](=O)=O,448.98905211560214,16.989686325104024
2161,11,13,20,12,2,2544,13,21,12,14,CC(=O)NN1:C:C:C(C=CC(=O)C2(Br):C:C(C(=O)O):S:C:C:2O):C(O):C:1[O][Na],448.9722181346083,27.186140743134715
6318,32,16,11,7,19,7139,36,20,2,11,COC1NC(N)[SH](CN(CC(=O)O)CC(=O)O)C1C(=N)C1([O][Na])CC(N)C([SH](=O)=O)O1,448.93673530364265,32.36021279817729
3493,18,4,8,12,18,2513,13,22,21,17,CCN1:C:C(N=O):S:C(O):C:1NCC1:C:C(C(F)(F)F):S(Br):C:C:1S(=O)(=O)O,448.92060662108935,12.50705827260848
6726,34,4,7,5,15,5265,27,5,1,23,CCNC1CN(CC=CC=CC2C(CC)NC(OC)C2Cl)N(Cl)C1N(C)C,448.9197209258922,7.474960958645011
2062,11,18,9,25,11,879,5,10,14,3,CCOC(=O)C1:C(C#CS2:C:C(C):C:C(C(=O)O):C:2S(=O)(=O)[O][Na]):C:C(=N):N:C:1N(CC)CC,448.91800803597454,19.55468016807669
1321,7,6,11,12,5,5724,29,19,21,24,CC(C)C1CN(Br)[SH](=NC2:C:C([N+](=O)O):C(N):O:C:2O)(C(=O)[O][Na])C1,448.8815947866336,20.908501944040772
8789,44,20,21,23,14,8987,45,24,4,26,CCNC1:C:C:C(OS2:C:C(=O):C:C(CC):S:2C(C)C):N([O][Na]):S:1Br,448.85521354215086,14.533425849468356
8761,44,13,26,16,19,962,5,18,22,14,CCOC(=O)C1:C(S(=O)(=O)O):C(C(=O)O):C:C:S:1C(=N)C1:C(CN(CC(=O)O)CC(=O)O):C:C(=O):S:N:1NC(C)=O,448.8374769139069,17.73392156383535
6196,31,14,7,3,20,834,5,21,14,24,COC1NC(C(=O)O)OC1(C)C=C(C)C=CS1:C:C(Br):C(C(=O)O):C(C(C)C):C:1,448.82683895747914,12.907497915676586
2947,15,15,3,5,2,7036,36,2,19,8,CS1:C(Cl):C:C:C(C=CC(=O)C2OC([SH](=O)=O)C(C(=O)[O][Na])C2N=O):C:1=C(C#N)C#N,448.76565532704774,27.17206107615046
9254,47,14,15,18,10,7325,37,18,13,15,CCOC(=O)C1:C(=C2C(=C(C#N)C#N)C(NC(C)=O)OC2C(=O)OCC):O:C:S(C(=O)O):C:1=C(C#N)C#N,448.7554244837107,32.19943977678442
4931,25,15,24,22,6,4084,21,17,19,26,CC(C)C1C(=C(C#N)C#N)COC1(C=S1:C:C(=O):S:C(C(=O)[O][Na]):C:1C(F)(F)F)S(=O)(=O)O,448.7489915371314,34.0707457906089
1332,7,6,20,1,9,2298,12,16,21,24,CC(C)C1:C:C(C2:C(N(C)C):O:C:C([O][Na]):C:2[N+](=O)O):N(CN(CC(=O)O)CC(=O)O):C:C:1Br,448.7038488563353,28.285871113869543
2608,14,10,16,21,7,2490,13,18,12,21,CCOC(=O)C1(N=CC2:C:C(S(=O)(=O)[O][Na]):S:C(CN(CC(=O)O)CC(=O)O):C:2Br):C:C:S:C(Br):C:1O,448.6831626883983,30.85353873841068
4361,22,8,15,17,4,1208,7,12,2,25,N#CC(C#N)=C1C(N=O)=CC(C=CC2(O):C:C([SH](=O)=O):O:C(=N):C:2)=C1C(F)(F)F,448.6641426973914,25.279398163548898
1195,6,24,20,17,9,5200,26,11,5,24,CC(C)C1:C:B:C([SH]2C(N)CC(Cl)C2C(C)C):C(C(F)(F)F):C:1[O][Na],448.65138247264383,6.558733636925578
8893,45,11,20,1,9,4058,21,13,20,16,CC(=O)NS1(C2:C(N(C)C):C:C([O][Na]):S:S:2N):C:C(CN(CC(=O)O)CC(=O)O):S:C([O][Na]):C:1,448.64171495415087,23.10383815762599
2622,14,9,3,20,5,5139,26,26,8,25,CCN(CC)C1:C(N=S2CC(=O)C(N=O)C2=N):C:C([O][Na]):S:C:1C,448.61551102638657,20.45873530135207
1050,6,5,16,26,5,8915,45,6,14,21,O=C(O)CN(CC(=O)O)CC1:C(Cl):B:C(N=S2:C:C(Br):C(C(=O)O):C([N+](=O)O):S:2):C:C:1=O,448.60459028110137,36.67994133407648
1788,9,1,3,4,4,8534,43,9,15,11,CCC1:C:C(C):O:C(N(C)C):C:1C=CN1:C:C(N):C(=C(C#N)C#N):C:N:1N(CC)CC,448.5919253080354,18.46033835885324
2117,11,7,8,16,10,830,5,25,10,16,COC1:C:C(=S2:C:C(CN(CC(=O)O)CC(=O)O):C(S(=O)(=O)[O][Na]):C(=N):C:2):C(CN(CC(=O)O)CC(=O)O):C:N:1N=O,448.56194730912347,35.133847549143006
8487,43,23,24,14,19,8967,45,3,13,19,CCNN1:N:C(C(=N)S2(C):C:C(C(=O)[O][Na]):C:C:S:2NC(C)=O):C(C(=O)O):C:C:1C(C)C,448.54152625287895,19.976024407914036
768,4,20,25,1,1,6509,33,5,10,19,CN(C)C1:C:C(=N):C([O][Na]):O:C:1N=NC1(Cl)C[SH](S(=O)(=O)[O][Na])CC1C(=O)[O][Na],448.5261626060601,18.21447955244836
2407,13,8,23,2,8,6723,34,22,8,14,CCNC1:C:C(N=O):C(=CC=C2CC(C(=O)O)C(N=O)N2S(=O)(=O)O):C([SH](=O)=O):S:1,448.51773574565095,33.69294928269885
216,2,2,16,25,7,8499,43,8,12,10,N=C1:C:C:C(C=NN2:C:C(S(=O)(=O)[O][Na]):C(O):C:N:2N=O):C([SH](=O)=O):C:1CN(CC(=O)O)CC(=O)O,448.4968359827827,34.24244860537242
9043,46,21,19,24,19,5964,30,2,14,19,CC(C)C1:C(C(=O)[O][Na]):N:C(Br):O:C:1C(=N)N1C(C(=O)[O][Na])C(C(=O)O)NC1[SH](=O)=O,448.47169286153905,29.164872671795763
5071,26,13,4,5,7,1978,10,26,20,23,CCNN1:C:C:C(N=CC2(Cl)C(CC)CC[SH]2NC(C)=O):C(=O):C:1[O][Na],448.4649854936092,24.116014455650742
2350,12,1,6,11,20,6355,32,13,1,25,CC(=O)NS1(C=CC(C)=CC2:C:N(N(C)C):C:C([N+](=O)O):C:2N)CC(=N)NC1N(C)C,448.4304629718592,16.665096704007524
3089,16,24,6,5,20,2881,15,8,6,3,CC(C=CC1:C:C(C):C([N+](=O)O):C(N=O):S:1)=CC1:N:C(C(C)C):C:N([N+](=O)O):C:1Cl,448.41719204141253,22.663553115623177
321,2,26,8,20,1,5038,26,6,18,6,CCOC(=O)C1CCS(N=NC2:C([O][Na]):C:C(N=O):C:C:2=O)([N+](=O)O)C1[N+](=O)O,448.4168322157191,21.737245680003173
2374,12,7,5,24,5,1879,10,14,13,19,COC1:C(N=C2:C:C(C(=O)[O][Na]):N(NC(C)=O):C:C:2C(=O)O):C:C(C(C)C):C:N:1Cl,448.36286156410716,28.197210923692648
4758,24,7,14,15,3,6642,34,4,1,7,CCC1NC(C=CC(=O)CC(=O)C=CC2CC(=C(C#N)C#N)C(C(=O)O)N2OC)C(OC)C1N(C)C,448.3440448535322,23.634158546392577
3165,16,18,7,13,16,4454,23,21,4,22,CCOC(=O)C1:N:C(C=CC=CC=CC2C(Br)C(CC)CC2S(=O)(=O)O):C:N(NC(C)=O):C:1OC,448.32354370641843,23.322143124307583
5156,26,20,3,18,11,9776,49,3,26,21,CCOC(=O)C1(C#CN2ON(C)C(=O)C2Br)CC(C)C[SH]1[O][Na],448.3150354269734,17.486902618042794
1907,10,21,14,5,18,4097,21,20,21,1,CN(C)C1:S:C:C:S(CNC2:C:N(Cl):C:C(C(=O)O):C:2Br)([O][Na]):C:1Br,448.2863352865352,23.95344783408319
940,5,12,19,12,2,6910,35,20,5,11,NC1C(Cl)NC([O][Na])C1C(=O)C=CC1:S:C(O):C(C(=O)[O][Na]):C:C:1O,448.2849049602448,22.87642360309958
1831,10,2,19,2,7,4080,21,8,8,23,CCNC1:C:S(N=CC2:C:N:C([SH](=O)=O):C(C(=O)[O][Na]):C:2[SH](=O)=O):C(N=O):C(N=O):S:1,448.2604724539905,29.340674139064138
4459,23,18,14,22,4,1598,8,19,14,3,CCOC(=O)C1CC(C(=O)O)C(S(=O)(=O)O)C1C=CC1(C(=O)[O][Na]):C:O:C(C(=O)O):C(C):C:1,448.2542355619915,42.842163579357624
1979,10,8,2,3,8,7493,38,23,21,18,CCN[SH]1C(=CC=C2:C(N=O):C:C:N([SH](=O)=O):C:2C)CC(C(=O)OCC)C1Br,448.2439407113394,22.135327371019674
8836,45,5,10,23,19,5117,26,13,10,3,CCNC1:C:C(C(=N)S2(NC(C)=O)CCC(C)C2S(=O)(=O)[O][Na]):S(Cl):S:C:1S(=O)(=O)[O][Na],448.2367298919028,26.712743694099863
6466,33,20,18,8,1,990,5,15,21,25,CCOC(=O)[SH]1CC([O][Na])C(N=NS2(=C(C#N)C#N):C:C(Br):C:C(=N):C:2)C1N=O,448.14220530884984,31.42645813440259
311,2,15,6,8,20,6217,32,8,16,23,CCNC1CS(C=CC(C)=CC2:C:C(=C(C#N)C#N):C:C([N+](=O)O):C:2N=O)(N=O)CN1CN(CC(=O)O)CC(=O)O,448.13802778616775,27.722940911880425
8567,43,8,19,26,4,4537,23,24,5,17,CC(C)C1(C=CC2:N:N(N=O):C:C(C(=O)[O][Na]):C:2=O)C(Cl)CCC1C(F)(F)F,448.0651523852133,14.460163314246225
4098,21,25,11,8,12,8908,45,10,8,6,N=C1:S:C(C#CC#CS2(S(=O)(=O)[O][Na]):C:C([N+](=O)O):C:C(N=O):S:2):C(N=O):S:C:1N,448.0614217014787,27.378614001732103
1960,10,21,13,10,7,6572,33,24,25,3,CC(=O)NC1:C:C(Br):C(C=NC2C(C)C(=N)SC2C(C)C):C:N:1S(=O)(=O)[O][Na],448.0537068181229,18.354636459939254
254,2,17,23,13,4,6772,34,16,18,19,CCNC1:C:C(NC(C)=O):C:C(C=CC2C(C(=O)[O][Na])CC(C(=O)OCC)N2CN(CC(=O)O)CC(=O)O):C:1C(F)(F)F,448.0488410852562,21.104821402777556
338,2,15,1,1,18,4456,23,20,8,14,CN(C)C1:C:C:C(N(C)C):C(=C(C#N)C#N):C:1NCC1CC([O][Na])C(N=O)C1C(=O)O,447.99606305021797,21.452069749156355
6559,33,24,21,23,15,1389,7,1,6,5,CCNC1(C=CC=CCC2(N(C)C):C:C:O:C(Cl):C:2[N+](=O)O)C[SH](Br)CC1C(C)C,447.9509306703293,20.419325910720946
6065,31,5,12,8,3,6790,34,21,9,3,CCN(CC)C1CC(C)C(Br)(C=CC(=O)CC(=O)C=CC2(N=O)OCN(Cl)C2O)N1,447.9449267915459,18.24110276849058
3368,17,1,1,19,18,5808,30,16,17,9,CCN(CC)C1CN(C(F)(F)F)C(CN(CC(=O)O)CC(=O)O)N1CNC1:N:C(N(C)C):C(N(C)C):O:C:1C(=O)[O][Na],447.93728451586196,15.000509173622296
6358,32,9,25,11,18,3526,18,21,14,3,CCN(CC)[SH]1C(=N)NC(N)C1NCN1:C:C(C):S:C(C(=O)O):C:1Br,447.9364628998757,11.05927379391041
4540,23,12,10,3,6,905,5,12,5,13,CC(=O)NC1:C:S(O)(=CC2(C)CCC(O)C2S(=O)(=O)[O][Na]):C:C:C:1Cl,447.9286757621261,16.333153788793002
6910,35,20,5,11,14,8691,44,13,9,20,CCN(CC)C1:C:S(NC(C)=O):N(OC2(N)CC([O][Na])NC2Cl):C:C:1[O][Na],447.92541229308137,19.500424478525783
2105,11,19,2,14,9,9597,48,25,9,1,CCN(CC)C1SC[SH](=N)(C2:C:C:N(C(=O)O):C([SH](=O)=O):C:2C(=O)[O][Na])C1N(C)C,447.92016410145715,23.465811577680515
932,5,22,20,14,9,3484,18,24,14,16,CC(C)C1:C(C(=O)O):S(CN(CC(=O)O)CC(=O)O):C:C:N:1C1:S:C(S(=O)(=O)O):C:C([O][Na]):C:1C(=O)O,447.8423547400292,35.70119622622002
2490,13,18,12,21,12,9453,48,20,9,5,CCOC(=O)C1:C(C#CC#CS2([O][Na])CC(Cl)[SH](N(CC)CC)C2):C:S:C(Br):C:1O,447.6905585530656,27.656938494240865
9067,46,17,24,11,12,2516,13,22,16,10,CC(C)C1:N:C(C(F)(F)F):O:C(C#CC#CC2(S(=O)(=O)O):C:C:S:C(S(=O)(=O)[O][Na]):C:2CN(CC(=O)O)CC(=O)O):C:1N,447.6811384275326,31.196540425709134
1641,9,25,7,12,20,1041,6,15,22,5,COC1:O:C(=N):C(C=C(C)C=CB2:C:C:C(Cl):C(S(=O)(=O)O):C:2=C(C#N)C#N):C:C:1O,447.67811504903796,19.233222984320683
1943,10,6,15,7,18,1803,10,21,23,24,CCNC1:C:C(Br)(CNC2:C:C([N+](=O)O):C(=C(C#N)C#N):N(OC):C:2):C:C:N:1C(C)C,447.67327755145953,19.58197531439854
8489,43,17,2,9,14,6768,34,23,14,20,CCNN1CC(C(=O)O)C([O][Na])C1OC1:N:N:C(C(F)(F)F):C([SH](=O)=O):C:1N(CC)CC,447.66910529687937,7.652518018561556
1946,10,18,13,15,5,4007,21,14,8,2,CCOC(=O)C1:C(NC(C)=O):C:N:C(=C(C#N)C#N):C:1N=S1(C(=O)O):C:C:S([SH](=O)=O):C(N=O):C:1,447.66736764241125,34.292218027447426
285,2,7,13,9,11,9692,49,4,2,20,CCN(CC)C1:C(C#CN2ON(CC)C([SH](=O)=O)C2[O][Na]):C:C(OC):C:C:1NC(C)=O,447.6635747003869,6.9689642051673975
2740,14,20,18,21,7,1075,6,12,8,22,CCOC(=O)S1:C:C([O][Na]):C(C=NB2:C:C(S(=O)(=O)O):C(N=O):C:C:2O):C:C:1Br,447.63255822045693,28.350515521979542
2606,14,1,24,23,10,4081,21,21,5,19,CCNC1:C:C(=S2(Br):C:C(Cl):S:C(C(=O)[O][Na]):C:2):C:C(N(C)C):S:1C(C)C,447.6306394205173,17.775197509085473
2290,12,5,25,1,8,4449,23,11,2,24,CC(C)C1CC(=CC=C2:C:C(N(C)C):C(=N):N:C:2Cl)C(N)C1[SH](=O)=O,447.6008507745322,5.426265428084988
9397,47,11,23,9,12,4112,21,25,24,16,CCNC1:S:C(N):O:C(C#CC#CS2:C:C(CN(CC(=O)O)CC(=O)O):S:C(C(C)C):C:2=N):C:1N(CC)CC,447.5692444944367,17.268371035436946
8605,44,16,2,24,10,2954,15,12,19,1,CC(C)C1:C([SH](=O)=O):C:S(CN(CC(=O)O)CC(=O)O):N:C:1=C1:C:C(N(C)C):C(C(=O)[O][Na]):C:S:1O,447.5684924177325,33.48219764895268
6587,33,22,5,1,12,6474,33,8,16,13,CC(=O)NC1C[SH](CN(CC(=O)O)CC(=O)O)C(N=O)C1C#CC#CC1(N(C)C)CC(S(=O)(=O)O)[SH](Cl)C1,447.5453560828811,10.48014783562218
8948,45,9,5,24,14,848,5,5,8,21,CCN(CC)C1:S:S:C(OS2(Cl):C:C:C(Br):C:C:2N=O):C(C(C)C):C:1Cl,447.54490599489566,27.927910086519994
5307,27,9,26,26,10,8914,45,18,11,7,CCOC(=O)S1(=C2NN(N(CC)CC)C(=O)C2=O):C:C(OC):C:C:S:1N,447.53552004565,19.171394643596262
4598,23,4,15,12,11,8772,44,4,4,14,CCC1:S:N(C#CC2(O)CC(=C(C#N)C#N)CC2CC):C:C(C(=O)O):C:1CC,447.5013017734899,15.84305656347965
5908,30,18,3,16,9,5679,29,9,21,13,CCOC(=O)C1NC(CN(CC(=O)O)CC(=O)O)(S2(N(CC)CC)CC(NC(C)=O)C(Br)N2)CN1C,447.4859024150181,20.001144649923237
4736,24,22,7,6,9,1047,6,19,8,16,COC1C([N+](=O)O)CC(B2:C:C(CN(CC(=O)O)CC(=O)O):C(N=O):C(C(=O)[O][Na]):C:2)N1S(=O)(=O)O,447.47457666331684,27.845341151675843
3244,17,21,23,19,14,7458,38,5,22,23,CCNC1:O:C(C(=O)[O][Na]):C(OC2(Cl)C(NCC)CC[SH]2S(=O)(=O)O):N:C:1Br,447.43261141828805,26.623063595219033
2717,14,14,19,16,10,6960,35,26,1,23,CCNC1C(=C2:C(CN(CC(=O)O)CC(=O)O):C:S(C(=O)[O][Na]):C:C:2C(=O)O)C(=O)NC1N(C)C,447.40652788694933,21.553917605109195
9527,48,12,21,1,13,2194,11,2,5,2,CN(C)C1(C=CC=CC2([SH](=O)=O):C:C([SH](=O)=O):C:N(Cl):C:2)C(Br)SC[SH]1O,447.40205765742496,20.76732057034841
9011,46,7,6,8,20,8882,45,18,6,1,CCOC(=O)S1(C=CC(C)=CC2:C:C(N=O):N([N+](=O)O):C(OC):O:2):C:C:C(N(C)C):C:S:1[N+](=O)O,447.305991840438,20.1795968091049
1650,9,16,17,19,19,4689,24,12,22,3,CC1C(S(=O)(=O)O)CC(O)N1C(=N)C1:C:O:C(CN(CC(=O)O)CC(=O)O):C(C(F)(F)F):C:1C(=O)[O][Na],447.28999984790914,26.48962990390836
8824,45,14,16,26,9,9745,49,11,19,8,NN1ON(C2:S:S(C(=O)O):C(CN(CC(=O)O)CC(=O)O):C:C:2=O)C(N=O)C1C(=O)[O][Na],447.2696346328474,36.0835668518753
6124,31,10,20,22,6,2543,13,18,24,6,CCOC(=O)C1:C:S(C(C)C):C([N+](=O)O):C:C:1=CC1(S(=O)(=O)O)OCN(S(=O)(=O)[O][Na])C1[O][Na],447.2684480980598,20.605989160755176
1962,10,18,10,11,4,7277,37,5,13,1,CCOC(=O)C1:C:C:C(C=CC2(Cl)C(NC(C)=O)OCC2N(C)C):C(N):N:1S(=O)(=O)[O][Na],447.2657867665504,23.73004137587749
2940,15,21,20,7,8,5142,26,4,21,25,CC[SH]1(=CC=C2:C:C(OC):C([O][Na]):S(Br):C:2)CC(=N)C(Br)C1,447.26397154395625,24.719750793073892
8904,45,26,18,9,18,4412,23,13,18,25,CCOC(=O)C1CC(NC(C)=O)C(CNC2:C(N(CC)CC):C:C:S(C(=O)OCC):S:2=O)C1=N,447.25906546269164,32.75639185117366
5556,28,2,2,20,9,9421,48,6,17,10,O=[N+](O)C1SC(C(F)(F)F)C(S(=O)(=O)[O][Na])[SH]1C1([O][Na])ONC([SH](=O)=O)C1[SH](=O)=O,447.2354414562372,17.66624624729681
1456,8,11,10,11,9,313,2,16,25,18,CCOC(=O)C1:C:C(C2:C:C(N):O:C(S(=O)(=O)[O][Na]):C:2N):C(CN(CC(=O)O)CC(=O)O):C:C:1=N,447.2043384674398,31.7759769702004
8541,43,7,19,7,4,212,2,3,2,21,COC1:C(C(=O)[O][Na]):C:N:N(OC):C:1C=CC1(C):C:C(Br):C:C([SH](=O)=O):C:1,447.20271968196283,29.464626420040915
2729,14,11,10,24,7,4438,23,24,11,22,CC(C)C1:C(S(=O)(=O)[O][Na]):S:C:C(N):C:1C=NC1(C(C)C)CC(N)CC1S(=O)(=O)O,447.1514349367433,30.177858796639967
4668,24,12,7,2,18,2966,15,19,15,11,COC1CC(NCC2(C(=O)[O][Na]):C:C(N):C(=C(C#N)C#N):C:S:2)([SH](=O)=O)NC1O,447.12168716515697,17.179313019239018
4087,21,3,1,26,1,4096,21,16,12,12,CN(C)C1:C(=O):S:C:C(N=NS2:C:C(O):S(O):C(CN(CC(=O)O)CC(=O)O):C:2):S:1C,447.0797381245317,13.930106122800446
5690,29,15,16,23,19,5148,26,5,23,21,CCNC1CCC(Br)S1(Cl)C(=N)C1(NCC)C(CN(CC(=O)O)CC(=O)O)CNS1=C(C#N)C#N,447.072533516982,18.399686425977517
6312,32,9,18,12,4,459,3,17,26,20,CCOC(=O)N1C(O)C(C=CN2:C:C([O][Na]):C(=O):C:C:2C(F)(F)F)SC1N(CC)CC,447.0192314796499,13.451399819052
4479,23,25,20,21,18,2827,15,2,10,25,N=C1CC([O][Na])CC1(Br)NCC1:C:C(=N):C(S(=O)(=O)[O][Na]):C([SH](=O)=O):S:1,447.0048456734115,24.886848212080473
2747,14,7,16,16,14,6645,34,14,25,17,COC1:C(CN(CC(=O)O)CC(=O)O):S:C:C(CN(CC(=O)O)CC(=O)O):C:1OC1(C(=O)O)CC(C(F)(F)F)C(=N)N1,446.9982232690468,21.420339113822372
2729,14,11,10,24,1,5824,30,23,22,18,CCNC1NC(S(=O)(=O)O)C(C(=O)OCC)N1N=NC1:C(N):C:S:C(S(=O)(=O)[O][Na]):C:1C(C)C,446.9851096001461,19.045809917857753
2162,11,5,20,13,12,4176,21,19,18,13,CCOC(=O)C1:C:S:C(NC(C)=O):C:S:1(C#CC#CC1:C:C(Cl):N([O][Na]):C(NC(C)=O):C:1)C(=O)[O][Na],446.9522674104616,20.29138764664243
2221,12,25,26,22,4,6299,32,14,25,9,CCN(CC)N1CCS(C=CC2:C:C(S(=O)(=O)O):C(=O):N:C:2=N)(C(=O)O)C1=N,446.93378913861386,35.35937935414459
1509,8,21,10,19,9,7075,36,21,16,6,O=C(O)CN(CC(=O)O)CC1OC(Br)(C2:C:C(Br):O:C(S(=O)(=O)[O][Na]):C:2C(=O)[O][Na])CC1[N+](=O)O,446.9154161985487,23.42494174719821
8575,43,1,18,20,10,4117,21,21,25,14,CCOC(=O)N1:C:C:C([O][Na]):C(=S2:C:C:S(C(=O)O):C(=N):C:2Br):N:1N(C)C,446.91237394451673,16.773093971134344
2804,15,18,18,18,1,5934,30,23,23,25,CCNC1N(N=NC2:C:C:C(C(=O)OCC):S(C(=O)OCC):C:2C(=O)OCC)CC(=N)N1NCC,446.90807224110847,20.641153474365492
3918,20,18,25,1,15,1261,7,12,7,21,CCOC(=O)C1:O:C(C=CC=CCC2:C:C(Br):O:C(OC):C:2O):C(N(C)C):S:C:1=N,446.85977898854435,17.142182352505646
6700,34,3,10,21,4,8968,45,26,26,21,CN1CC(Br)(C=CS2(=O):C:C(Br):C:C(=O):S:2)CC1S(=O)(=O)[O][Na],446.8500151519087,23.87397282153268
9131,46,21,5,19,1,6266,32,15,3,23,CCNN1CC[SH](N=NC2:O:C:N(Br):C(Cl):C:2C(=O)[O][Na])(=C(C#N)C#N)C1C,446.8286592013063,25.448012351043204
8059,41,10,2,5,14,511,3,11,25,17,N=C1:C(C(F)(F)F):C:C:N(OC2:O:N(S(=O)(=O)[O][Na]):C([SH](=O)=O):C:C:2Cl):C:1N,446.8235840475192,22.323884385161396
2850,15,24,26,21,18,1117,6,5,25,23,CCNC1:C:B(CNC2:C:S:C(C(C)C):C(=O):C:2Br):C(Cl):C(=N):C:1,446.7993145017399,15.563478091376096
8907,45,8,2,18,12,8924,45,13,16,10,CCOC(=O)C1:C:C([SH](=O)=O):S:S(N=O):C:1C#CC#CS1(NC(C)=O):C:C:C(S(=O)(=O)[O][Na]):C(CN(CC(=O)O)CC(=O)O):S:1,446.77989101369195,27.893994526030834
4490,23,3,21,20,13,2746,14,26,11,11,CC1C(C=CC=CC2:C:C(N):C:S(N):C:2=O)CC([O][Na])C1Br,446.77287767695543,11.199366205788957
2209,12,12,20,15,5,854,5,8,22,4,CCC1:C:S(=NC2:C(O):N([O][Na]):C:C:C:2=C(C#N)C#N):C(N=O):C:C:1S(=O)(=O)O,446.74874534162245,28.234181214048146
2832,15,1,2,19,9,2197,11,6,5,16,CN(C)C1:S:C([SH](=O)=O):C:C(C(=O)[O][Na]):C:1C1([N+](=O)O):C:C:C(CN(CC(=O)O)CC(=O)O):N:C:1Cl,446.74278480705635,35.44211410279549
2860,15,7,22,25,5,2533,13,24,15,2,COC1:S:C(S(=O)(=O)O):C:C(=N):C:1N=C1:C:C:S([SH](=O)=O):C(=C(C#N)C#N):C:1C(C)C,446.73297822756365,20.82142938666191
6314,32,24,23,6,16,352,2,6,23,4,CCNC1:C:C(CC):C:C:C:1(C=CC=CC=CC1CN([N+](=O)O)C(NCC)[SH]1C(C)C)[N+](=O)O,446.72917816105763,16.51227269966748
8005,41,14,1,16,5,4509,23,26,4,19,CCC1C(=O)C(=NC2:O:N:C(C(=O)O):C(N(C)C):C:2CN(CC(=O)O)CC(=O)O)CC1C(=O)[O][Na],446.71302538617886,33.672528108640684
1823,10,4,17,16,20,5908,30,18,3,16,CCOC(=O)C1N(C)CC(CN(CC(=O)O)CC(=O)O)N1C=CC(C)=CC1:C:C(CC):C(C(F)(F)F):N(CN(CC(=O)O)CC(=O)O):C:1,446.7080744276891,22.009988471738957
6878,35,21,13,10,19,7013,36,5,22,10,CC(=O)NN1CC(Br)C(C(=N)C2(Cl)CC(S(=O)(=O)[O][Na])C(S(=O)(=O)O)O2)(S(=O)(=O)[O][Na])C1,446.66076422958474,23.960391370406782
8350,42,10,8,16,6,5615,29,23,20,6,CCN[SH]1(=CC2:O:S(S(=O)(=O)[O][Na]):C:C(N=O):C:2CN(CC(=O)O)CC(=O)O)CC([N+](=O)O)CN1[O][Na],446.5883270002636,23.64574723795164
523,3,19,14,10,14,5625,29,17,9,10,CCN(CC)C1CN(C(F)(F)F)[SH](OC2:C(S(=O)(=O)[O][Na]):C:C(C(=O)O):C:N:2C(=O)[O][Na])C1S(=O)(=O)[O][Na],446.55766545820245,19.045798400495062
5262,27,16,7,18,9,6912,35,18,10,12,CCOC(=O)C1(C2(C(=O)OCC)NNC(CN(CC(=O)O)CC(=O)O)C2OC)CNC(S(=O)(=O)[O][Na])C1O,446.53569759928575,26.4759588239582
9462,48,3,10,13,7,1501,8,9,7,22,CCN(CC)C1:O:C(OC):C(S(=O)(=O)O):C:C:1N=CC1SC(C)[SH](S(=O)(=O)[O][Na])C1NC(C)=O,446.531735742439,28.71080111522697
5213,27,2,13,4,1,5147,26,12,15,13,CCC1(N=N[SH]2CC(NC(C)=O)C(=C(C#N)C#N)C2O)NNC([SH](=O)=O)C1NC(C)=O,446.5276902657175,25.65796883948273
5942,30,24,18,21,6,911,5,16,3,9,CCOC(=O)C1N(C(C)C)CNC1(Br)C=S1:C:C(N(CC)CC):C(C):C:C:1CN(CC(=O)O)CC(=O)O,446.5262061485813,20.55734366900665
9417,48,24,21,1,10,5028,26,26,10,5,CC(C)[SH]1C(=S2CC(Cl)C(S(=O)(=O)[O][Na])C2=O)C(N(C)C)SC1Br,446.4560107169371,30.055259799146157
2321,12,8,1,10,19,392,2,10,9,7,CCN(CC)C1:C:C(C(=N)C2:C:C(S(=O)(=O)[O][Na]):C(N(C)C):N(N=O):C:2)(S(=O)(=O)[O][Na]):C:C:C:1OC,446.43032303374,22.695397537957113
8274,42,4,26,12,4,4060,21,14,8,19,CCC1:S:O:C(C=CS2(C(=O)O):C:C(C(=O)[O][Na]):S:C:C:2N=O):C(O):C:1=O,446.42359413683596,19.758760406488296
292,2,13,2,6,18,8991,45,26,15,10,CC(=O)NC1:C:C([SH](=O)=O):C:C([N+](=O)O):C:1NCS1(=O):C:C:C(S(=O)(=O)[O][Na]):C:S:1=C(C#N)C#N,446.39487939451544,31.864708638289517
8684,44,2,24,20,11,1426,8,7,6,24,COC1(C#CC2:C:C:C([O][Na]):S(C(C)C):N:2[SH](=O)=O):C:C(C(C)C):C:O:C:1[N+](=O)O,446.39423678164894,25.096190069967687
5731,29,22,2,19,9,4566,23,22,14,14,O=C(O)C1CC(C2C(C(=O)[O][Na])C([SH](=O)=O)N[SH]2S(=O)(=O)O)(S(=O)(=O)O)CC1C(=O)O,446.38869752040563,31.87090261051333
9436,48,4,13,18,4,201,2,24,5,22,CCOC(=O)C1(C=CC2(C(C)C):C:C:C(S(=O)(=O)O):C:C:2Cl)C[SH](NC(C)=O)C(CC)S1,446.3828575525289,30.994100168576207
544,3,22,19,11,12,1332,7,6,20,1,CN(C)C1:C:C(C#CC#CC2:C:C(N):C:C(C(=O)[O][Na]):N:2S(=O)(=O)O)([N+](=O)O):C([O][Na]):C:O:1,446.3755607464042,24.54132118687097
326,2,11,13,22,6,6674,34,20,1,16,CC(=O)NC1:C:C(N):C:C(C=C2C(CN(CC(=O)O)CC(=O)O)CC(N(C)C)N2[O][Na]):C:1S(=O)(=O)O,446.34705698700355,21.22406562685754
2935,15,8,9,13,18,154,1,8,2,26,CCN(CC)C1:S:C(N=O):C(NCC2=CC(=O)C([SH](=O)=O)=C2N=O):C:C:1NC(C)=O,446.32136651965436,24.8652048471874
2903,15,16,6,5,14,2608,14,10,16,21,O=C(O)CN(CC(=O)O)CC1:S:C(S(=O)(=O)[O][Na]):C(OC2:C:S(CN(CC(=O)O)CC(=O)O):C([N+](=O)O):C:C:2Cl):C:C:1Br,446.30496595714993,33.80324281293563
8480,43,17,2,10,14,3011,16,20,25,20,N=C1:N:C([O][Na]):C:N(OC2:N:N(C(F)(F)F):C:C([SH](=O)=O):C:2S(=O)(=O)[O][Na]):C:1[O][Na],446.30401007403196,17.124761816014768
5181,26,7,22,7,20,5699,29,6,18,22,CCOC(=O)C1CC(S(=O)(=O)O)S(C=CC(C)=CC2(OC)CCC(S(=O)(=O)O)[SH]2OC)([N+](=O)O)N1,446.30227188923027,8.014671329331405
4407,23,2,1,9,17,3124,16,18,12,9,CCOC(=O)C1:C:N(C=CC=CC=CC=CC2(N(CC)CC)CC([SH](=O)=O)CC2N(C)C):C:C(N(CC)CC):N:1O,446.2795745526819,17.35470928771032
5363,27,4,24,16,12,8611,44,19,12,6,CCN1NC(C(C)C)CC1(C#CC#CN1:C:C([N+](=O)O):C(O):C:S:1C(=O)[O][Na])CN(CC(=O)O)CC(=O)O,446.23947264409253,33.05160733129281
3128,16,10,25,1,14,6940,35,10,14,18,CCOC(=O)C1CC(OC2:C:N:C(N(C)C):C(=N):N:2S(=O)(=O)[O][Na])(S(=O)(=O)[O][Na])C(C(=O)O)N1,446.21206634030096,16.92174009242327
6857,35,14,25,19,13,8506,43,23,21,26,CCNN1:C(Br):C(=O):C:C:N:1C=CC=CC1C(C(=O)[O][Na])NC(=N)C1C(=O)O,446.2035538599359,22.093960983846394
3522,18,8,12,20,2,7553,38,1,7,7,COC1CCC(C(=O)C=CC2:C:S([O][Na]):C(O):C:N:2N=O)(N(C)C)[SH]1OC,446.1947108754166,19.2056021447317
9460,48,22,25,6,13,5932,30,25,21,1,CN(C)C1CN(Br)C(=N)N1C=CC=CC1([N+](=O)O)CS(=N)C[SH]1S(=O)(=O)O,446.1530527746556,26.62565033354144
2029,11,9,1,1,19,4691,24,23,22,12,CCNC1C(S(=O)(=O)O)CC(O)N1C(=N)C1:C:C:N(N(C)C):C(N(C)C):C:1N(CC)CC,446.1529609027164,24.716942494514246
3027,16,24,20,16,19,6957,35,2,18,25,CCOC(=O)N1CC(=N)C(C(=N)C2:N:C(C(C)C):C([O][Na]):N:C:2CN(CC(=O)O)CC(=O)O)([SH](=O)=O)C1,446.05997275294413,10.218882217460054
1775,9,21,9,9,11,6504,33,16,1,1,CCN(CC)C1:C:C(N(CC)CC):C(C#CC2C(N(C)C)C[SH](N(C)C)C2CN(CC(=O)O)CC(=O)O):C(Br):O:1,446.05572288144515,26.063454770004324
9681,49,9,23,8,1,992,5,18,7,10,CCNN1ON(N(CC)CC)C(N=NS2(C(=O)OCC):C:C:C:C(S(=O)(=O)[O][Na]):C:2OC)C1N=O,446.00973259382926,22.725220936084668
4272,22,25,12,13,16,3501,18,6,25,18,CCOC(=O)C1:C:N(C=CC=CC=CC2=CC(=N)C(O)=C2NC(C)=O):C([N+](=O)O):C(=N):S:1,445.9941185342326,26.829984155000048
6893,35,9,18,5,2,2040,11,4,26,14,CCOC(=O)C1NC(Cl)C(C=CC(=O)C2(CC):C:C(C(=O)O):C:N:C:2=O)C1N(CC)CC,445.98945203788827,16.018529952491694
2756,14,6,9,16,18,8616,44,7,15,3,CCN(CC)C1:C([N+](=O)O):C(NCN2:C:C(C):C:C(=C(C#N)C#N):S:2OC):C:C:S:1CN(CC(=O)O)CC(=O)O,445.9853342495392,20.250716005546504
2002,11,9,5,11,18,6508,33,23,1,13,CCNC1SC(N(C)C)C(NC(C)=O)C1CNC1:C:C(N):N:C(Cl):C:1N(CC)CC,445.9544294091178,16.56703396851132
4147,21,14,26,26,4,8963,45,11,19,23,CCNC1:C:C(C(=O)[O][Na]):S:S(N)(C=CC2:C:S(=O):C(=O):C(C(=O)O):S:2):C:1,445.9116851299801,30.611504874331377
2972,15,5,18,10,9,3582,18,12,2,12,CCOC(=O)C1:C(Cl):S:C:C(N2:C:C(O):S:C([SH](=O)=O):C:2O):C:1S(=O)(=O)[O][Na],445.86316189802545,19.427839297098682
641,4,7,24,16,16,7289,37,11,22,24,COC1:O:C(C=CC=CC=CC2(N)COC(S(=O)(=O)O)C2C(C)C):C(CN(CC(=O)O)CC(=O)O):C:C:1C(C)C,445.81556404311016,29.21348807885319
9198,46,22,11,20,18,3174,16,1,3,15,CN(C)C1:C:N(C):C(=C(C#N)C#N):C:N:1CNC1:O:C(S(=O)(=O)O):N:C(N):C:1[O][Na],445.755960445027,25.25524668371676
1135,6,6,14,23,1,1685,9,14,3,18,CCNC1:C(C(=O)O):C:C:B([N+](=O)O):C:1N=NC1:C:C(C(=O)OCC):C(C):C(C(=O)O):O:1,445.72669219647406,19.930905027860646
7400,37,26,16,9,2,5129,26,19,26,1,CCN(CC)C1(C=CC(=O)S2(C(=O)[O][Na])C(=O)CCC2N(C)C)CC(=O)OC1CN(CC(=O)O)CC(=O)O,445.70026551903766,27.871643915143576
2347,12,19,12,10,18,6522,33,1,17,20,CN(C)C1(CNC2:C:C(S(=O)(=O)[O][Na]):C(O):N:C:2C(=O)[O][Na])C[SH](C(F)(F)F)CC1[O][Na],445.60940979093823,17.43911026275097
8777,44,16,4,21,11,2693,14,16,16,17,CCC1:C(CN(CC(=O)O)CC(=O)O):S:N:C(C#CC2(CN(CC(=O)O)CC(=O)O):C:C(C(F)(F)F):C:S(CN(CC(=O)O)CC(=O)O):C:2):C:1Br,445.56329471855724,31.802323821508146
5839,30,13,22,6,6,4401,23,25,15,14,CC(=O)NN1CN(S(=O)(=O)O)C([N+](=O)O)C1C=C1CC(C(=O)O)C(=C(C#N)C#N)C1=N,445.557001994818,33.95757733520199
2496,13,10,18,1,14,7116,36,11,26,11,CCOC(=O)S1:C:C:C(S(=O)(=O)[O][Na]):C(OC2(N)OC(=O)CC2N):C:1N(C)C,445.55685865589567,14.537001419396853
4070,21,9,21,7,12,6665,34,6,10,2,CCN(CC)C1:C:S(Br):C(OC):C(C#CC#CC2([N+](=O)O)C([SH](=O)=O)CCN2S(=O)(=O)[O][Na]):S:1,445.52473102399256,22.674223589934712
2315,12,3,6,26,3,5987,30,24,21,3,CC(C)C1NC(Br)C(C)N1C=CC(=O)CC(=O)C=CC1:C:N(C):C([N+](=O)O):C:C:1=O,445.52098709932426,11.074836332331822
7426,38,26,22,1,1,4742,24,12,8,10,CN(C)C1C(N=NN2CC(S(=O)(=O)[O][Na])C(N=O)C2O)C(=O)SC1S(=O)(=O)O,445.4706430042347,23.389123854473766
1868,10,6,5,19,18,1844,10,11,17,6,NC1(CNC2:C:C([N+](=O)O):C:N(Cl):C:2C(=O)[O][Na]):C:C:N:C([N+](=O)O):C:1C(F)(F)F,445.46183521203176,20.285178445116962
385,2,10,11,6,14,9437,48,4,22,25,CCS1(OC2:C([N+](=O)O):C:C:C(N):C:2S(=O)(=O)[O][Na])C[SH](S(=O)(=O)O)CC1=N,445.4558792258548,18.958120654661084
5389,27,9,22,24,20,9533,48,22,12,15,CCN(CC)N1CC(S(=O)(=O)O)C(C=C(C)C=CS2(S(=O)(=O)O)CCS(=C(C#N)C#N)C2O)(C(C)C)N1,445.4416075013802,9.00339408239365
4577,23,2,26,24,1,6373,32,20,11,12,CC(C)C1CC(N=N[SH]2CC(O)N(N)C2[O][Na])C([SH](=O)=O)C1=O,445.43140173539484,22.76610648294913
8493,43,21,9,22,14,9476,48,3,9,12,CCN(CC)N1:C:C(S(=O)(=O)O):C:C(OS2(C)CC(O)[SH](N(CC)CC)C2):N:1Br,445.41805611073175,22.795246404030635
1835,10,25,24,5,13,933,5,17,23,6,CCNC1:C:C([N+](=O)O):C:S(C=CC=CC2:C:C(=N):C:N(C(C)C):C:2Cl):C:1C(F)(F)F,445.4147658508211,25.25083359443005
2245,12,18,12,21,1,5879,30,10,19,25,CCOC(=O)N1:C:C(N=NN2CN(S(=O)(=O)[O][Na])C(C(=O)[O][Na])C2=N):C(Br):C:C:1O,445.414546702631,22.684931187026688
1095,6,21,13,4,1,1169,6,14,3,9,CCC1:C(NC(C)=O):C:C:B(Br):C:1N=NB1:C:C(N(CC)CC):C:C(C):C:1C(=O)O,445.409318672238,12.87209833979911
9258,47,26,12,12,11,6536,33,8,2,10,O=NC1C(C#CC2:O:C(=O):S(O):C:C:2O)C(S(=O)(=O)[O][Na])C[SH]1[SH](=O)=O,445.4000750394801,23.696020718071072
2959,15,19,10,21,11,4450,23,23,21,8,CCNC1(C#CC2:C:S:C(C(=O)[O][Na]):C(S(=O)(=O)[O][Na]):C:2Br)C(Br)CCC1N=O,445.37770725221026,19.337851724837066
2105,11,19,2,14,7,8490,43,4,11,10,CCN1:C:C(N):C(S(=O)(=O)[O][Na]):C:N:1N=CC1:C:C:N(C(=O)O):C([SH](=O)=O):C:1C(=O)[O][Na],445.3673076311592,31.20141558215788
5113,26,26,13,4,15,2938,15,1,23,17,CCNS1:C:C:C(C(F)(F)F):C:C:1(CC=CC=CC1(CC)CC(NC(C)=O)CS1=O)N(C)C,445.3509296762153,16.79436034336854
1162,6,21,13,10,4,6835,35,12,20,18,CCOC(=O)C1CC(C=CC2:B(Br):C(NC(C)=O):C:C:C:2S(=O)(=O)[O][Na])C(O)N1[O][Na],445.34051603968135,22.896947944741214
1976,10,7,19,10,11,8639,44,17,11,12,COC1:C:C(C#CN2:C:C(O):C:C(N):S:2C(F)(F)F):C(S(=O)(=O)[O][Na]):N(C(=O)[O][Na]):C:1,445.32608287920164,18.9748854578989
4630,24,5,3,21,7,907,5,7,16,16,COC1:C:S(N=CC2CC(Br)C(C)N2Cl):C:C(CN(CC(=O)O)CC(=O)O):C:1CN(CC(=O)O)CC(=O)O,445.2934053788114,14.330817913355288
4079,21,13,14,8,19,5160,26,15,13,26,CC(=O)NC1:S:C(C(=N)[SH]2(=C(C#N)C#N)CCC(=O)C2NC(C)=O):C(N=O):S:C:1C(=O)O,445.2855959603069,28.512793705994532
6781,34,6,22,6,7,5722,29,2,2,18,CCOC(=O)C1C([SH](=O)=O)CNS1(N=CC1([N+](=O)O)C([N+](=O)O)NCC1S(=O)(=O)O)[SH](=O)=O,445.2850782515009,23.276071962577905
1088,6,17,7,13,9,8414,43,8,20,26,COC1:C:C(C(F)(F)F):B:C(N2:C:C:C(=O):C([O][Na]):N:2N=O):C:1NC(C)=O,445.26465120656957,16.441379527492337
4132,21,12,11,3,1,8818,45,18,22,14,CCOC(=O)S1(N=NC2:C(C):S(N):C:C:S:2O):C:C(C(=O)O):C(S(=O)(=O)O):C:S:1,445.24272540220807,16.04367587823908
8962,45,11,2,4,9,7043,36,15,20,6,CCC1:C:C([SH](=O)=O):S(N):S:C:1C1OC(=C(C#N)C#N)C([O][Na])C1[N+](=O)O,445.23374931560465,21.277742672563296
5644,29,26,20,5,14,8591,43,1,1,18,CCOC(=O)C1:C:C:N(OC2(Cl)CC([O][Na])NS2=O):N(N(C)C):C:1N(C)C,445.20875616246684,22.361082984976438
1057,6,24,22,9,12,5069,26,3,20,24,CCN(CC)C1:C:C:C(C#CC#CS2(C)CCC([O][Na])C2C(C)C):B(C(C)C):C:1S(=O)(=O)O,445.1629740025199,23.876690016631326
8651,44,23,2,3,16,2618,14,11,6,1,CCNN1:S:C([SH](=O)=O):C:C(C):C:1C=CC=CC=CC1(N):C:C:C(N(C)C):S([N+](=O)O):C:1,445.1390661417199,24.739240240748238
7163,36,12,6,21,5,5730,29,17,10,12,O=[N+](O)C1C(O)OCC1(Br)N=S1C(O)C(S(=O)(=O)[O][Na])CN1C(F)(F)F,445.1347206255633,25.378967662580912
9434,48,3,4,4,19,314,2,23,21,21,CCNC1:C:C(Br):C(Br):C:C:1C(=N)C1(CC)SC[SH](C)C1CC,445.131814194408,9.322058391286838
5299,27,12,21,5,18,2991,15,18,7,19,CCOC(=O)C1(CNC2(Cl)CC(Br)N(O)N2):C:C(C(=O)[O][Na]):C(OC):C:S:1,445.08925157838013,23.11582485567334
3159,16,16,1,22,19,6986,35,22,16,12,CN(C)C1:C:N(CN(CC(=O)O)CC(=O)O):C(C(=N)C2(S(=O)(=O)O)C(O)CNC2CN(CC(=O)O)CC(=O)O):C(S(=O)(=O)O):N:1,445.0127328311705,16.680063247517044
5841,30,1,18,7,16,822,5,7,22,23,CCNC1:C:C:S(C=CC=CC=CC2CN(OC)C(C(=O)OCC)N2N(C)C)(OC):C:C:1S(=O)(=O)O,444.9982287797996,20.540789986039417
2547,13,4,11,7,11,6687,34,15,4,25,CCC1:C(N):C:S:C(OC):C:1C#CC1NC(=C(C#N)C#N)C(CC)C1=N,444.9725462721017,34.962271938628106
5200,26,11,5,24,19,6941,35,2,9,13,CCN(CC)N1CC(C(=N)C2(C(C)C)SC(N)CC2Cl)([SH](=O)=O)CC1NC(C)=O,444.91351354300696,6.490292337144955
2605,14,24,1,4,16,9796,49,7,17,3,CCC1:C:C(C=CC=CC=CN2ON(OC)C(C(F)(F)F)C2C):C(C(C)C):C(N(C)C):S:1,444.861390804395,20.315761624118302
7886,40,11,15,6,12,868,5,25,13,9,CCN(CC)C1:C:S(C#CC#CC2:O:O:C(N):C(=C(C#N)C#N):C:2[N+](=O)O):C(=N):C:C:1NC(C)=O,444.8464180306757,5.818946123529279
5834,30,4,19,16,7,2529,13,5,16,15,CCN1C(C=NC2:C:C:S(=C(C#N)C#N):C(CN(CC(=O)O)CC(=O)O):C:2Cl)CN(CN(CC(=O)O)CC(=O)O)C1C(=O)[O][Na],444.8423786985106,26.20607842312042
3830,20,2,8,4,10,8902,45,1,24,25,CCC1:C(=S2:C:C(=N):C(C(C)C):C(N(C)C):S:2):O:C:C([SH](=O)=O):S:1N=O,444.80852705886116,20.84758138498659
2550,13,22,23,17,4,8849,45,21,14,8,CCNC1:C(C(F)(F)F):S:C:C(C=CS2:C:C(N=O):C(C(=O)O):C(Br):S:2):C:1S(=O)(=O)O,444.757175971485,21.50678463795731
2624,14,24,15,2,8,5627,29,7,6,6,CO[SH]1(=CC=C2:C([SH](=O)=O):C:S:C(=C(C#N)C#N):C:2C(C)C)NC([N+](=O)O)CC1[N+](=O)O,444.7494674517009,23.042600272075976
6383,32,5,13,19,14,6796,34,14,7,6,CON1CC([N+](=O)O)CC1(OC1SC(Cl)N(NC(C)=O)C1C(=O)[O][Na])C(=O)O,444.7409207426741,29.137705180414187
1821,10,14,13,17,7,6587,33,22,5,1,CC(=O)NN1:C:C(C(=O)O):C:C(C=NC2C(N(C)C)C[SH](Cl)C2S(=O)(=O)O):C:1C(F)(F)F,444.7151980237444,14.56587046405046
860,5,3,16,2,19,9454,48,20,20,3,CC1:S:C(C(=N)S2([O][Na])CC(C)SC2[O][Na]):C([SH](=O)=O):C:C:1CN(CC(=O)O)CC(=O)O,444.66576103677596,22.93890879266066
6654,34,23,14,14,12,2461,13,23,16,15,CCNN1CC(C(=O)O)C(C#CC#CC2(NCC):C:C:S(=C(C#N)C#N):C(CN(CC(=O)O)CC(=O)O):C:2)(C(=O)O)C1,444.65870625655316,30.9623844565294
6764,34,8,13,22,13,3600,18,11,2,8,CC(=O)NC1CC(C=CC=CN2:C:C(N=O):S:C([SH](=O)=O):C:2N)(S(=O)(=O)O)C(N=O)N1,444.5968423050384,21.766360125126408
508,3,19,18,21,18,6652,34,24,17,2,CCOC(=O)C1:C(Br):C:C(NCC2C([SH](=O)=O)CC(C(F)(F)F)N2C(C)C):N:C:1C(=O)[O][Na],444.5614809144413,11.040483985870805
918,5,13,7,24,1,4457,23,7,11,24,COC1:C(C(C)C):C:C:C(N=NC2(OC)CCC(C(C)C)C2N):S:1NC(C)=O,444.51782086373424,9.975402521169595
342,2,21,20,7,1,2315,12,3,6,26,COC1:C:C(N=NC2:C:C(=O):C:C([N+](=O)O):N:2C):C(Br):C:C:1[O][Na],444.51040319585,14.679772449070137
520,3,1,12,4,20,6976,35,9,9,25,CCC1:C:C(O):C:N(N(C)C):C:1C=C(C)C=CC1(N(CC)CC)CC(=N)NC1N(CC)CC,444.4605986896462,16.803325017186687
6424,33,21,16,11,14,2144,11,20,14,3,CC1:C:C(OC2(N)CSC(CN(CC(=O)O)CC(=O)O)C2Br):C([O][Na]):N:C:1C(=O)O,444.4570361220311,16.36546992335316
2919,15,14,23,9,12,845,5,2,22,13,CCNC1:C(N(CC)CC):C:C(C#CC#CS2([SH](=O)=O):C:C:C(NC(C)=O):C:C:2S(=O)(=O)O):C:S:1C(=O)O,444.45152785983663,21.03434705092983
6407,33,23,5,18,7,568,3,11,26,13,CCNC1CC(C=NN2:C:C(N):C(=O):C(NC(C)=O):C:2)C(C(=O)OCC)[SH]1Cl,444.4315397352592,23.310557281968997
1875,10,17,4,1,16,3299,17,22,12,13,CCC1:C:C(C(F)(F)F):C(C=CC=CC=CN2:C:C(NC(C)=O):O:C(O):C:2S(=O)(=O)O):C(N(C)C):N:1,444.4074363939079,18.310562637183093
1233,7,18,15,3,8,818,5,6,23,9,CCNC1:C:C(N(CC)CC):C:S(=CC=C2:C(C):O:C:C(=C(C#N)C#N):C:2C(=O)OCC)([N+](=O)O):C:1,444.4032229147848,13.834097293547341
3396,17,4,7,25,17,6643,34,2,22,9,CCC1:N:C(C=CC=CC=CC=CC2([SH](=O)=O)C(N(CC)CC)CCN2S(=O)(=O)O):C(=N):O:C:1OC,444.34024552089534,16.41568840662645
1501,8,9,7,22,15,5949,30,12,21,11,CCN(CC)C1:C:C(C=CC=CCN2CN(O)C(Br)C2N):C(S(=O)(=O)O):C(OC):O:1,444.3394142462154,25.253383649175493
1062,6,13,8,16,11,6298,32,19,17,21,CC(=O)NB1:C(N=O):C:C:C(CN(CC(=O)O)CC(=O)O):C:1C#C[SH]1CC(Br)N(C(F)(F)F)C1C(=O)[O][Na],444.33319272328964,26.17708335375834
1678,9,18,5,23,7,9540,48,8,22,10,CCNC1:C(Cl):C:O:C(C(=O)OCC):C:1C=N[SH]1C[SH](N=O)C(S(=O)(=O)O)C1S(=O)(=O)[O][Na],444.32975542882707,24.0187602935615
9177,46,11,19,11,5,4056,21,17,9,12,CCN(CC)C1:C(C(F)(F)F):S(=NC2:O:C:N(N):C(C(=O)[O][Na]):C:2N):C:C:S:1O,444.308107759661,17.746449261348737
4028,21,24,3,16,11,1406,8,7,15,6,COC1(C#CC2:S:C:C(C(C)C):S(C):C:2CN(CC(=O)O)CC(=O)O):C:O:C(=C(C#N)C#N):C([N+](=O)O):C:1,444.1883947429766,18.184340250211648
833,5,23,3,12,15,2082,11,5,24,25,CCNS1:C(C=CC=CCC2(Cl):C:C(=N):C:N:C:2C(C)C):C:C:C(O):C:1C,444.1579741032744,20.97348874172588
8843,45,1,2,12,4,6351,32,25,23,25,CCNN1C[SH](=N)(C=CC2:C:C(O):C([SH](=O)=O):S:S:2N(C)C)CC1=N,444.1444803835228,11.697482114690073
5326,27,12,3,7,2,6733,34,19,7,4,CCC1CC(OC)NC1(C(=O)C=CC1(OC)NN(O)CC1C)C(=O)[O][Na],444.1442343952729,19.492871466704894
899,5,21,26,7,5,7452,38,9,20,2,CCN(CC)C1SC(=NC2:C:C(OC):C(=O):C:S:2Br)C([SH](=O)=O)C1[O][Na],444.1219154417987,22.296999504902033
8639,44,17,11,12,20,2515,13,3,1,22,CC(C=CC1(C):C:C:S(S(=O)(=O)O):C(N(C)C):C:1)=CC1:N:S(C(F)(F)F):C(N):C:C:1O,444.11783214641326,39.313596837538924
8290,42,7,8,9,4,5956,30,5,9,3,CCN(CC)C1:C(N=O):C:S(OC):O:C:1C=CN1CC(C)N(N(CC)CC)C1Cl,444.10399537626256,20.744711021237087
8879,45,13,1,23,19,4579,23,3,25,21,CCNC1:C:C(C(=N)C2CC(Br)C(=N)C2C):S(NC(C)=O):S:C:1N(C)C,444.10280823962904,31.3441208539772
5730,29,17,10,12,2,205,2,11,25,14,N=C1:C:C(C(=O)O):C:C:C:1(N)C(=O)C=CC1(O)SN(C(F)(F)F)CC1S(=O)(=O)[O][Na],444.05195896350034,23.439955483426072
2171,11,7,23,5,8,7017,36,12,15,23,CCNC1C(=CC=C2:C(Cl):C:N(NCC):C:C:2OC)OC(O)C1=C(C#N)C#N,444.04961856236923,16.148598224105832
2340,12,18,9,4,14,3440,18,5,5,24,CCOC(=O)C1:C(ON2:C:C:S(C(C)C):C(Cl):C:2Cl):C(CC):C:C:N:1N(CC)CC,444.0443372227206,9.77401254443592
3093,16,19,16,5,18,1918,10,4,18,14,CCOC(=O)C1:C:C(CC)(CNC2:N:C(C(=O)[O][Na]):C(CN(CC(=O)O)CC(=O)O):N:C:2Cl):C:C(C(=O)O):N:1,444.03855320082056,26.381255788943477
4445,23,19,7,1,11,4132,21,12,11,3,COC1CC(C(=O)[O][Na])C(C#CS2(O):C:C:S(N):C(C):C:2)(N(C)C)C1,444.0380823471578,31.87883199045354
6987,35,4,16,12,4,6649,34,14,2,19,CCC1CC(O)(C=CC2(C(=O)O)CC(C(=O)[O][Na])CN2[SH](=O)=O)CN1CN(CC(=O)O)CC(=O)O,444.01167060369943,36.58199005842852
1575,8,7,26,2,8,4100,21,18,7,1,CCOC(=O)C1:C(OC):S(N(C)C):C:C:S:1=CC=C1:C([SH](=O)=O):C:O:C(=O):C:1OC,443.9935384779892,13.047409586259343
4562,23,23,22,19,19,4117,21,21,25,14,CCNC1C(C(=N)S2:C:C:S(C(=O)O):C(=N):C:2Br)C(C(=O)[O][Na])CC1S(=O)(=O)O,443.95757901998394,30.060724588172885
873,5,8,9,20,10,5631,29,20,5,21,CCN(CC)C1:C([O][Na]):C:C(=[SH]2([O][Na])CCC(Br)N2Cl):S:C:1N=O,443.9548524598975,18.35385737574102
794,4,13,16,16,11,6521,33,22,20,18,CCOC(=O)C1C(C#CC2:C:C(CN(CC(=O)O)CC(=O)O):C(CN(CC(=O)O)CC(=O)O):C(NC(C)=O):O:2)C[SH](S(=O)(=O)O)C1[O][Na],443.9496807038364,34.800824768911916
9124,46,6,21,8,4,960,5,21,7,20,COC1:C:S(Br)(C=CC2:C:C(N=O):N(Br):C([N+](=O)O):O:2):C:C:C:1[O][Na],443.90331632138015,18.17518422711705
1845,10,12,19,3,11,4568,23,5,16,10,CC1:N:C:C(C#CC2CC(S(=O)(=O)[O][Na])C(CN(CC(=O)O)CC(=O)O)C2Cl):C(O):C:1C(=O)[O][Na],443.8943801717236,18.970386707047897
1490,8,19,5,13,11,4447,23,2,16,10,CC(=O)NC1:C(Cl):O:C:C(C(=O)[O][Na]):C:1C#CC1CC([SH](=O)=O)C(CN(CC(=O)O)CC(=O)O)C1S(=O)(=O)[O][Na],443.88095164870964,32.25877401138274
406,3,2,19,2,4,5790,29,10,9,6,CCN(CC)C1C([N+](=O)O)[SH](C=CC2:N:C:C([SH](=O)=O):C(C(=O)[O][Na]):C:2[SH](=O)=O)NC1S(=O)(=O)[O][Na],443.8609108411509,16.89837687654914
2150,11,3,23,3,13,2596,13,14,5,3,CCNC1:C(C):C(C=CC=CC2:C:C(C):S(Cl):C:C:2C(=O)O):C:C:N:1C,443.85302297005666,20.968351492678643
438,3,7,22,13,15,9533,48,22,12,15,COC1:N:C(C=CC=CCS2(S(=O)(=O)O)CCS(=C(C#N)C#N)C2O):C(NC(C)=O):C:C:1S(=O)(=O)O,443.8251366053852,17.096411213157754
3591,18,5,16,7,6,4200,21,6,10,24,COC1:S:C(CN(CC(=O)O)CC(=O)O):C(Cl):N:C:1C=S1([N+](=O)O):C:C:S(C(C)C):C(S(=O)(=O)[O][Na]):C:1,443.7998261288146,27.459182749975472
8500,43,12,22,11,18,2239,12,18,25,20,CCOC(=O)C1:N:C(CNC2:C:C(N):C:N(S(=O)(=O)O):N:2O):C:C([O][Na]):C:1=N,443.77009146074795,23.265886864933904
2375,12,16,1,18,12,7597,38,14,20,19,CCOC(=O)C1:C(C#CC#CC2C(C(=O)[O][Na])CC([O][Na])[SH]2C(=O)O):C:N:C(CN(CC(=O)O)CC(=O)O):C:1N(C)C,443.7621018621033,15.451047736729903
8532,43,19,3,4,4,9528,48,11,8,6,CCC1:C:C(C):N:N(C(=O)[O][Na]):C:1C=CS1(N)CC([N+](=O)O)SC1N=O,443.7481456301786,18.167844216774007
6913,35,14,1,24,9,4200,21,6,10,24,CC(C)S1:C:C:S([N+](=O)O)(C2(C(C)C)CCN(C(=O)O)C2N(C)C):C:C:1S(=O)(=O)[O][Na],443.71806347994925,31.251462038930736
5303,27,11,19,17,2,243,2,6,15,9,CCN(CC)C1:C:C(C(=O)C=CC2(C(F)(F)F)NN(N)CC2C(=O)[O][Na]):C([N+](=O)O):C:C:1=C(C#N)C#N,443.6955647613233,14.516626755103381
8879,45,13,1,23,14,6943,35,6,15,21,CCNC1:C:C(OC2([N+](=O)O)CCN(Br)C2=C(C#N)C#N):S(NC(C)=O):S:C:1N(C)C,443.67999393196567,20.837876236172907
7012,36,15,5,8,1,2729,14,11,10,24,CC(C)C1:C:C(N)(N=NC2(N=O)CC(Cl)OC2=C(C#N)C#N):C:S:C:1S(=O)(=O)[O][Na],443.67347725574547,26.908202273194142
1848,10,13,14,10,6,6294,32,6,2,2,CC(=O)NC1:C:C(C=[SH]2([N+](=O)O)CC([SH](=O)=O)NC2[SH](=O)=O):C(S(=O)(=O)[O][Na]):N(C(=O)O):C:1,443.65324509530546,23.889678068540288
242,2,26,15,4,16,6243,32,26,6,23,CCNC1C[SH](=O)(C=CC=CC=CC2:C:C(CC):C(=C(C#N)C#N):C:C:2=O)C([N+](=O)O)N1,443.6417476567728,12.406345486141419
1198,6,18,8,26,20,2360,12,18,8,12,CCOC(=O)B1:C(C=C(C)C=CC2:C:C(O):C:C(N=O):N:2C(=O)OCC):C:C:C(=O):C:1N=O,443.6209315023267,12.293874546962353
5715,29,19,2,1,12,461,3,24,1,14,CC(C)C1:C(N(C)C):C(C(=O)O):C:C:N:1C#CC#CC1C(N(C)C)C([SH](=O)=O)N[SH]1C(=O)[O][Na],443.5597955645223,26.03370674016276
8757,44,22,8,14,1,2766,14,23,10,26,CCNS1:C:C(N=NC2:C:C(C(=O)O):C(N=O):S:N:2S(=O)(=O)O):C:C(=O):C:1S(=O)(=O)[O][Na],443.5444235480457,30.786033962185265
876,5,16,13,2,9,5149,26,11,6,25,CC(=O)NC1:C:S(CN(CC(=O)O)CC(=O)O):C(S2(N)C(=N)CCC2[N+](=O)O):C:C:1[SH](=O)=O,443.5360998979462,15.47803362578102
4500,23,14,16,6,4,850,5,21,6,26,O=C(O)CN(CC(=O)O)CC1CC(C=CS2:C:C:C(=O):C([N+](=O)O):C:2Br)([N+](=O)O)CC1C(=O)O,443.4764334920551,24.977172295568018
6865,35,26,23,2,15,2360,12,18,8,12,CCNN1C(=O)CC(C=CC=CCC2:C:C(O):C:C(N=O):N:2C(=O)OCC)C1[SH](=O)=O,443.4511042422179,36.24370262450007
8602,44,12,20,21,12,1450,8,22,12,20,O=S(=O)(O)C1(C#CC#CC2:C(Br):C:C([O][Na]):S:N:2O):C:O:C(O):C([O][Na]):C:1,443.4363969879655,24.047504848367844
3428,18,20,12,21,18,1123,6,5,15,4,CCC1:C:B(CNC2:C:S(Br):C(O):C:N:2[O][Na]):C(Cl):C(=C(C#N)C#N):C:1,443.40730477906783,25.485613959234605
263,2,12,20,26,18,8875,45,17,11,19,NC1:C:S(C(F)(F)F):S(CNC2:C:C(O):C([O][Na]):C(=O):C:2):C:C:1C(=O)[O][Na],443.3311225016191,9.134626914872397
6928,35,15,1,14,7,822,5,7,22,23,CCNC1:C:C:S(N=CC2CN(C(=O)O)C(N(C)C)C2=C(C#N)C#N)(OC):C:C:1S(=O)(=O)O,443.2963129846877,27.940628882970085
4743,24,10,9,18,14,1888,10,1,26,13,CCOC(=O)C1C(OC2(N(C)C):C:C:N(NC(C)=O):C(=O):C:2)NC(S(=O)(=O)[O][Na])C1N(CC)CC,443.28176277725817,31.86510114369252
8703,44,24,5,5,6,1590,8,19,26,21,CC(C)S1:N:C(C=C2:C:C(Br):C(=O):O:C:2C(=O)[O][Na]):C(Cl):C:C:1Cl,443.2412592559855,21.492869653531102
8506,43,23,21,26,16,1068,6,12,24,6,CCNN1:N:C(C=CC=CC=CB2:C:C:C([N+](=O)O):C(C(C)C):C:2O):C:C(=O):C:1Br,443.19635333302966,19.968629682731812
3577,18,19,8,4,1,878,5,20,19,22,CCC1:C(N=NS2([O][Na]):C:C:C(C(=O)[O][Na]):C(S(=O)(=O)O):C:2):N:C(C(=O)[O][Na]):C:S:1N=O,443.18944449594653,30.723178741210297
5121,26,5,8,4,11,852,5,3,15,22,CCC1(C#CS2(C):C:C(S(=O)(=O)O):C:C:C:2=C(C#N)C#N)CCC(N=O)[SH]1Cl,443.18417163845663,8.112114381552766
8625,44,26,24,11,20,4418,23,6,5,18,CCOC(=O)C1C(Cl)CC([N+](=O)O)C1C=CC(C)=CC1:C:C(N):C(C(C)C):S(=O):N:1,443.1637711752408,27.787725239492204
8783,44,8,22,6,17,2022,11,11,17,24,CC(C)C1:C:C:C(N)(C=CC=CC=CC=CC2:C:C([N+](=O)O):C(S(=O)(=O)O):S:N:2N=O):C:N:1C(F)(F)F,443.150410273004,19.568178759345567
6900,35,17,6,20,6,4005,21,4,15,21,CCS1(=CC2([O][Na])CNC([N+](=O)O)C2C(F)(F)F):C:C:S(=C(C#N)C#N):C(Br):C:1,443.1401109087541,26.48439893834555
3489,18,6,23,19,1,2575,13,19,20,13,CCNC1:C:S(C(=O)[O][Na]):C:C(N=NC2(C(=O)[O][Na]):C:C:S(NC(C)=O):C:C:2[O][Na]):N:1[N+](=O)O,443.13621049407766,31.339988093277253
7169,36,1,26,11,12,6515,33,14,19,22,CN(C)C1OC(=O)C(N)C1C#CC#CC1C[SH](C(=O)O)C(C(=O)[O][Na])C1S(=O)(=O)O,443.1298406146507,17.83774705794417
5090,26,21,24,22,20,5175,26,25,8,17,CC(C=C[SH]1CC(C(F)(F)F)C(N=O)C1=N)=CC1(S(=O)(=O)O)SC(Br)CC1C(C)C,443.11816472922055,16.84644460154743
2850,15,24,26,21,4,9452,48,1,13,11,CC(=O)NC1SC(N)CS1(C=CC1:C:S:C(C(C)C):C(=O):C:1Br)N(C)C,443.1016096458694,16.691153026828275
6542,33,26,14,12,15,818,5,6,23,9,CCNC1:C:C(N(CC)CC):C:S(CC=CC=CC2(O)C(=O)CSC2C(=O)O)([N+](=O)O):C:1,443.09218113223915,19.567109831862048
6792,34,11,10,16,18,514,3,22,13,21,CC(=O)NC1:C(Br):C:C:N(CNC2CC(CN(CC(=O)O)CC(=O)O)N(S(=O)(=O)[O][Na])C2N):C:1S(=O)(=O)O,443.05644764483014,23.545135871632326
8617,44,4,17,12,15,5018,26,4,5,18,CCOC(=O)C1CCS(CC)(CC=CC=CC2:C:C(O):C(C(F)(F)F):S(CC):N:2)C1Cl,443.0348447854054,20.987476027196188
8490,43,4,11,10,18,5774,29,1,15,8,CCN1:C:C(N):C(S(=O)(=O)[O][Na]):C(NC[SH]2C(N=O)CC(=C(C#N)C#N)N2N(C)C):N:1,443.0171657471643,19.07755958099739
3533,18,16,1,2,11,402,3,5,13,6,CC(=O)NC1:C:C([N+](=O)O):C:N(C#CC2:C([SH](=O)=O):S:C:C(N(C)C):N:2CN(CC(=O)O)CC(=O)O):C:1Cl,442.9764485729544,17.794711142824777
7519,38,21,6,21,13,1247,7,8,11,25,N=C1:C:C(C=CC=CC2CC(Br)[SH]([N+](=O)O)C2Br)(N=O):C(N):C:O:1,442.96796063899455,21.719104900668768
8377,42,16,11,8,12,1854,10,5,10,6,NC1:C(CN(CC(=O)O)CC(=O)O):S:O:C(C#CC#CC2:C:C(Cl):N(S(=O)(=O)[O][Na]):C([N+](=O)O):C:2):C:1N=O,442.91091419383673,27.610385060262836
3519,18,7,6,16,9,2639,14,18,11,10,CCOC(=O)S1:C:C(C2:C(CN(CC(=O)O)CC(=O)O):S([N+](=O)O):C:C:N:2OC):C:C(S(=O)(=O)[O][Na]):C:1N,442.90563653067875,36.6648762517899
5286,27,14,17,22,5,8810,45,15,2,17,N#CC(C#N)=S1:C([SH](=O)=O):C:C(C(F)(F)F):C:S:1=NC1C(S(=O)(=O)O)CN(C(F)(F)F)N1C(=O)O,442.7625084995584,19.56029747932476
3635,19,4,8,21,12,8664,44,24,11,21,CCC1:O:C(C#CC#CN2:C:C(Br):C(N):C:S:2C(C)C):C(Br):O:C:1N=O,442.7258843554673,22.114101429472825
1890,10,22,17,15,15,2192,11,6,7,13,COC1:N:C:C(CC=CC=CC2:C:C:C(S(=O)(=O)O):N(C(F)(F)F):C:2=C(C#N)C#N)([N+](=O)O):C:C:1NC(C)=O,442.6549649703823,13.64932876805454
3419,18,12,6,15,13,1635,9,23,9,23,CCNC1:C:C:C(C=CC=CC2:C(=C(C#N)C#N):S([N+](=O)O):C:C:N:2O)(NCC):O:C:1N(CC)CC,442.63899791008225,26.272811866145965
293,2,11,22,12,7,8829,45,7,13,23,CCNC1:C:C:S(N=CC2:C:C(N):C:C(S(=O)(=O)O):C:2O)(OC):S:C:1NC(C)=O,442.62304855438623,16.340583701241034
7217,37,22,2,12,18,8529,43,11,19,5,NN1:C:C(C(=O)[O][Na]):C(Cl):C:N:1CNC1(O)CC(S(=O)(=O)O)OC1[SH](=O)=O,442.5204839384158,19.58868279245703
2334,12,6,14,8,20,2541,13,8,8,8,CC(C=CC1:C:C(N=O):S:C(N=O):C:1N=O)=CC1:C:C(N=O):C(C(=O)O):N:C:1[N+](=O)O,442.5074751435817,10.809368247035295
4136,21,12,17,20,12,6899,35,6,24,11,CC(C)C1NC([N+](=O)O)C(C#CC#CC2:C([O][Na]):S:C(C(F)(F)F):C:S:2O)C1N,442.48888996872347,10.939842701844961
1756,9,24,10,8,10,5135,26,4,5,2,CC[SH]1(=C2:C(N=O):C:C(S(=O)(=O)[O][Na]):O:C:2C(C)C)CC([SH](=O)=O)CC1Cl,442.4867359798877,26.273823321955792
8865,45,1,7,21,4,8553,43,6,22,13,COC1:C:C(Br):C(C=CN2:C:C:C(NC(C)=O):C(S(=O)(=O)O):N:2[N+](=O)O):S:S:1N(C)C,442.4397569313472,19.06713771585248
1767,9,22,21,15,1,877,5,8,6,23,CCNC1:C:C([N+](=O)O):C:S(N=O)(N=NC2:C:O:C(S(=O)(=O)O):C(Br):C:2=C(C#N)C#N):C:1,442.4058381268895,29.906003425657953
8206,42,3,14,11,20,7336,37,9,7,9,CCN(CC)C1COC(OC)C1(C=CC(C)=CC1:C:C(N):C(C(=O)O):S(C):O:1)N(CC)CC,442.3645861346451,21.08239143173877
8916,45,21,1,17,10,8842,45,15,24,16,CC(C)C1:S:S(=C(C#N)C#N)(=C2:S:S:C(Br):C(N(C)C):C:2C(F)(F)F):C:C:C:1CN(CC(=O)O)CC(=O)O,442.3329489603524,27.0285678683666
389,2,22,1,19,4,5748,29,16,19,6,CN(C)C1:C:C(C(=O)[O][Na]):C:C(C=CS2(CN(CC(=O)O)CC(=O)O)CCC([N+](=O)O)N2C(=O)[O][Na]):C:1S(=O)(=O)O,442.3168988533438,11.390131332879985
396,2,5,1,26,9,6270,32,20,20,19,CN(C)C1:C:C:C(Cl):C(S2([O][Na])CNC([O][Na])C2C(=O)[O][Na]):C:1=O,442.2876534549475,21.98150212192522
1939,10,5,8,10,19,1606,9,21,4,26,CCC1:C(Br):O:C(C(=N)C2:C:C(Cl):C(N=O):N(S(=O)(=O)[O][Na]):C:2):C:C:1=O,442.28277763225685,27.821198125538963
7917,40,21,25,19,18,2410,13,21,13,24,CC(=O)NC1:C:C(Br)(CNC2:O:O:C(Br):C(=N):C:2C(=O)[O][Na]):C:C(C(C)C):S:1,442.2595968777635,32.036403261801816
984,5,16,1,2,9,2497,13,2,6,10,CN(C)C1:C(CN(CC(=O)O)CC(=O)O):C:S:C(C2:C:C:S(S(=O)(=O)[O][Na]):C([N+](=O)O):C:2[SH](=O)=O):C:1[SH](=O)=O,442.24342186783616,27.388489254074983
4529,23,21,11,9,13,2526,13,13,1,4,CCC1:C:C(C=CC=CC2(N(CC)CC)CC(N)C(Br)C2)(NC(C)=O):C:C:S:1N(C)C,442.21765735721794,14.519395923810766
540,3,20,25,13,7,514,3,22,13,21,CC(=O)NC1:C(Br):C:C:N(N=CC2:C:C(NC(C)=O):C(=N):C:N:2[O][Na]):C:1S(=O)(=O)O,442.21556713271593,25.06071665244323
8507,43,8,10,13,18,2391,12,4,23,3,CCNC1:C:N(CC):C(CNC2:C:C(NC(C)=O):C(S(=O)(=O)[O][Na]):N(N=O):N:2):C:C:1C,442.1679030424857,21.84725559001931
7189,36,26,18,5,15,1473,8,14,4,24,CCOC(=O)C1CC(Cl)(C=CC=CCC2:C:C(C(C)C):C(CC):O:C:2C(=O)O)C(=O)O1,442.16247864774914,18.186222373094125
223,2,20,1,13,10,2126,11,24,22,2,CC(=O)NC1:C:C(N(C)C):C([O][Na]):C:C:1=C1:C:C([SH](=O)=O):C(S(=O)(=O)O):N(C(C)C):C:1,442.1389011419868,22.57861597879528
8477,43,11,16,18,18,1836,10,10,4,21,CCOC(=O)C1:C(NCC2:C:C(Br):N(CC):C(S(=O)(=O)[O][Na]):C:2):N:N:C(N):C:1CN(CC(=O)O)CC(=O)O,442.1271412279085,19.357625764644123
2860,15,7,22,25,10,893,5,17,13,10,COC1:S:C(S(=O)(=O)O):C:C(=N):C:1=S1(C(F)(F)F):C:C:C(NC(C)=O):C(S(=O)(=O)[O][Na]):C:1,442.07812751399615,21.717214945217115
1665,9,17,21,20,7,415,3,12,7,1,COC1:C(O):C:N(N=CC2:C([O][Na]):C:C(Br):O:C:2C(F)(F)F):C:C:1N(C)C,442.0776816333875,22.634338754419996
2942,15,15,1,6,1,532,3,9,14,26,CCN(CC)C1:C:C(C(=O)O):C(=O):C:N:1N=NC1:C:C:C([N+](=O)O):S(N(C)C):C:1=C(C#N)C#N,442.0707824229089,18.279491328756706
8609,44,5,9,12,13,4796,24,25,9,26,CCN(CC)C1C(=N)CN(C=CC=CC2:C:C:C(O):S(N(CC)CC):N:2Cl)C1=O,442.0609037505058,18.849857908803536
2100,11,8,24,3,16,9433,48,26,12,22,CC1:C:C(C=CC=CC=C[SH]2(=O)C[SH](O)CC2S(=O)(=O)O):C(N=O):C:N:1C(C)C,442.02739927509054,28.222048692037248
3124,16,18,12,9,1,6826,35,8,15,20,CCOC(=O)C1:C:N:C(N=NC2CN(N=O)C(=C(C#N)C#N)C2[O][Na]):C(N(CC)CC):N:1O,442.0236375008227,24.09266830587082
1930,10,14,17,23,10,4110,21,20,17,21,CCNN1:C:C(C(F)(F)F):C(C(=O)O):C(=S2([O][Na]):C:C(Br):S:C(C(F)(F)F):C:2):C:1,442.0082284873814,21.173884042595134
7735,39,12,20,8,7,4083,21,7,20,21,COC1:C([O][Na]):S(Br):C:C:S:1N=CC1:O:C(O):O:C([O][Na]):C:1N=O,441.99937897044936,26.074682263105334
3073,16,19,12,26,19,6528,33,22,24,20,CC(C)C1[SH]([O][Na])CCC1(C(=N)C1:C:N:C(=O):C(O):N:1C(=O)[O][Na])S(=O)(=O)O,441.98623542690103,26.862820600271125
979,5,11,15,17,15,210,2,9,4,3,CCC1:C:C:C(C):C:C:1(CC=CC=CC1:C(C(F)(F)F):C:C:C(=C(C#N)C#N):S:1N)N(CC)CC,441.9458132537073,15.75105158240163
892,5,10,5,9,7,5246,27,10,20,25,CCN(CC)C1:C:C(Cl):C(S(=O)(=O)[O][Na]):S:C:1C=NN1CC(=N)C([O][Na])N1S(=O)(=O)[O][Na],441.92288850987495,18.061980217381965
500,3,11,10,22,18,1887,10,20,12,23,CCNC1:N:C:C:C(CNC2:C(S(=O)(=O)O):C:C(S(=O)(=O)[O][Na]):C:N:2N)([O][Na]):C:1O,441.910929049247,19.551481061220173
833,5,23,3,12,1,4594,23,16,2,14,CCNS1:C(N=NC2C(CN(CC(=O)O)CC(=O)O)CC([SH](=O)=O)C2C(=O)O):C:C:C(O):C:1C,441.8806373814626,33.484797110616206
2253,12,2,2,10,7,6938,35,4,21,17,CCC1(N=CC2:C(S(=O)(=O)[O][Na]):C:C:N([SH](=O)=O):C:2[SH](=O)=O)CCN(C(F)(F)F)C1Br,441.85600469073944,24.531151745304342
8025,41,9,23,1,14,6654,34,23,14,14,CCNC1:C(N(CC)CC):N:O:C(OC2C(C(=O)O)C(C(=O)O)CN2NCC):C:1N(C)C,441.8414809066773,15.143339176863305
5442,28,6,16,11,17,572,3,12,13,3,CC(=O)NC1:C(C):C:C:N(C=CC=CC=CC=CC2ON([N+](=O)O)C(CN(CC(=O)O)CC(=O)O)C2N):C:1O,441.83924146277224,23.645049745984014
6248,32,24,16,19,11,1460,8,10,11,17,CC(C)[SH]1C(CN(CC(=O)O)CC(=O)O)NCC1(C#CC1(S(=O)(=O)[O][Na]):C:C(C(F)(F)F):C:O:C:1N)C(=O)[O][Na],441.83774505608443,25.168579318198052
482,3,2,23,17,2,4005,21,4,15,21,CCNC1:C(C(F)(F)F):C:C:C(C=CC(=O)S2(CC):C:C:S(=C(C#N)C#N):C(Br):C:2):N:1[SH](=O)=O,441.81846689810607,21.933185717371263
2576,13,25,9,24,10,9501,48,9,9,13,CCN(CC)C1:S:C(C(C)C):C(=[SH]2(N(CC)CC)CSC(N(CC)CC)C2NC(C)=O):C:C:1=N,441.81846086525286,18.796220054648412
9602,49,1,19,9,12,1572,8,14,2,24,CCN(CC)C1C(C#CC#CC2(C(=O)O):C:C:C(C(C)C):O:C:2[SH](=O)=O)N(N(C)C)ON1C(=O)[O][Na],441.810625855983,33.92244224204352
940,5,12,19,12,4,5618,29,21,20,23,CCNC1CCN([O][Na])S1(Br)C=CC1:S:C(O):C(C(=O)[O][Na]):C:C:1O,441.77452857225035,11.507684067194525
2299,12,25,6,19,1,268,2,22,22,14,N=C1:C(N=NC2(S(=O)(=O)O):C:C(C(=O)O):C:C:C:2S(=O)(=O)O):C:C(C(=O)[O][Na]):C:N:1[N+](=O)O,441.7101920865239,34.19045356482974
5789,29,9,12,26,8,8887,45,6,1,11,CCN(CC)N1SC(=CC=S2:C:C(N):C:C(N(C)C):S:2[N+](=O)O)C(=O)C1O,441.69998439525125,12.37864710840986
2347,12,19,12,10,19,2555,13,16,18,1,CCOC(=O)S1:C:C:C(CN(CC(=O)O)CC(=O)O)(C(=N)C2:C:C(S(=O)(=O)[O][Na]):C(O):N:C:2C(=O)[O][Na]):C:C:1N(C)C,441.6908417969965,29.837733398701438
3327,17,23,1,22,18,946,5,26,15,4,CCNN1:C(NCS2(=O):C:C:C(CC):C(=C(C#N)C#N):C:2):C:O:C(S(=O)(=O)O):C:1N(C)C,441.66633017523264,25.304897275576224
8489,43,17,2,9,20,9408,48,3,24,2,CCN(CC)C1:C(C=C(C)C=CS2(C)CSC(C(C)C)C2[SH](=O)=O):N:N:C(C(F)(F)F):C:1[SH](=O)=O,441.65217134420243,16.76473891122382
1887,10,20,12,23,18,7164,36,14,24,22,CCNC1:N:C:C(NCC2(C(=O)O)OCC(C(C)C)C2S(=O)(=O)O):C([O][Na]):C:1O,441.6433877745882,12.020752758955787
4589,23,20,3,2,18,406,3,2,19,2,CC1CC(NCN2:C:C([SH](=O)=O):C(C(=O)[O][Na]):C([SH](=O)=O):C:2)([SH](=O)=O)CC1[O][Na],441.6173599760808,17.777281676668366
5748,29,16,19,6,14,964,5,13,24,2,CC(=O)NS1(OC2CC([N+](=O)O)N(C(=O)[O][Na])[SH]2CN(CC(=O)O)CC(=O)O):C:C:C:C([SH](=O)=O):C:1C(C)C,441.60790590036305,37.620176504034326
7434,38,18,6,5,8,4407,23,2,1,9,CCOC(=O)C1C(=CC=C2C(N(CC)CC)C(N(C)C)CC2[SH](=O)=O)C(Cl)C[SH]1[N+](=O)O,441.5456887037044,16.78233734185557
2803,15,8,19,9,10,952,5,16,7,22,CCN(CC)C1:C(C(=O)[O][Na]):C(N=O):S:C:C:1=S1(CN(CC(=O)O)CC(=O)O):C:C:C(S(=O)(=O)O):C(OC):C:1,441.53929879901597,18.668420625642984
3038,16,14,22,1,10,9426,48,2,19,9,CCN(CC)C1CS(=C2:N:C(C(=O)O):C(S(=O)(=O)O):N:C:2N(C)C)C([SH](=O)=O)[SH]1C(=O)[O][Na],441.5038159223491,28.063477498055683
4620,24,5,19,15,7,833,5,23,3,12,CCNS1(N=CC2C(=C(C#N)C#N)CC(C(=O)[O][Na])N2Cl):C:C:C:C(O):C:1C,441.4945113907993,22.97663599827756
2391,12,4,23,3,13,1417,8,17,26,3,CCNC1:C:N(CC):C:C(C=CC=CC2:C:C(C):C(=O):O:C:2C(F)(F)F):C:1C,441.4713838376483,20.7223224664291
3506,18,20,10,13,10,5007,26,12,3,16,CC(=O)NC1:S:C:C(S(=O)(=O)[O][Na]):N([O][Na]):C:1=S1C(O)CC(C)C1CN(CC(=O)O)CC(=O)O,441.42123086341115,33.829584215288925
511,3,11,25,17,7,2167,11,14,1,10,CN(C)C1:N:C:C(S(=O)(=O)[O][Na]):C:C:1(N=CC1:C:C(C(F)(F)F):C(=N):C(N):N:1)C(=O)O,441.4094782606189,27.295313965432083
6703,34,2,19,11,2,4037,21,25,1,16,CN(C)C1:C:S:C(CN(CC(=O)O)CC(=O)O):C:S:1(=N)C(=O)C=CC1(N)CC(C(=O)[O][Na])NC1[SH](=O)=O,441.4076909928861,25.976487230472895
3198,16,23,4,14,16,2069,11,4,17,8,CCNN1:C(C=CC=CC=CC2:C:C(N=O):C(C(F)(F)F):N:C:2CC):C:N(C(=O)O):C:C:1CC,441.38643415474337,9.019154475472513
1284,7,14,20,6,7,878,5,20,19,22,O=C([O][Na])C1:C:C:S(N=CC2:C([N+](=O)O):O:C:C([O][Na]):C:2C(=O)O)([O][Na]):C:C:1S(=O)(=O)O,441.3852502915129,23.995368890131605
7879,40,19,3,6,8,8905,45,5,23,5,CCNS1:C(Cl):C:C:C:S:1(Cl)=CC=C1:O:O:C(C(=O)[O][Na]):C(C):C:1[N+](=O)O,441.37830435801254,26.137741584181992
2426,13,20,14,20,19,7477,38,2,23,11,CCNC1CSC(C(=N)C2:C([O][Na]):S:C:C(C(=O)O):C:2[O][Na])([SH](=O)=O)C1N,441.3234065000321,26.224711127492178
5661,29,21,3,6,1,2776,14,25,10,25,CN1CCC(N=NC2:C:C(=N):C(S(=O)(=O)[O][Na]):S(=N):C:2)([N+](=O)O)[SH]1Br,441.2893710716089,30.65139909241306
5746,29,3,20,12,6,7350,37,14,1,11,CN(C)C1OC(C(=O)O)C(=CC2SN(C)C([O][Na])C2O)C1N,441.22795695768855,16.501833503137096
9344,47,18,21,18,1,464,3,18,8,2,CCOC(=O)C1:C(N=O):C([SH](=O)=O):C:C:N:1N=NC1:C:C(C(=O)OCC):S(Br):C(C(=O)OCC):O:1,441.20264845129566,10.946376167799015
9484,48,5,14,4,18,2817,15,6,17,22,CCC1(NCC2([N+](=O)O):C:C(S(=O)(=O)O):C(C(F)(F)F):C:S:2)C[SH](C(=O)O)C[SH]1Cl,441.19672905177487,10.50187400852303
6261,32,13,23,16,18,2807,15,16,22,22,CCNC1NCC(CN(CC(=O)O)CC(=O)O)(NCC2(CN(CC(=O)O)CC(=O)O):C:C:C:C(S(=O)(=O)O):S:2S(=O)(=O)O)[SH]1NC(C)=O,441.1405675476132,25.256612859545772
8499,43,8,12,10,11,9548,48,13,23,23,CCNC1SC(NC(C)=O)[SH](C#CC2:N:N(N=O):C:C(O):C:2S(=O)(=O)[O][Na])C1NCC,441.1050823915959,21.449693535849
5170,26,17,9,4,3,7575,38,25,12,24,CCN(CC)C1C[SH](C(F)(F)F)C(C=CC(=O)CC(=O)C=CC2SC(=N)C(O)C2C(C)C)(CC)C1,441.09354747032387,20.739600874091604
5717,29,7,9,9,15,1458,8,11,16,1,CCN(CC)C1CN(N(CC)CC)[SH](OC)C1C=CC=CCC1(N):C:O:C(CN(CC(=O)O)CC(=O)O):C(N(C)C):C:1,441.08581687606346,15.057507460504306
547,3,2,26,16,10,6384,32,9,5,19,CCN(CC)C1NC(Cl)C(C(=O)[O][Na])S1=C1:C:C:C(CN(CC(=O)O)CC(=O)O):C(=O):N:1[SH](=O)=O,441.05436343934514,27.48819547812145
874,5,3,8,4,4,1881,10,9,2,14,CCC1:C:C(C=CC2:C:C:N(C(=O)O):C([SH](=O)=O):C:2N(CC)CC):S(C):C:C:1N=O,441.0537392262528,11.954247087791739
5454,28,16,19,7,2,2430,13,20,1,13,COC1(C=CC(=O)C2([O][Na]):C:C:S(N(C)C):C(NC(C)=O):C:2)CC(C(=O)[O][Na])N(CN(CC(=O)O)CC(=O)O)O1,441.04549237486435,27.23398520268978
4012,21,22,24,4,7,2689,14,18,16,22,CCOC(=O)C1(N=CC2:C(CC):S:C(C(C)C):C:S:2S(=O)(=O)O):C:C:C(S(=O)(=O)O):S(CN(CC(=O)O)CC(=O)O):C:1,441.0399279915599,46.65896394812399
9370,47,23,7,17,17,2837,15,8,22,12,CCNC1:O:C(C=CC=CC=CC=CC2(N=O):C:C:C:C(O):S:2S(=O)(=O)O):C:C(C(F)(F)F):S:1OC,441.0157747758555,23.08830712306187
3483,18,23,10,12,14,6595,33,25,8,19,CCNN1:C(OC2C(=N)SC(N=O)C2C(=O)[O][Na]):C:S(O):C:C:1S(=O)(=O)[O][Na],440.9808986403165,25.1279765285084
6549,33,22,7,12,17,1319,7,22,7,25,COC1:C(=N):O:C:C:C:1(C=CC=CC=CC=CC1(O)CC(S(=O)(=O)O)SC1OC)S(=O)(=O)O,440.9476175460475,18.45450687857508
5192,26,8,19,10,18,8883,45,22,26,18,CCOC(=O)C1:C:S(CNC2(S(=O)(=O)[O][Na])C(C(=O)[O][Na])CC[SH]2N=O)(S(=O)(=O)O):S:C:C:1=O,440.94565331041093,28.002940823555683
1832,10,24,4,12,14,1195,6,24,20,17,CCC1:C(C(C)C):C:C(OB2:C:C(C(C)C):C([O][Na]):C(C(F)(F)F):C:2):C:N:1O,440.9136648718659,19.06646466370327
6436,33,5,16,17,14,2648,14,5,24,5,CC(C)C1:S:C(Cl):C(OC2C[SH](C(F)(F)F)C(CN(CC(=O)O)CC(=O)O)C2Cl):C:C:1Cl,440.9067715043963,25.350833298803533
1215,7,7,22,25,8,4012,21,22,24,4,CCC1:C:S(=CC=C2:C(OC):C(S(=O)(=O)O):C:O:C:2=N)(S(=O)(=O)O):C:C(C(C)C):S:1,440.8910863860301,18.125806013699243
5028,26,26,10,5,10,5624,29,11,22,8,NC1NS(=C2SC(=O)C(S(=O)(=O)[O][Na])C2Cl)C(N=O)C1S(=O)(=O)O,440.87138399896537,13.685255324304094
5205,27,21,3,24,19,6648,34,14,17,6,CC(C)C1C(C)NN(Br)C1C(=N)C1(C(=O)O)CC([N+](=O)O)CN1C(F)(F)F,440.8338001070227,11.81435491835269
940,5,12,19,12,1,4409,23,4,23,21,CCNC1CC(Br)CC1(CC)N=NC1:S:C(O):C(C(=O)[O][Na]):C:C:1O,440.8202456897454,23.602605935006547
4029,21,4,13,26,7,2811,15,23,18,23,CCNC1:C:C:C(N=CC2:C:S(=O):C(NC(C)=O):C:S:2CC)(NCC):S(C(=O)OCC):C:1,440.81988799585633,15.48385535821614
5123,26,13,8,3,13,5139,26,26,8,25,CC(=O)N[SH]1C(C=CC=C[SH]2CC(=O)C(N=O)C2=N)CC(C)C1N=O,440.79505845785087,13.603736091336604
2131,11,6,16,26,7,988,5,1,19,16,CN(C)C1:C(C(=O)[O][Na]):C(CN(CC(=O)O)CC(=O)O):C:C:S:1N=CC1:C([N+](=O)O):C:N(CN(CC(=O)O)CC(=O)O):C:C:1=O,440.79446205207313,38.203364075310326
7879,40,19,3,6,9,1164,6,5,6,23,CCNC1:C:B(C2:O:O:C(C(=O)[O][Na]):C(C):C:2[N+](=O)O):C:C(Cl):C:1[N+](=O)O,440.78633043334486,23.009097667442397
427,3,6,22,9,16,2094,11,1,22,11,CCN(CC)C1:C(S(=O)(=O)O):C:C([N+](=O)O):N:C:1C=CC=CC=CC1(N(C)C):C:C(N):C:N:C:1S(=O)(=O)O,440.7808820006932,22.327924439374968
9370,47,23,7,17,15,6252,32,18,13,11,CCNC1:O:C(C=CC=CC[SH]2C(C(=O)OCC)NC(NC(C)=O)C2N):C:C(C(F)(F)F):S:1OC,440.75860566350536,14.245377513685822
2991,15,18,7,19,19,6487,33,23,25,6,CCNC1(C(=N)C2:C(C(=O)OCC):S:C:C(OC):C:2C(=O)[O][Na])CC([N+](=O)O)S(=N)C1,440.72601311928713,16.725331070137102
2760,14,4,16,21,9,8915,45,6,14,21,CCC1:C:S(CN(CC(=O)O)CC(=O)O):C:C(Br):C:1S1:C:C(Br):C(C(=O)O):C([N+](=O)O):S:1,440.65540635143,18.72806220172151
3371,17,19,2,7,12,2825,15,14,22,18,CCOC(=O)C1:C:C:C(C#CC#CC2:C:O:C(OC):C([SH](=O)=O):N:2C(=O)[O][Na])(C(=O)O):S(S(=O)(=O)O):C:1,440.64851532632855,26.74955959550375
3088,16,6,9,14,2,2967,15,1,15,16,CCN(CC)C1:C:N([N+](=O)O):C(C=CC(=O)C2(N(C)C):C:C(CN(CC(=O)O)CC(=O)O):C:C(=C(C#N)C#N):S:2):C(C(=O)O):N:1,440.6163841149852,24.960037612675237
4496,23,5,12,11,16,2479,13,11,2,15,N#CC(C#N)=C1:C:C(N)(C=CC=CC=CC2(N)CCC(O)C2Cl):C:C:S:1[SH](=O)=O,440.59983051202687,22.998911907320373
6000,30,3,12,7,12,6876,35,13,17,18,CCOC(=O)C1CN(C(F)(F)F)CC1(C#CC#CC1(OC)CN(O)C(C)N1)NC(C)=O,440.57346988143547,18.001610734616932
326,2,11,13,22,11,2013,11,10,10,6,CC(=O)NC1:C:C(N):C:C(C#CC2(S(=O)(=O)[O][Na]):C:C([N+](=O)O):C:N(S(=O)(=O)[O][Na]):C:2):C:1S(=O)(=O)O,440.53670591215695,22.007785056950993
2124,11,22,14,7,9,8994,45,10,21,23,CCNC1:C:C:S(Br):S(C2:C:C(OC):N:C(C(=O)O):C:2S(=O)(=O)O)(S(=O)(=O)[O][Na]):C:1,440.46633031869817,28.75485884244406
569,3,13,11,26,18,1954,10,26,5,19,CC(=O)NN1:C(N):C:C:C(=O):C:1NCC1:C:C(C(=O)[O][Na]):N(Cl):C(=O):C:1,440.41128960656334,12.055702853990368
9716,49,7,8,18,12,3577,18,19,8,4,CCOC(=O)C1(C#CC#CN2:C:C(CC):S(N=O):C:C:2C(=O)[O][Na])CN(N=O)ON1OC,440.3976054732514,22.266985981077273
8447,43,2,1,17,11,2846,15,16,19,5,CN(C)C1:N:N([SH](=O)=O):C(C#CC2:C:C:C(Cl):C(C(=O)[O][Na]):S:2CN(CC(=O)O)CC(=O)O):C:C:1C(F)(F)F,440.3011910566136,26.17527374370563
2959,15,19,10,21,6,6343,32,22,18,20,CCOC(=O)C1NC([O][Na])C[SH]1(=CC1:C:S:C(C(=O)[O][Na]):C(S(=O)(=O)[O][Na]):C:1Br)S(=O)(=O)O,440.2826719654314,20.377582158871522
3427,18,11,16,6,12,2760,14,4,16,21,CCC1(C#CC#CC2:C([N+](=O)O):S:C:C(CN(CC(=O)O)CC(=O)O):N:2N):C:C(Br):C:S(CN(CC(=O)O)CC(=O)O):C:1,440.2190652409291,29.435189954789706
7369,37,1,8,24,3,4102,21,1,22,5,CC(C)C1(C=CC(=O)CC(=O)C=CS2(N(C)C):C:C:S:C(Cl):C:2S(=O)(=O)O)C(N=O)OCC1N(C)C,440.1200184737025,18.611453589637083
5812,30,11,7,19,2,4647,24,26,11,2,CON1C(N)NC(C=CC(=O)N2CC(=O)C(N)C2[SH](=O)=O)C1C(=O)[O][Na],440.0883797010225,21.943451682342406
2353,12,21,16,1,19,6201,32,21,4,11,CCC1NC(Br)[SH](C(=N)C2:C:C(N(C)C):C:N(CN(CC(=O)O)CC(=O)O):C:2Br)C1N,440.05321129845186,7.261068252703731
9131,46,21,5,19,1,7522,38,10,24,25,CC(C)C1C(=N)C(N=NC2:O:C:N(Br):C(Cl):C:2C(=O)[O][Na])SC1S(=O)(=O)[O][Na],440.04629267956426,26.320292331971505
759,4,22,12,9,12,9424,48,15,20,18,CCOC(=O)C1CSC([O][Na])[SH]1(C#CC#CC1:O:C(S(=O)(=O)O):C:C(O):C:1N(CC)CC)=C(C#N)C#N,440.01030043326193,26.99752909973989
4014,21,9,22,13,19,6692,34,22,7,18,CCOC(=O)C1CC(OC)N(S(=O)(=O)O)C1C(=N)C1:C(NC(C)=O):S:C:C(S(=O)(=O)O):S:1N(CC)CC,440.005661692168,34.43055934340267
8807,45,5,10,11,4,4726,24,24,6,17,CC(C)C1CN(C=CC2:S:S(Cl):C(S(=O)(=O)[O][Na]):C:C:2N)C(C(F)(F)F)C1[N+](=O)O,439.9508278118534,20.27588810157951
2934,15,17,4,1,9,2426,13,20,14,20,CCC1:S:C(C(F)(F)F):C(C2([O][Na]):C:C([O][Na]):S:C:C:2C(=O)O):C:C:1N(C)C,439.94657772474363,13.136716757061052
4121,21,4,10,7,5,8978,45,16,11,6,CCS1:C(N=S2(CN(CC(=O)O)CC(=O)O):C:C:C([N+](=O)O):C(N):S:2):C:S(OC):C:C:1S(=O)(=O)[O][Na],439.9304280279903,36.96677806240368
310,2,4,7,7,14,4186,21,24,10,25,CCC1:C:C:C(OC):C(OC):C:1OS1:C:C:S(=N):C(S(=O)(=O)[O][Na]):C:1C(C)C,439.9241845487023,12.57715719953529
7735,39,12,20,8,9,1073,6,9,26,6,CCN(CC)C1:C:C(=O):C([N+](=O)O):C:B:1C1:O:C(O):O:C([O][Na]):C:1N=O,439.8624731249585,13.476656083453014
1914,10,26,3,3,20,6815,35,24,21,25,CC(C=CC1(C(C)C)CNC(Br)C1=N)=CC1:C:C(=O):C:N(C):C:1C,439.85813665196656,25.95185912758358
904,5,3,16,19,14,9533,48,22,12,15,CC1:S:C(OS2(S(=O)(=O)O)CCS(=C(C#N)C#N)C2O):C(C(=O)[O][Na]):C:C:1CN(CC(=O)O)CC(=O)O,439.7942676123248,35.378454161682214
2146,11,12,5,6,19,8859,45,17,11,20,N=C(C1:C:C([N+](=O)O):N(Cl):C:C:1O)S1(C(F)(F)F):C:C([O][Na]):C(N):C:S:1,439.7869133444982,16.519017177534508
841,5,24,4,25,18,8883,45,22,26,18,CCOC(=O)C1:C:S(CNC2:C:C(=N):C:C(CC):S:2C(C)C)(S(=O)(=O)O):S:C:C:1=O,439.74610331982615,13.529326870354005
8050,41,1,25,3,7,354,2,13,3,15,CC(=O)NC1(N=CC2:C:C(C):C(=N):N(N(C)C):O:2):C:C:C:C(=C(C#N)C#N):C:1C,439.7355592160735,24.8869771190401
6122,31,24,12,9,20,1788,9,1,3,4,CCC1:C:C(C):O:C(C=CC(C)=CC2(N(CC)CC)OCN(C(C)C)C2O)(N(C)C):C:1,439.6816829819477,22.15406327791896
7422,38,6,18,19,19,1452,8,21,12,4,CCOC(=O)C1CC(C(=N)C2(Br):C:C:C(CC):O:C:2O)(C(=O)[O][Na])C[SH]1[N+](=O)O,439.59876722324196,17.024298338887455
9465,48,4,8,20,19,7576,38,24,10,26,CC[SH]1CSC(N=O)C1([O][Na])C(=N)C1SC(C(C)C)C(S(=O)(=O)[O][Na])C1=O,439.56559098619,17.644806383179
6662,34,2,20,11,14,2477,13,6,9,19,CCN(CC)S1:C:C:C(OC2(N)CC([O][Na])N([SH](=O)=O)C2)([N+](=O)O):C:C:1C(=O)[O][Na],439.526959246798,22.216286598743036
3400,17,2,5,12,20,2633,14,23,13,12,CCNC1:S:C(NC(C)=O):C(O):C:C:1C=CC(C)=CC1:C:O:C(O):C(Cl):N:1[SH](=O)=O,439.5048558600567,19.547114885153295
8756,44,1,15,14,6,5152,26,18,18,7,CCOC(=O)C1CC(OC)[SH](=CC2:C:C(C(=O)O):C(=C(C#N)C#N):S(N(C)C):N:2)(C(=O)OCC)C1,439.4809535559974,18.984121328906273
1907,10,21,14,5,2,7471,38,13,22,25,CC(=O)NC1(C(=O)C=CC2:C:N(Cl):C:C(C(=O)O):C:2Br)C(=N)CC[SH]1S(=O)(=O)O,439.47926301287146,19.33321136554447
406,3,2,19,2,19,6940,35,10,14,18,CCOC(=O)C1CC(C(=N)C2:N:C:C([SH](=O)=O):C(C(=O)[O][Na]):C:2[SH](=O)=O)(S(=O)(=O)[O][Na])C(C(=O)O)N1,439.47802248998175,25.7758673086183
2583,13,1,6,14,5,5777,29,21,19,25,CN(C)C1:C:C([N+](=O)O):S:C(C(=O)O):C:1N=[SH]1(Br)CC(=N)C(C(=O)[O][Na])N1,439.452292964907,14.924943673156159
5910,30,13,15,5,18,2989,15,11,19,12,CC(=O)NN1CNC(Cl)(NCC2(N):C:C(O):C:C:S:2C(=O)[O][Na])C1=C(C#N)C#N,439.4342159179296,18.357843338306537
2126,11,24,22,2,14,6745,34,13,10,20,CC(=O)NC1(OC2:C:C:N(C(C)C):C(S(=O)(=O)O):C:2[SH](=O)=O)CCC([O][Na])N1S(=O)(=O)[O][Na],439.4314362343969,27.263734578862774
7423,38,4,13,12,13,2169,11,22,24,23,CCNN1:C:C:C:C(C=CC=CC2C(O)C[SH](NC(C)=O)C2CC)(S(=O)(=O)O):C:1C(C)C,439.38254806130556,22.760897590114656
1760,9,8,6,13,9,9462,48,3,10,13,CC(=O)NC1:C([SH]2CC(NC(C)=O)[SH](S(=O)(=O)[O][Na])C2C):C:O:C(N=O):C:1[N+](=O)O,439.3737511658127,27.95313674804153
4846,25,7,21,10,1,328,2,1,10,11,COC1CC(Br)C(N=NC2(N(C)C):C:C:C(S(=O)(=O)[O][Na]):C(N):C:2)(S(=O)(=O)[O][Na])O1,439.3073306172734,25.223318997910955
2776,14,25,10,25,9,1259,7,1,22,25,CN(C)C1(C2:C:C:S(=N):C(S(=O)(=O)[O][Na]):C:2=N):C:C(S(=O)(=O)O):O:C(=N):C:1,439.29259941827956,18.955966944881517
5022,26,21,24,14,7,1660,9,20,14,4,CCC1:C:C(N=CC2(C(=O)O)SC(Br)CC2C(C)C):O:C([O][Na]):C:1C(=O)O,439.281364848058,25.719358704408773
8918,45,26,3,23,13,1735,9,26,24,21,CCNC1:C:C(C):S:S(=O):C:1C=CC=CC1:C:C(Br):C(C(C)C):C(=O):O:1,439.26090711680763,16.977186559893784
3591,18,5,16,7,18,835,5,5,1,25,COC1:S:C(CN(CC(=O)O)CC(=O)O):C(Cl):N:C:1NCS1(Cl):C:C:C(=N):C:C:1N(C)C,439.22320082969344,26.151734780324865
3039,16,8,2,10,11,6772,34,16,18,19,CCOC(=O)C1CC(C(=O)[O][Na])C(C#CC2:C:N(S(=O)(=O)[O][Na]):C([SH](=O)=O):C(N=O):N:2)N1CN(CC(=O)O)CC(=O)O,439.19916286715454,27.68025534361766
7554,38,22,10,14,12,8522,43,10,2,25,N=C1:C:N(C#CC#CC2(C(=O)O)CSC(S(=O)(=O)O)C2S(=O)(=O)[O][Na]):N:C(S(=O)(=O)[O][Na]):C:1[SH](=O)=O,439.1793093748699,25.809027776608513
5732,29,20,1,19,9,451,3,6,6,3,CC1:C:C([N+](=O)O):C([N+](=O)O):N(C2CC(C(=O)[O][Na])N(N(C)C)[SH]2[O][Na]):C:1,439.1509416870179,24.16134400803028
2614,14,26,14,17,11,2206,12,9,10,2,CCN(CC)N1:C(C#CC2:C:C(C(F)(F)F):S(C(=O)O):C:C:2=O):C:C([SH](=O)=O):C:C:1S(=O)(=O)[O][Na],439.14721816268656,21.901425249543315
9366,47,22,1,2,7,2861,15,7,12,10,COS1:C(O):C:C(S(=O)(=O)[O][Na]):C:C:1N=CC1:C:C([SH](=O)=O):S(N(C)C):C(S(=O)(=O)O):O:1,439.1251926461988,30.680991279337587
4781,24,3,16,20,7,3094,16,24,22,22,CC(C)C1:C(S(=O)(=O)O):N:C(S(=O)(=O)O):C:N:1N=CC1C([O][Na])CC(CN(CC(=O)O)CC(=O)O)N1C,439.10305180332455,38.90213232170962
1260,7,10,1,12,5,2456,13,20,12,22,CN(C)C1:C:C(S(=O)(=O)[O][Na]):C(N=C2:C:C([O][Na]):S(O):C(S(=O)(=O)O):C:2):C(O):O:1,439.0906406703152,22.73560002945391
8561,43,2,8,7,5,9463,48,22,10,14,COC1:C:C(N=[SH]2(S(=O)(=O)O)CSC(S(=O)(=O)[O][Na])C2C(=O)O):N:N([SH](=O)=O):C:1N=O,439.07959889484766,29.11871292410817
8906,45,18,26,15,1,1869,10,24,5,11,CCOC(=O)S1:C(N=NC2:C:C(N):N(Cl):C(C(C)C):C:2):C(=C(C#N)C#N):C:C:S:1=O,439.0738954121306,24.267985866161194
6418,33,5,8,14,18,5028,26,26,10,5,O=NC1C(Cl)C(NC[SH]2CC(Cl)C(S(=O)(=O)[O][Na])C2=O)C[SH]1C(=O)O,439.06964372265855,27.715911207394836
4727,24,20,12,20,11,6638,34,19,5,7,COC1CC(Cl)N(C(=O)[O][Na])C1C#CC1([O][Na])CC(O)C([O][Na])N1,439.04080397841346,24.9120694117982
6731,34,5,3,1,7,2854,15,16,22,9,CCN(CC)C1:C:C:C(CN(CC(=O)O)CC(=O)O)(N=CC2(N(C)C)CCN(C)C2Cl):S(S(=O)(=O)O):C:1,439.03831379812766,22.138429772262114
6587,33,22,5,1,12,1047,6,19,8,16,CN(C)C1(C#CC#CB2:C:C(CN(CC(=O)O)CC(=O)O):C(N=O):C(C(=O)[O][Na]):C:2)CC(S(=O)(=O)O)[SH](Cl)C1,439.0360271645615,21.32989336630675
2168,11,5,24,1,4,6626,34,21,2,18,CCOC(=O)C1C([SH](=O)=O)CNC1(Br)C=CC1:C:C(Cl):N(C(C)C):C(N(C)C):C:1,439.0267594088149,10.968081820286233
6916,35,23,14,13,9,5778,29,16,25,17,CCNN1CCC(NC(C)=O)([SH]2C(C(F)(F)F)CC(=N)N2CN(CC(=O)O)CC(=O)O)C1C(=O)O,439.01462358067795,16.965529954856628
2618,14,11,6,1,8,4487,23,18,9,2,CCOC(=O)C1CC(N(CC)CC)C([SH](=O)=O)C1=CC=C1:C:C(N(C)C):S([N+](=O)O):C:C:1N,438.9996267719206,14.7678441068448
2013,11,10,10,6,14,9431,48,6,14,2,O=C(O)[SH]1CS(OC2:C([N+](=O)O):C:N(S(=O)(=O)[O][Na]):C:C:2S(=O)(=O)[O][Na])([N+](=O)O)CC1[SH](=O)=O,438.99016065560437,21.03150348214055
4690,24,13,14,5,1,2584,13,21,7,23,CCNC1:C:C(Br)(N=NC2(Cl)CC(C(=O)O)C(NC(C)=O)N2):C(OC):C:S:1,438.9714497308064,10.967500973677884
3445,18,8,9,12,19,351,2,22,11,19,CCN(CC)S1:C:C:N(N=O):C(C(=N)C2(S(=O)(=O)O):C:C(C(=O)[O][Na]):C:C:C:2N):C:1O,438.9542863624124,28.72876428368288
5969,30,1,17,24,4,2026,11,20,11,19,CC(C)C1C(C=CC2([O][Na]):C:N:C(N):C(C(=O)[O][Na]):C:2)N(N(C)C)CN1C(F)(F)F,438.95321435805926,18.98246751191754
6439,33,7,9,11,20,7410,38,17,11,21,CCN(CC)C1SC(N)C(C=C(C)C=CC2(C(F)(F)F)CC(Br)C(N)S2)C1OC,438.9418409936902,7.8301566391243345
310,2,4,7,7,7,2827,15,2,10,25,CCC1:C:C:C(OC):C(OC):C:1C=NC1:C:C(=N):C(S(=O)(=O)[O][Na]):C([SH](=O)=O):S:1,438.92586279078915,15.05380726518016
5743,29,17,23,8,13,6335,32,3,18,25,CCNN1CCC(C=CC=C[SH]2C(=N)C(C(=O)OCC)NC2C)(N=O)[SH]1C(F)(F)F,438.8869609081711,10.92542405693985
7362,37,22,18,1,17,6975,35,1,17,8,CCOC(=O)C1OCC(C=CC=CC=CC=CC2C(N=O)C(C(F)(F)F)NC2N(C)C)(N(C)C)C1S(=O)(=O)O,438.8642296320486,17.28166793685179
2155,11,18,6,15,8,250,2,7,17,22,CCOC(=O)C1:C([N+](=O)O):N:C:C(=C(C#N)C#N):C:1=CC=C1:C:C(S(=O)(=O)O):C:C(C(F)(F)F):C:1OC,438.8572053450542,14.755632177620148
1904,10,20,19,22,9,2923,15,12,21,24,CC(C)C1:C:C(Br):S(O):C(C2:C:C([O][Na]):C(C(=O)[O][Na]):N(S(=O)(=O)O):C:2):C:1,438.78434933131655,23.137927512903882
1186,6,20,25,18,12,6344,32,3,18,12,CCOC(=O)C1:C:C(=N):C([O][Na]):B:C:1C#CC#C[SH]1C(O)CN(C(=O)OCC)C1C,438.783767210869,25.09389791335462
9337,47,1,21,2,14,3468,18,15,26,14,CN(C)C1:O:C(ON2:C:C(C(=O)O):S:C(=O):C:2=C(C#N)C#N):C([SH](=O)=O):C:S:1Br,438.73626012946187,21.9331113134582
519,3,14,13,11,18,6270,32,20,20,19,CC(=O)NC1:C:N(C(=O)O):C(NCS2([O][Na])CNC([O][Na])C2C(=O)[O][Na]):C:C:1N,438.68172527278296,21.82628389552702
2086,11,3,17,4,16,7317,37,16,24,18,CCOC(=O)C1CC(C=CC=CC=CC2:C(C):C:N:C(C(F)(F)F):C:2CC)(CN(CC(=O)O)CC(=O)O)C(C(C)C)O1,438.680725383927,16.804950307771342
1863,10,4,18,8,9,4185,21,20,7,13,CCOC(=O)C1:N:C(N=O):C(S2([O][Na]):C:C:S(NC(C)=O):C(OC):C:2):C:C:1CC,438.64394758689605,20.997508522520064
1341,7,25,22,10,19,1947,10,6,18,26,CCOC(=O)C1:C:C(C(=N)C2:C(S(=O)(=O)[O][Na]):O:C:C(S(=O)(=O)O):C:2=N)([N+](=O)O):C:C(=O):N:1,438.64147750558084,31.895106891599355
9587,48,22,1,5,6,4141,21,9,16,17,CCN(CC)C1:C:S(=CC2(Cl)C[SH](N(C)C)C(S(=O)(=O)O)S2):C:C(C(F)(F)F):S:1CN(CC(=O)O)CC(=O)O,438.62375475178,9.759040905522728
8410,43,12,9,7,18,8674,44,22,10,1,CCN(CC)N1:C:C(OC):C:C(NCN2:C:C:C(N(C)C):C(S(=O)(=O)[O][Na]):S:2S(=O)(=O)O):N:1O,438.6026346083876,18.596089227933646
4700,24,4,15,9,13,3238,17,8,5,12,CCN(CC)C1(C=CC=CN2:C:C(O):O:C(Cl):C:2N=O)C(=C(C#N)C#N)CCN1CC,438.59361500550904,20.70535780083519
2301,12,14,12,21,18,7075,36,21,16,6,O=C(O)CN(CC(=O)O)CC1OC(Br)(CNC2:C(Br):C:C(O):N:C:2C(=O)O)CC1[N+](=O)O,438.58042118161194,22.129544896450607
1313,7,22,6,4,11,8567,43,8,19,26,CCC1:O:C([N+](=O)O):C:C(S(=O)(=O)O):C:1C#CN1:C:C(=O):C(C(=O)[O][Na]):C:N:1N=O,438.57088694196534,24.085397542988527
9578,48,15,9,3,12,2105,11,19,2,14,CCN(CC)C1S(=C(C#N)C#N)C(C#CC#CC2(C(=O)[O][Na]):C:C:C:N(C(=O)O):C:2[SH](=O)=O)C[SH]1C,438.5493229262203,30.652805715007194
5140,26,7,16,22,11,7427,38,23,17,13,CCNC1SC(C#CC2CC(S(=O)(=O)O)C(CN(CC(=O)O)CC(=O)O)[SH]2OC)C(NC(C)=O)C1C(F)(F)F,438.5434701905482,12.861486146211652
2737,14,18,19,17,9,375,2,23,26,18,CCNC1:C:C(=O):C(C(=O)OCC):C:C:1C1:C(C(=O)OCC):C:S(C(=O)[O][Na]):C:C:1C(F)(F)F,438.5002861118504,21.63675093145252
9310,47,5,5,11,4,8799,44,22,9,25,CCN(CC)C1:C(=N):C:C:N(C=CC2:C:C(N):S(Cl):C(Cl):O:2):S:1S(=O)(=O)O,438.4959155677364,22.775694967564483
8952,45,25,1,13,14,2468,13,7,1,12,COC1:C(OC2:C(NC(C)=O):C:C(N(C)C):S:S:2=N):C:C(O):S:C:1N(C)C,438.46291533335386,11.879686091942457
4003,21,2,4,16,12,1591,8,3,1,9,CCN(CC)C1:C:C(C#CC#CC2:S:C:C([SH](=O)=O):S(CC):C:2CN(CC(=O)O)CC(=O)O):C(C):O:C:1N(C)C,438.43654605098226,17.200036239189345
3436,18,24,15,6,11,2220,12,2,22,2,CC(C)N1:C:C(=C(C#N)C#N):S([N+](=O)O):C:C:1C#CC1([SH](=O)=O):C:C:C([SH](=O)=O):C(S(=O)(=O)O):N:1,438.39364259670674,29.53962329035044
6090,31,7,26,21,3,6838,35,21,3,23,CCNC1CC(Br)(C=CC(=O)CC(=O)C=CC2(Br)OC(OC)NC2=O)CN1C,438.363811930461,17.356770281297454
2012,11,6,15,13,12,4577,23,2,26,24,CC(=O)NN1:C:C:C(C#CC#CC2([SH](=O)=O)CCC(C(C)C)C2=O):C([N+](=O)O):C:1=C(C#N)C#N,438.3582386661377,22.711998521276545
8621,44,21,7,21,13,1708,9,22,11,25,COS1:C:C(Br):C:C(C=CC=CC2(S(=O)(=O)O):C:C:C(=N):C(N):O:2):N:1Br,438.3530542542923,17.687015147456737
1070,6,7,16,15,9,3129,16,12,11,13,COC1:B:C(N2:C:C(NC(C)=O):N(N):C:C:2O):C(=C(C#N)C#N):C:C:1CN(CC(=O)O)CC(=O)O,438.3259127404078,32.92143783142998
9456,48,4,11,10,6,6652,34,24,17,2,CC[SH]1C[SH](N)CC1(C=C1C([SH](=O)=O)CC(C(F)(F)F)N1C(C)C)S(=O)(=O)[O][Na],438.3016998053869,19.45464821186474
2495,13,25,6,13,19,369,2,19,7,6,COC1:C:C([N+](=O)O):C:C(C(=N)C2:C:C(=N):C([N+](=O)O):S(NC(C)=O):C:2):C:1C(=O)[O][Na],438.3000024715012,26.695483073733367
3173,16,2,5,10,10,937,5,6,25,16,N=C1:C(CN(CC(=O)O)CC(=O)O):C:C:S(=C2:C:N(S(=O)(=O)[O][Na]):C(Cl):C:N:2[SH](=O)=O):C:1[N+](=O)O,438.2820334660711,25.119726361644968
5825,30,9,6,5,7,974,5,19,12,4,CCC1:C:S(N=CC2(Cl)CN([N+](=O)O)C(N(CC)CC)N2)(C(=O)[O][Na]):C:C:C:1O,438.2555100163505,25.821198068255836
2259,12,13,7,25,11,6466,33,20,18,8,CCOC(=O)[SH]1CC(C#CC2:C:N:C(NC(C)=O):C(OC):C:2=N)([O][Na])CC1N=O,438.19030788933077,23.57286843097249
6750,34,25,20,4,5,2272,12,3,24,6,CCC1C([O][Na])NC(=N)C1N=C1:C:C([N+](=O)O):C:C(C(C)C):N:1C,438.1883486010079,20.858138132266475
2046,11,8,4,2,7,997,5,5,19,15,CCC1:C(N=O):C(C=NS2(Cl):C:C:C(C(=O)[O][Na]):C(=C(C#N)C#N):C:2):C:C:N:1[SH](=O)=O,438.17795678237525,20.380777202358832
274,2,20,10,11,7,6957,35,2,18,25,CCOC(=O)N1CC(=N)C(N=CC2:C:C(N):C:C(S(=O)(=O)[O][Na]):C:2[O][Na])([SH](=O)=O)C1,438.1347504549508,14.604912866787359
220,2,4,3,11,7,5605,29,17,15,16,CCC1:C:C(C):C(N):C:C:1C=N[SH]1C(CN(CC(=O)O)CC(=O)O)C(=C(C#N)C#N)CN1C(F)(F)F,438.08596061819327,12.372014248906016
1046,6,23,8,17,11,2991,15,18,7,19,CCNB1:C(N=O):C:C:C(C(F)(F)F):C:1C#CC1(C(=O)OCC):C:C(C(=O)[O][Na]):C(OC):C:S:1,438.03228509306393,16.11232007823136
7769,39,10,20,14,11,9446,48,4,1,21,CCS1(C#CC2:O:C(S(=O)(=O)[O][Na]):O:C([O][Na]):C:2C(=O)O)CC(Br)[SH](N(C)C)C1,437.953133277202,27.81181818755219
2683,14,26,5,26,2,5956,30,5,9,3,CCN(CC)N1C(C)CN(C(=O)C=CC2:C:C:S(=O):C(Cl):C:2=O)C1Cl,437.8874125200443,14.83147725921564
4655,24,8,22,10,4,2701,14,5,26,20,O=NC1NC(C=CC2(Cl):C:C([O][Na]):C:S(=O):C:2)(S(=O)(=O)[O][Na])CC1S(=O)(=O)O,437.87215988535365,17.262886029478278
2356,12,6,3,9,6,868,5,25,13,9,CCN(CC)C1:C:S(=CC2:C:N:C([N+](=O)O):C(C):C:2N(CC)CC):C(=N):C:C:1NC(C)=O,437.8173784330168,9.644036162677482
8808,45,4,19,8,19,5236,27,23,25,6,CCNN1C(=N)C([N+](=O)O)CN1C(=N)C1:C(N=O):C:C(C(=O)[O][Na]):S:S:1CC,437.8044105049594,19.434929175435776
9588,48,9,8,21,14,2057,11,9,3,2,CCN(CC)C1:C(OC2(Br)C[SH](N=O)C[SH]2N(CC)CC):C:C([SH](=O)=O):C:N:1C,437.79660358237595,18.089657467472694
4392,22,14,17,25,11,4530,23,16,24,24,CC(C)C1CC(CN(CC(=O)O)CC(=O)O)C(C#CC2=C(C(=O)O)C(C(F)(F)F)=CC2=N)C1C(C)C,437.7954007313539,23.104949910165782
3605,19,23,15,9,5,985,5,21,7,4,CCNC1:O:C(N=S2(Br):C:C(CC):C:C:C:2OC):C(N(CC)CC):O:C:1=C(C#N)C#N,437.7527974347272,11.326288327391884
8305,42,8,4,18,14,7490,38,21,10,18,CCOC(=O)C1:C(CC):C:S(N=O):O:C:1OC1(Br)CC(C(=O)OCC)C(S(=O)(=O)[O][Na])S1,437.7407167230249,26.800529873227156
9431,48,6,14,2,15,5217,27,4,1,12,CCC1NN(CC=CC=CC2C([SH](=O)=O)[SH](C(=O)O)C[SH]2[N+](=O)O)C(O)C1N(C)C,437.72301083506335,21.205417356893232
8008,41,11,17,18,18,7400,37,26,16,9,CCOC(=O)C1:C:C(NCC2C(=O)OC(CN(CC(=O)O)CC(=O)O)C2N(CC)CC):O:N(N):C:1C(F)(F)F,437.7041016979682,13.28872978626384
1982,10,26,17,24,7,347,2,8,8,19,CC(C)C1:N:C:C(C=NC2(N=O):C:C:C(N=O):C(C(=O)[O][Na]):C:2):C(=O):C:1C(F)(F)F,437.6876874142598,24.12910113322015
4272,22,25,12,13,1,5685,29,21,6,7,COC1CCN([N+](=O)O)S1(Br)N=NC1=CC(=N)C(O)=C1NC(C)=O,437.67449668212674,12.837602283684038
2663,14,2,23,9,10,2473,13,8,7,21,CCNS1:C(N(CC)CC):C:C(=C2:C:C:S(Br):C(OC):C:2N=O):C:C:1[SH](=O)=O,437.6727542016085,16.9151623704598
8605,44,16,2,24,1,1578,8,14,20,3,CC1:C:C:C(N=NC2:N:S(CN(CC(=O)O)CC(=O)O):C:C([SH](=O)=O):C:2C(C)C)(C(=O)O):C([O][Na]):O:1,437.6687715942118,33.74503768865551
8660,44,18,14,25,7,2575,13,19,20,13,CCOC(=O)S1:N:C(C=NC2(C(=O)[O][Na]):C:C:S(NC(C)=O):C:C:2[O][Na]):C:C(=N):C:1C(=O)O,437.64867235946974,17.03732843641412
8719,44,6,20,16,14,8991,45,26,15,10,N#CC(C#N)=S1:C:C(S(=O)(=O)[O][Na]):C:C:S:1(=O)OC1:C(CN(CC(=O)O)CC(=O)O):C([O][Na]):C:S:N:1[N+](=O)O,437.4929278369884,30.621059597226786
2532,13,6,8,24,6,4173,21,19,7,13,COS1:C(NC(C)=O):C:S(=CC2:C(C(C)C):S:C:C(N=O):C:2[N+](=O)O):C:C:1C(=O)[O][Na],437.4642323989211,29.72166802778596
7588,38,25,26,24,1,8756,44,1,15,14,CC(C)C1(N=NN2:C:C:C(C(=O)O):C(=C(C#N)C#N):S:2N(C)C)CS(=N)CC1=O,437.4138028972934,26.305459679985464
7095,36,8,20,2,4,5119,26,14,12,23,CCNC1C(O)C(C(=O)O)C[SH]1C=CC1([SH](=O)=O)COC(N=O)C1[O][Na],437.3965548308373,18.649021084243575
5438,28,3,7,23,2,5994,30,10,17,1,CCNC1(C=CC(=O)N2CN(S(=O)(=O)[O][Na])C(C(F)(F)F)C2N(C)C)ONC(C)C1OC,437.3746459323585,10.664181767780171
1734,9,18,8,17,6,5117,26,13,10,3,CCOC(=O)C1:O:C:C(C=[SH]2(NC(C)=O)CCC(C)C2S(=O)(=O)[O][Na]):C(C(F)(F)F):C:1N=O,437.35500483915575,33.67118738865973
5494,28,26,26,7,18,6633,34,18,16,9,CCOC(=O)C1(CNC2(OC)ONC(=O)C2=O)NC(CN(CC(=O)O)CC(=O)O)CC1N(CC)CC,437.32589466702564,25.222988719276906
3998,20,23,17,22,4,9542,48,7,2,7,CCNC1:C:S(C(F)(F)F):C(S(=O)(=O)O):C(C=CS2(OC)CC[SH](OC)C2[SH](=O)=O):O:1,437.2734954387687,12.719169991493667
138,1,21,15,3,1,4518,23,8,2,26,CC1=C(N=NC2(N=O)CCC(=O)C2[SH](=O)=O)C(Br)=CC1=C(C#N)C#N,437.267993947596,19.467746565373563
6900,35,17,6,20,1,1554,8,10,5,22,O=[N+](O)C1NCC(N=NC2(S(=O)(=O)[O][Na]):C:O:C(Cl):C(S(=O)(=O)O):C:2)([O][Na])C1C(F)(F)F,437.25646685786603,32.35832059457597
8546,43,5,21,24,19,5097,26,25,24,23,CCNC1CC(C(C)C)[SH](=N)(C(=N)C2:N:N(Cl):C:C(Br):C:2C(C)C)C1,437.1770516962268,26.920129393518884
1233,7,18,15,3,13,6784,34,1,18,3,CCOC(=O)C1:C(C=CC=CC2(N(C)C)CCC(C)N2C(=O)OCC):C(C):O:C:C:1=C(C#N)C#N,437.1448339226931,24.85745327289264
3575,18,24,23,6,9,2912,15,8,15,17,CCNC1:C:N(C(C)C):C(C2(N=O):C:C(C(F)(F)F):C:C:S:2=C(C#N)C#N):C([N+](=O)O):S:1,437.1090687429446,14.62598410963387
1174,6,3,18,23,12,2921,15,16,19,25,CCNC1:C:C(C#CC#CC2(CN(CC(=O)O)CC(=O)O):C:C(=N):C:C(C(=O)[O][Na]):S:2):B(C):C(C(=O)OCC):C:1,436.98197273297575,23.379174921028127
6274,32,18,17,7,15,6731,34,5,3,1,CCOC(=O)C1NC(C(F)(F)F)C(C=CC=CCC2(Cl)C(N(C)C)CCN2C)(OC)S1,436.962256380985,19.746738571817403
2252,12,3,19,26,20,4410,23,13,21,17,CC(=O)NC1(C=CC(C)=CC2:C:N(C):C(C(=O)[O][Na]):C:C:2=O)CCC(C(F)(F)F)C1Br,436.92342629623073,17.584591496346082
1735,9,26,24,21,16,841,5,24,4,25,CCC1:C:C(=N):C:C:S:1(C=CC=CC=CC1:C:O:C(=O):C(C(C)C):C:1Br)C(C)C,436.8575121859637,17.768512454054513
2959,15,19,10,21,14,4108,21,17,24,12,CC(C)S1:C:C:S(OC2:C:S:C(C(=O)[O][Na]):C(S(=O)(=O)[O][Na]):C:2Br)(C(F)(F)F):C:C:1O,436.85594832552823,15.725666554799478
417,3,23,23,21,2,6643,34,2,22,9,CCNC1:C:C(NCC):C(Br):C(C=CC(=O)C2([SH](=O)=O)C(N(CC)CC)CCN2S(=O)(=O)O):N:1,436.8535440766483,13.512813934515014
4456,23,20,8,14,6,5747,29,11,11,3,CC1CC(N)N[SH]1(N)=CC1(C(=O)O)CCC([O][Na])C1N=O,436.8130461791232,27.75440789209358
528,3,6,7,13,15,456,3,3,21,8,COC1:C:C:N([N+](=O)O):C(C=CC=CCN2:C:C(N=O):C:C(Br):C:2C):C:1NC(C)=O,436.80480607192555,15.467071761894564
3521,18,7,2,13,7,6289,32,11,8,24,CON1:C(C=N[SH]2CC(C(C)C)N(N=O)C2N):C:S:C(NC(C)=O):C:1[SH](=O)=O,436.79880150456177,23.503210648722654
2313,12,19,8,25,7,7246,37,8,17,4,CCC1COC(C(F)(F)F)C1(N=O)N=CC1:C:C(=N):C(N=O):N:C:1C(=O)[O][Na],436.7811700692226,23.777585520610845
7455,38,17,11,2,20,5283,27,17,8,15,CC(C=CN1NC(C(F)(F)F)C(N=O)C1=C(C#N)C#N)=CC1([SH](=O)=O)CC[SH](N)C1C(F)(F)F,436.7572515221491,18.520887898555635
6252,32,18,13,11,16,7145,36,23,12,12,CCNC1(C=CC=CC=CC2(N)SC(C(=O)OCC)NC2NC(C)=O)CC(O)C(O)O1,436.741927748166,20.65721963010556
6698,34,16,10,18,11,830,5,25,10,16,CCOC(=O)C1(C#CS2:C:C(CN(CC(=O)O)CC(=O)O):C(S(=O)(=O)[O][Na]):C(=N):C:2)CN(CN(CC(=O)O)CC(=O)O)CC1S(=O)(=O)[O][Na],436.70921761544184,30.73149142176436
2556,13,25,24,15,7,1099,6,17,22,18,CCOC(=O)C1:C:B(N=CC2:C:S(=C(C#N)C#N):C:C(C(C)C):C:2=N):C(C(F)(F)F):C:C:1S(=O)(=O)O,436.6939912233189,30.788317959238952
9423,48,25,1,4,5,9523,48,23,7,21,CCNC1S(=NC2C(CC)[SH](N(C)C)CS2=N)C(Br)C[SH]1OC,436.68197389721234,4.590139170002784
6922,35,22,9,19,14,2427,13,3,12,26,CCN(CC)C1NC(S(=O)(=O)O)CC1(OC1:C:C(C):S(O):C(=O):C:1)C(=O)[O][Na],436.6661442737715,27.451835005319463
1754,9,8,15,26,7,6690,34,19,12,21,N#CC(C#N)=C1:O:C(N=O):C(C=NC2(C(=O)[O][Na])CC(Br)CN2O):C:C:1=O,436.66602344788714,29.337857720700736
4566,23,22,14,14,8,2381,12,1,13,22,CC(=O)NC1:C(S(=O)(=O)O):C:C:C(=CC=C2C(C(=O)O)C(C(=O)O)CC2S(=O)(=O)O):N:1N(C)C,436.6586525201295,20.18043505429803
6812,35,26,24,8,20,1413,8,24,18,22,CCOC(=O)C1:O:C(S(=O)(=O)O):C:C:C:1(C=CC(C)=CC1C(=O)CN(C(C)C)C1N=O)C(C)C,436.65850058906864,30.37351055203192
9445,48,16,26,22,4,1441,8,12,20,4,CCC1:C:C:C(O)(C=CC2(S(=O)(=O)O)C(=O)SC[SH]2CN(CC(=O)O)CC(=O)O):C([O][Na]):O:1,436.6274921311362,29.307729902767875
2590,13,10,6,22,11,4144,21,19,3,12,CC1:S:C(O):C:S(C#CC2:C:C(S(=O)(=O)[O][Na]):C([N+](=O)O):S(S(=O)(=O)O):C:2):C:1C(=O)[O][Na],436.6196957867666,27.434952526379472
3564,18,8,23,18,11,2622,14,9,3,20,CCNS1:C:C(N=O):N:C(C#CC2(N(CC)CC):C:C:C([O][Na]):S:C:2C):C:1C(=O)OCC,436.57782726866935,11.141005282542753
1078,6,4,8,13,6,4513,23,8,2,15,CCC1:C:B:C(C=C2CC(N=O)C([SH](=O)=O)C2=C(C#N)C#N):C(NC(C)=O):C:1N=O,436.5557457264323,12.083891943814578
6594,33,23,2,8,7,3523,18,2,20,26,CCNC1CC(C=NN2:C:C:S(=O):C([O][Na]):C:2[SH](=O)=O)(N=O)C[SH]1[SH](=O)=O,436.5295893791663,23.86279783113097
363,2,6,2,15,14,573,3,5,7,15,COC1:C(Cl):N(OC2:C:C([N+](=O)O):C([SH](=O)=O):C:C:2=C(C#N)C#N):C:C:C:1=C(C#N)C#N,436.47007062216414,14.584415140247563
1660,9,20,14,4,12,545,3,9,12,13,CCC1:C(C#CC#CN2:C:C(NC(C)=O):C:C(O):C:2N(CC)CC):C:O:C([O][Na]):C:1C(=O)O,436.4310037027021,15.066924199874077
5267,27,11,1,20,19,2124,11,22,14,7,COC1:C:C:C(C(=N)C2([O][Na])NNC(N)C2N(C)C)(S(=O)(=O)O):C(C(=O)O):N:1,436.40939446318646,19.900094608956934
4159,21,2,11,2,19,6733,34,19,7,4,CCC1CC(OC)NC1(C(=N)C1:C:S([SH](=O)=O):C(N):C([SH](=O)=O):S:1)C(=O)[O][Na],436.4047744189364,26.238066492374546
6735,34,9,1,5,20,3579,18,4,9,12,CCC1:C:S(N(CC)CC):C(O):C:N:1C=CC(C)=CC1(Cl)C(N(C)C)CNC1N(CC)CC,436.3896153450658,13.502946342272859
6897,35,4,16,24,6,5041,26,17,9,8,CCC1C(CN(CC(=O)O)CC(=O)O)NC(C(C)C)C1C=S1CC(N=O)C(N(CC)CC)C1C(F)(F)F,436.3685745464425,14.069633459224985
7315,37,13,4,18,18,333,2,10,8,1,CCOC(=O)C1OC(CC)C(NC(C)=O)C1NCC1(S(=O)(=O)[O][Na]):C:C:C:C(N(C)C):C:1N=O,436.3573433920189,26.83080412329826
1257,7,6,11,17,18,361,2,19,19,7,COC1:C:C(CNC2:C:O:C(C(F)(F)F):C(N):C:2[N+](=O)O)(C(=O)[O][Na]):C:C:C:1C(=O)[O][Na],436.3518094110476,27.93844243203133
1061,6,12,2,3,8,6246,32,13,3,1,CC(=O)N[SH]1(=CC=C2:B(O):C([SH](=O)=O):C:C:C:2C)C(C)NCC1N(C)C,436.3296737392262,17.88123649137012
3705,19,6,4,8,2,4145,21,21,21,1,CCC1:O:C(N=O):C(C=CC(=O)S2(Br):C:C:S(N(C)C):C(Br):C:2):O:C:1[N+](=O)O,436.3214322723526,18.616779780459556
4765,24,1,21,12,5,2024,11,19,25,23,CCNC1:C:C(=NC2C(O)CC(Br)N2N(C)C):C:N(C(=O)[O][Na]):C:1=N,436.2928348802483,26.11790125563414
354,2,13,3,15,18,3117,16,24,9,7,CCN(CC)N1:C:C(C(C)C):N(CNC2:C:C:C(=C(C#N)C#N):C(C):C:2NC(C)=O):C:C:1OC,436.2213620011695,11.47674027885232
832,5,25,8,11,4,9566,48,7,24,19,COS1(C=CC2:S:C(=N):C:C(N=O):C:2N)CSC(C(C)C)C1C(=O)[O][Na],436.2169968781267,24.590753502649694
5884,30,4,4,18,7,5022,26,21,24,14,CCOC(=O)N1CC(C=N[SH]2C(Br)CC(C(C)C)C2C(=O)O)N(CC)C1CC,436.2123304790674,17.40796167226161
2626,14,24,14,15,1,2779,14,7,1,3,COC1(N=NC2:C:C(C(C)C):S(C(=O)O):C:C:2=C(C#N)C#N):C:C:C:S(C):C:1N(C)C,436.1357459415036,22.171096207216028
8841,45,25,2,4,1,5789,29,9,12,26,CCC1:C([SH](=O)=O):C:S(=N):S:C:1N=N[SH]1CC(=O)C(O)N1N(CC)CC,436.13248490665853,20.156789550572864
7388,37,18,19,10,4,1554,8,10,5,22,CCOC(=O)C1COC(C(=O)[O][Na])C1(C=CC1(S(=O)(=O)[O][Na]):C:O:C(Cl):C(S(=O)(=O)O):C:1)S(=O)(=O)[O][Na],436.12461699931856,24.232515345064094
8357,42,17,18,2,16,2027,11,3,17,2,CCOC(=O)C1:C([SH](=O)=O):C:C(C=CC=CC=CC2:C:C([SH](=O)=O):C:N(C(F)(F)F):C:2C):O:S:1C(F)(F)F,436.1226965870989,27.119718140764416
6931,35,16,4,4,18,2807,15,16,22,22,CCC1NC(CN(CC(=O)O)CC(=O)O)CC1(CC)NCC1(CN(CC(=O)O)CC(=O)O):C:C:C:C(S(=O)(=O)O):S:1S(=O)(=O)O,436.120742059659,35.66272025442357
9416,48,15,6,3,11,869,5,8,17,9,CCN(CC)C1:C:C:C(C(F)(F)F):S(C#CC2(C)SC(=C(C#N)C#N)SC2[N+](=O)O)(N=O):C:1,436.06882970438966,13.533720505729558
6976,35,9,9,25,20,6754,34,21,3,3,CCN(CC)C1NC(=N)C(C=C(C)C=CC2NC(Br)C(C)C2C)C1N(CC)CC,436.0453506600258,19.03535771770588
3432,18,3,21,25,19,7518,38,12,25,9,CCN(CC)C1C(=N)CSC1(O)C(=N)C1:C:S(=N):C:C(Br):N:1C,435.9863400637954,12.000294060978081
8542,43,18,2,25,12,6427,33,16,4,22,CCOC(=O)N1:N:C:C([SH](=O)=O):C(=N):C:1C#CC#CC1CC(S(=O)(=O)O)[SH](CC)C1CN(CC(=O)O)CC(=O)O,435.97129106817465,31.390681961095726
4810,25,12,18,4,16,2172,11,25,8,24,CCOC(=O)C1C(O)OC(C=CC=CC=CC2:C:C(C(C)C):C:N(N=O):C:2=N)C1CC,435.97090784323456,17.791933088478967
6292,32,7,4,3,4,6824,35,12,7,15,CCN1C[SH](OC)C(C=CC2C(=C(C#N)C#N)CN(OC)C2O)C1C,435.9572940364674,15.50482381877008
2093,11,10,7,20,9,5175,26,25,8,17,CON1:C:C(S(=O)(=O)[O][Na]):C([SH]2CC(C(F)(F)F)C(N=O)C2=N):C:C:1[O][Na],435.9369030919764,23.601666096995014
760,4,5,26,5,18,1987,10,14,8,19,O=NC1:C:C(CNC2:C:C(Cl):C(=O):C(Cl):O:2)(C(=O)O):C:C(C(=O)[O][Na]):N:1,435.92264897598653,31.46973886791626
2167,11,14,1,10,1,2568,13,4,10,22,CCC1(N=NC2:C(S(=O)(=O)[O][Na]):C:N:C(N(C)C):C:2C(=O)O):C:C:S(S(=O)(=O)O):C:C:1S(=O)(=O)[O][Na],435.9037251608529,29.392418495519628
1068,6,12,24,6,10,4120,21,4,23,20,CCNC1:C([O][Na]):S:C:C:S:1(CC)=C1:B:C(O):C(C(C)C):C([N+](=O)O):C:1,435.88972209871247,21.41247780159441
2808,15,25,11,14,12,8694,44,11,16,25,N=C1:C:N(C#CC#CC2:C(C(=O)O):C:C:S(N):C:2=N):S:C(N):C:1CN(CC(=O)O)CC(=O)O,435.8835498365934,14.056007731349757
3978,20,5,16,16,19,6807,35,21,5,22,N=C(C1:C:S(CN(CC(=O)O)CC(=O)O):C(CN(CC(=O)O)CC(=O)O):C(Cl):O:1)C1C(Br)N(Cl)CC1S(=O)(=O)O,435.8735610402112,30.460028255858933
4691,24,23,22,12,4,2415,13,5,14,1,CCNC1NC(O)(C=CC2:C:C(Cl):S(C(=O)O):C(N(C)C):C:2)CC1S(=O)(=O)O,435.8668890629591,16.306908535115184
7902,40,1,20,4,7,4023,21,15,12,19,CCC1:C(C=NS2(=C(C#N)C#N):C:C(C(=O)[O][Na]):S:C:C:2O):O:O:C(N(C)C):C:1[O][Na],435.8128187529154,18.183618624351766
9578,48,15,9,3,19,255,2,4,9,9,CCC1:C(C(=N)C2C[SH](C)C(N(CC)CC)S2=C(C#N)C#N):C:C(N(CC)CC):C:C:1N(CC)CC,435.7562852321822,17.702685315485134
2307,12,14,4,10,11,389,2,22,1,19,CCC1:C:N:C(C(=O)O):C(C#CC2(S(=O)(=O)O):C:C:C(C(=O)[O][Na]):C:C:2N(C)C):C:1S(=O)(=O)[O][Na],435.74918631908156,21.547455956981302
9659,49,8,13,22,15,6317,32,24,12,9,CCN(CC)C1C(O)N(C(C)C)C[SH]1CC=CC=CC1(S(=O)(=O)O)CN(NC(C)=O)ON1N=O,435.73058561489097,6.326576919259963
8925,45,3,17,26,4,2596,13,14,5,3,CC1:S:S:C(C=CC2:C:C(C):S(Cl):C:C:2C(=O)O):C(=O):C:1C(F)(F)F,435.6528735501045,27.311074322428645
6512,33,10,19,4,5,2623,14,14,20,22,CCC1(N=C2:C:C(S(=O)(=O)O):C([O][Na]):S(C(=O)O):C:2)CC[SH](S(=O)(=O)[O][Na])C1C(=O)[O][Na],435.6355041452276,27.949665170934253
8831,45,10,16,18,9,1259,7,1,22,25,CCOC(=O)C1:C:C:C(C2(N(C)C):C:C(S(=O)(=O)O):O:C(=N):C:2):S(S(=O)(=O)[O][Na]):S:1CN(CC(=O)O)CC(=O)O,435.608033309665,29.507262139546388
856,5,6,4,3,15,4451,23,1,8,22,CCC1:C([N+](=O)O):C:S:C(C=CC=CCC2(N(C)C)CC(S(=O)(=O)O)CC2N=O):C:1C,435.5958791999868,21.84766691322806
7237,37,7,26,15,20,5755,29,1,9,7,CCN(CC)C1C(N(C)C)N[SH](C=CC(C)=CC2C(=C(C#N)C#N)OC(=O)C2OC)C1OC,435.5918332796681,12.304846287344866
6863,35,3,22,24,4,5670,29,8,4,11,CCN1CC(N)CS1(C=CC1C(C)CN(S(=O)(=O)O)C1C(C)C)N=O,435.5610625144169,23.73844716803842
2358,12,12,3,14,17,8813,45,26,17,17,CC1:C:N:C(O):C(C=CC=CC=CC=CS2:C:C(C(F)(F)F):C:C(C(F)(F)F):S:2=O):C:1C(=O)O,435.5121457000105,25.60627053065472
2662,14,7,16,7,11,2772,14,12,10,14,COC1:C:S:C(CN(CC(=O)O)CC(=O)O):C(OC):C:1C#CC1(O):C:C(C(=O)O):C:S(S(=O)(=O)[O][Na]):C:1,435.4756241232628,28.345565451233146
1386,7,18,2,15,9,5188,26,9,6,8,CCOC(=O)C1:C([SH]2CC(N(CC)CC)C([N+](=O)O)C2N=O):C:O:C(=C(C#N)C#N):C:1[SH](=O)=O,435.44800744615577,12.78782925164663
9223,47,20,19,11,1,2483,13,24,25,5,CC(C)C1(N=NC2:O:C:S([O][Na]):C(C(=O)[O][Na]):C:2N):C:C:S:C(Cl):C:1=N,435.38175222467345,27.18728436003197
752,4,21,16,10,11,272,2,21,10,8,O=NC1:C:C:C:C(Br)(C#CC2:O:C(Br):C(CN(CC(=O)O)CC(=O)O):C:C:2S(=O)(=O)[O][Na]):C:1S(=O)(=O)[O][Na],435.37823673977937,25.069341191774647
1817,10,11,4,13,5,4509,23,26,4,19,CCC1:C(NC(C)=O):N:C:C(N=C2CC(C(=O)[O][Na])C(CC)C2=O):C:1N,435.37371940248624,8.743709623219448
2973,15,18,26,14,7,1922,10,16,6,24,CCOC(=O)C1:S:C(=O):C:C(C(=O)O):C:1C=NC1(CN(CC(=O)O)CC(=O)O):C:C:N:C(C(C)C):C:1[N+](=O)O,435.35906855643304,29.265374109342794
2711,14,19,2,11,9,2153,11,9,8,16,CCN(CC)C1(C2:C:C:S(C(=O)[O][Na]):C([SH](=O)=O):C:2N):C:C:C:N(CN(CC(=O)O)CC(=O)O):C:1N=O,435.35032859482453,26.575218239295832
9194,46,24,22,13,20,7322,37,4,2,4,CCC1OC([SH](=O)=O)C(CC)C1C=CC(C)=CC1:O:C:N(C(C)C):C(S(=O)(=O)O):C:1NC(C)=O,435.3076429015978,23.54397632705982
950,5,23,12,17,1,3551,18,2,9,22,CCNS1:C:C(O):C:C(C(F)(F)F):C:1N=NN1:C:C:S(S(=O)(=O)O):C(N(CC)CC):C:1[SH](=O)=O,435.13998327108084,21.209950816195096
8773,44,21,23,23,1,1984,10,16,8,25,CCNC1:C:C(NCC):C(N=NC2(CN(CC(=O)O)CC(=O)O):C:C:N:C(=N):C:2N=O):N(Br):S:1,435.1342948376773,24.213667926143938
6098,31,14,13,6,5,9446,48,4,1,21,CC[SH]1(=NC2([N+](=O)O)OC(C(=O)O)NC2NC(C)=O)CC(Br)[SH](N(C)C)C1,435.12063466977787,23.08490446637025
4769,24,14,22,3,3,7515,38,25,22,4,CCC1CC(S(=O)(=O)O)S(=N)C1C=CC(=O)CC(=O)C=CC1(C)CCC(S(=O)(=O)O)N1C(=O)O,435.06652162437376,18.149752623301914
126,1,12,21,15,18,2574,13,17,7,21,COC1:C:S:C(Br):C:C:1(CNC1=C(O)C(Br)=CC1=C(C#N)C#N)C(F)(F)F,435.04102867303965,12.312472817926134
4416,23,7,4,5,11,4071,21,5,2,10,CCC1C(OC)CCC1(Cl)C#CS1(Cl):C:C:S:C(S(=O)(=O)[O][Na]):C:1[SH](=O)=O,435.0288298483623,23.671388762712468
4434,23,4,7,7,13,155,1,21,11,25,CCC1CC(C=CC=CC2=C(Br)C(N)=CC2=N)C(OC)C1OC,435.0057239654022,8.350573214502491
2231,12,13,23,6,14,4046,21,12,25,23,CCNC1:C:S(OC2:C:C([N+](=O)O):C(NCC):N:C:2NC(C)=O):C(O):C(=N):S:1,434.97138708407965,26.915119076684466
9205,47,20,18,19,11,5921,30,18,16,20,CCOC(=O)C1N(C#CC2:O:C([O][Na]):S(C(=O)OCC):C:C:2C(=O)[O][Na])CC([O][Na])N1CN(CC(=O)O)CC(=O)O,434.9521241378826,21.093082779834038
4594,23,16,2,14,16,2302,12,23,7,11,CCNC1(C=CC=CC=CC2(C(=O)O)CC(CN(CC(=O)O)CC(=O)O)CC2[SH](=O)=O):C:C:C:C(N):N:1OC,434.920234581202,16.600822901863335
5255,27,9,2,15,4,2985,15,5,8,24,CCN(CC)N1C(C=CC2(Cl):C:C:C:C(C(C)C):S:2N=O)CC(=C(C#N)C#N)N1[SH](=O)=O,434.91013202834966,22.53267420864694
252,2,1,13,6,7,7050,36,14,13,12,CC(=O)NC1:C:C(N(C)C):C(C=NC2(C(=O)O)CC(O)C(NC(C)=O)O2):C([N+](=O)O):C:1,434.8882638754935,21.465590757746206
4323,22,23,3,25,14,1881,10,9,2,14,CCNC1=C(OC2:C:C:N(C(=O)O):C([SH](=O)=O):C:2N(CC)CC)C(=N)C(C)=C1,434.8669457916687,22.121455145427838
5803,30,4,22,18,13,9590,48,17,24,14,CCOC(=O)C1(C=CC=CS2(C(F)(F)F)C(C(=O)O)CSC2C(C)C)CNC(S(=O)(=O)O)N1CC,434.77580100693194,13.658669688059204
2136,11,25,4,25,4,3056,16,21,9,3,CCC1:N:C:C(=N):C(C=CN2:C:C(C):N(N(CC)CC):C:C:2Br):C:1=N,434.7528258930335,20.07005820079085
2884,15,21,23,8,9,4076,21,24,24,16,CCNS1:C:C(N=O):C:C(S2(C(C)C):C:C:S(CN(CC(=O)O)CC(=O)O):C(C(C)C):C:2):C:1Br,434.7025617321433,17.923579175685596
2333,12,14,19,21,19,2918,15,7,9,16,CCN(CC)C1:C:S:C(OC)(C(=N)C2:C:N(C(=O)O):C(C(=O)[O][Na]):C:C:2Br):C:C:1CN(CC(=O)O)CC(=O)O,434.654214611461,33.26296964598863
8242,42,23,9,6,9,868,5,25,13,9,CCNS1:O:C(S2:C:C(N(CC)CC):C(NC(C)=O):C:C:2=N):C([N+](=O)O):C:C:1N(CC)CC,434.6361025468276,10.303695648849043
2352,12,6,5,11,10,1962,10,18,10,11,CCOC(=O)C1:C:C(=C2:C(N):C:C(Cl):N:C:2[N+](=O)O):C:C(N):N:1S(=O)(=O)[O][Na],434.6144010509688,28.166030345692143
1984,10,16,8,25,4,2130,11,12,22,1,CN(C)C1:C:N(S(=O)(=O)O):C:C(O)(C=CC2:C:N:C(=N):C(N=O):C:2CN(CC(=O)O)CC(=O)O):C:1,434.5857261892778,26.109068086820038
5272,27,13,17,18,16,2597,13,6,26,12,CCOC(=O)C1(C=CC=CC=CC2:C:C:S(O):C(=O):C:2[N+](=O)O)CC(C(F)(F)F)NN1NC(C)=O,434.57737765653417,20.030895809963084
4017,21,25,9,11,12,4551,23,12,9,16,CCN(CC)C1:C:S(=N):C(C#CC#CC2(O)CCC(N(CC)CC)C2CN(CC(=O)O)CC(=O)O):C:S:1N,434.57473388337155,29.774880876826845
3790,19,12,2,22,11,9416,48,15,6,3,CC1C([N+](=O)O)SC(=C(C#N)C#N)[SH]1C#CC1:O:C(O):C([SH](=O)=O):O:C:1S(=O)(=O)O,434.5643764440036,11.586390559737039
406,3,2,19,2,12,1826,10,5,20,22,O=C([O][Na])C1:C([SH](=O)=O):C:N:C(C#CC#CC2(Cl):C:C(S(=O)(=O)O):N:C:C:2[O][Na]):C:1[SH](=O)=O,434.55660388823827,17.131246233724756
7476,38,17,5,9,2,3442,18,20,26,25,CCN(CC)C1C(Cl)SC(C(F)(F)F)C1C=CC(=O)N1:C:C([O][Na]):S(=O):C(=N):C:1,434.556292495968,18.25078538536331
2063,11,21,23,23,9,2415,13,5,14,1,CCNC1:C(Br):C(C2:C:C(Cl):S(C(=O)O):C(N(C)C):C:2):C:C:N:1NCC,434.5508133275942,14.663141367022714
2058,11,8,16,3,2,6470,33,13,5,3,CC(=O)NC1(C(=O)C=CC2:C(C):C:N(CN(CC(=O)O)CC(=O)O):C:C:2N=O)CC(C)[SH](Cl)C1,434.5309334571536,11.284352120665964
7461,38,11,2,21,19,2434,13,7,1,21,COC1:C(C(=N)C2(Br)CC([SH](=O)=O)[SH](N)C2):C:C:S(Br):C:1N(C)C,434.51434155750593,16.42389265948041
4152,21,24,1,10,14,1088,6,17,7,13,COC1:C:C(C(F)(F)F):B(OC2:C(S(=O)(=O)[O][Na]):S:C(N(C)C):C:S:2C(C)C):C:C:1NC(C)=O,434.51433273628436,23.735836783845638
640,4,15,5,25,19,1575,8,7,26,2,COC1(C(=N)C2:C:C(=N):C(Cl):C(=C(C#N)C#N):O:2):C:C([SH](=O)=O):C:O:C:1=O,434.4404817594768,15.652996608033533
2576,13,25,9,24,11,2825,15,14,22,18,CCOC(=O)C1:C:C:C(C#CC2:C:C(=N):C(N(CC)CC):S:C:2C(C)C)(C(=O)O):S(S(=O)(=O)O):C:1,434.4166946647003,23.27521418353552
8687,44,14,17,10,5,6366,32,25,18,13,CCOC(=O)C1NCC(NC(C)=O)S1(=N)=NC1:C:C(S(=O)(=O)[O][Na]):C:S(C(F)(F)F):N:1C(=O)O,434.39015858456025,24.011103849945233
7007,36,19,16,5,6,2522,13,2,1,19,CN(C)C1:C([SH](=O)=O):C(=CC2C(C(=O)[O][Na])OC(CN(CC(=O)O)CC(=O)O)C2Cl):C:C:S:1C(=O)[O][Na],434.3582406576985,25.290577167322443
8517,43,22,15,16,11,220,2,4,3,11,CCC1(C#CC2:N:N(S(=O)(=O)O):C:C(=C(C#N)C#N):C:2CN(CC(=O)O)CC(=O)O):C:C:C(N):C(C):C:1,434.3469600148372,16.554766560794288
6891,35,8,16,7,18,1302,7,2,16,22,COC1C(NCC2([SH](=O)=O):C:C(CN(CC(=O)O)CC(=O)O):O:C(S(=O)(=O)O):C:2)C(N=O)CN1CN(CC(=O)O)CC(=O)O,434.3259417346738,27.44487654989006
8452,43,16,3,14,2,2381,12,1,13,22,CC(=O)NC1:C(S(=O)(=O)O):C:C:C(C(=O)C=CC2:C(C(=O)O):C:C(C):N:N:2CN(CC(=O)O)CC(=O)O):N:1N(C)C,434.30124811897804,25.071694109115143
8771,44,13,17,24,5,4144,21,19,3,12,CC(=O)NN1:C(N=S2:C:C(O):S:C(C):C:2C(=O)[O][Na]):C:C:C(C(C)C):S:1C(F)(F)F,434.2531977015995,24.7318727457429
4006,21,19,12,6,8,6308,32,6,5,11,NC1C[SH](=CC=C2:C:S([N+](=O)O):C(O):C:S:2C(=O)[O][Na])([N+](=O)O)C(Cl)N1,434.221057979596,16.633827658402492
6546,33,18,2,21,12,5373,27,7,16,7,CCOC(=O)C1C(C#CC#CN2C(OC)C(CN(CC(=O)O)CC(=O)O)CN2OC)C[SH](Br)C1[SH](=O)=O,434.198894201842,23.89851212601744
5250,27,21,25,9,15,1894,10,23,2,18,CCNC1(CC=CC=CC2(N(CC)CC)NNC(Br)C2=N):C:C(C(=O)OCC):N:C:C:1[SH](=O)=O,434.1957103959003,11.051613685894981
2166,11,20,8,14,18,6250,32,4,3,18,CCOC(=O)C1CN(C)C(CC)[SH]1CNC1:C:C:N([O][Na]):C(N=O):C:1C(=O)O,434.18484149576324,19.52449258760762
5250,27,21,25,9,1,6405,33,22,17,26,CCN(CC)C1(N=NC2C[SH](S(=O)(=O)O)C(C(F)(F)F)C2=O)NNC(Br)C1=N,434.1585574095735,17.589933466919383
3111,16,6,8,26,20,6835,35,12,20,18,CCOC(=O)C1CC(C=CC(C)=CC2:C(=O):N:C(N=O):C:N:2[N+](=O)O)C(O)N1[O][Na],434.1262271183288,18.76453411830284
5370,27,20,7,2,7,4437,23,17,3,6,COC1NN([O][Na])C(C=NC2(C(F)(F)F)CC(C)CC2[N+](=O)O)C1[SH](=O)=O,434.1082396618267,20.623513345665504
3081,16,6,6,6,20,5019,26,1,2,8,CC(C=CS1(N(C)C)CC(N=O)C([SH](=O)=O)C1)=CC1:C([N+](=O)O):N:C([N+](=O)O):C:N:1[N+](=O)O,434.0960195571088,31.03745466033101
8819,45,22,6,21,7,2761,14,26,13,26,CC(=O)NC1:S:C(=O):C(N=CC2:S:S(S(=O)(=O)O):C([N+](=O)O):C:C:2Br):C:C:1=O,434.0817846905981,21.916467565948302
1546,8,18,15,6,10,7481,38,21,26,21,CCOC(=O)C1:C:O:C(=C(C#N)C#N):C([N+](=O)O):C:1=C1CC(Br)C(=O)[SH]1Br,434.030266488502,24.107948632483676
3432,18,3,21,25,13,1697,9,17,26,14,CN1:C(Br):C:S(=N):C:C:1C=CC=CC1(C(F)(F)F):C:C:C(C(=O)O):C(=O):O:1,434.02714041190455,18.280535451499922
2965,15,9,19,26,11,6322,32,8,25,14,CCN(CC)C1:S:C:C(C#C[SH]2CN(N=O)C(=N)C2C(=O)O):C(=O):C:1C(=O)[O][Na],434.0187996776552,19.577506190212418
6341,32,1,7,12,14,4490,23,3,21,20,COC1NC(O)C(OC2(C)CCC([O][Na])C2Br)[SH]1N(C)C,434.01742531998525,29.66148808995128
6950,35,17,11,15,19,4521,23,14,26,12,N#CC(C#N)=C1NC(N)C(C(F)(F)F)C1C(=N)C1C(O)C(=O)CC1C(=O)O,434.01470197750984,31.672669730621752
691,4,2,4,8,15,2817,15,6,17,22,CCC1:C:C([SH](=O)=O):O:C(C=CC=CCC2([N+](=O)O):C:C(S(=O)(=O)O):C(C(F)(F)F):C:S:2):C:1N=O,433.99772643527706,22.232558161699565
540,3,20,25,13,9,8992,45,6,1,5,CC(=O)NC1:C:C(S2:C:C(Cl):C(N(C)C):C:S:2[N+](=O)O):N([O][Na]):C:C:1=N,433.9544459062051,20.51915113566615
4742,24,12,8,10,14,9715,49,12,3,2,CC1C([SH](=O)=O)N(OC2NC(O)C(N=O)C2S(=O)(=O)[O][Na])ON1O,433.9473934324128,24.245727553183368
3034,16,10,22,5,14,8850,45,15,20,18,CCOC(=O)C1:C:C([O][Na]):S:S(OC2:N:C:C(S(=O)(=O)[O][Na]):N(S(=O)(=O)O):C:2Cl)(=C(C#N)C#N):C:1,433.93333140837257,20.041164176853087
263,2,12,20,26,12,5875,30,5,24,15,CC(C)C1C(=C(C#N)C#N)N(C#CC#CC2:C:C(O):C([O][Na]):C(=O):C:2)CN1Cl,433.8480841617937,12.12451920532231
4130,21,1,3,10,18,451,3,6,6,3,CC1:C:C([N+](=O)O):C([N+](=O)O):N(CNC2:C:S(S(=O)(=O)[O][Na]):C(C):C:S:2N(C)C):C:1,433.8367129058687,26.491234788047613
1267,7,3,23,12,16,4587,23,4,26,11,CCNC1:O:C(O):C(C=CC=CC=CC2C(CC)CC(=O)C2N):C:C:1C,433.8168540677965,30.62003443746059
5483,28,21,26,1,5,1667,9,20,24,6,CC(C)C1:C([N+](=O)O):C:C(=NC2(N(C)C)CC(=O)N(Br)O2):O:C:1[O][Na],433.7785947099848,8.148293730672973
1606,9,21,4,26,15,9510,48,14,18,4,CCOC(=O)C1SC(C(=O)O)[SH](CC=CC=CC2:C:O:C(Br):C(CC):C:2=O)C1CC,433.7155275664888,12.052206479896217
8150,41,11,5,19,7,5090,26,21,24,22,CC(C)C1CC(Br)[SH](N=CC2:O:N:C(N):C(Cl):C:2C(=O)[O][Na])C1S(=O)(=O)O,433.71169835682,26.09675312555708
3111,16,6,8,26,5,2422,13,15,1,24,CC(C)C1:C:C(=NC2:C(=O):N:C(N=O):C:N:2[N+](=O)O):C(=C(C#N)C#N):C:S:1N(C)C,433.6684696045675,24.936715921483458
1988,10,17,18,6,1,5892,30,18,20,7,CCOC(=O)C1:C([N+](=O)O):N:C:C(N=NN2CC(OC)N([O][Na])C2C(=O)OCC):C:1C(F)(F)F,433.63471480923255,15.798225805356289
9352,47,6,11,23,13,7407,38,13,25,1,CCNC1:C(C=CC=CC2C(N(C)C)CC(=N)[SH]2NC(C)=O):O:C:S([N+](=O)O):C:1N,433.62791294328326,14.960470135535154
3105,16,23,18,3,9,4085,21,13,5,2,CCNN1:C:C(C(=O)OCC):N(C):C:C:1S1:C:C:S([SH](=O)=O):C(Cl):C:1NC(C)=O,433.617307786673,12.479062307862828
4607,24,6,11,9,13,1804,10,13,18,11,CCOC(=O)N1:C:C(NC(C)=O):C(C=CC=CC2CC(N(CC)CC)C(N)N2[N+](=O)O):C:C:1N,433.60597491417286,27.786100809721088
3599,18,21,26,15,4,6286,32,2,11,1,CN(C)C1CN(N)CS1(C=CC1:N:C(Br):C:S(=O):C:1=C(C#N)C#N)[SH](=O)=O,433.56874901299926,35.04513231847479
2091,11,7,21,14,6,976,5,18,10,4,CCOC(=O)C1:C(S(=O)(=O)[O][Na]):C(CC):C:C:S:1=CC1:C:C:N(C(=O)O):C(Br):C:1OC,433.5368210468781,23.848068306234797
7181,36,14,23,2,13,3131,16,25,9,14,CCNC1C(C(=O)O)OCC1(C=CC=CN1:C:C(C(=O)O):N(N(CC)CC):C:C:1=N)[SH](=O)=O,433.5368045624549,11.937313272443513
6472,33,25,8,6,19,1368,7,1,22,1,CN(C)C1:C:C(C(=N)C2([N+](=O)O)C(=N)CSC2N=O)(N(C)C):C:C(S(=O)(=O)O):O:1,433.5268016284373,13.514724899997786
5081,26,24,26,6,1,8611,44,19,12,6,CC(C)C1SC(N=NN2:C:C([N+](=O)O):C(O):C:S:2C(=O)[O][Na])([N+](=O)O)CC1=O,433.4899610322592,26.744648850647803
1858,10,5,12,19,14,6693,34,16,2,21,O=C(O)CN(CC(=O)O)CN1CC([SH](=O)=O)C(Br)C1OC1:C:C(Cl):C(O):N(C(=O)[O][Na]):C:1,433.4374417125658,31.257458461167214
3009,16,5,6,19,11,6764,34,8,13,22,CC(=O)NC1CC(S(=O)(=O)O)C(C#CC2:N:C(Cl):C([N+](=O)O):N:C:2C(=O)[O][Na])(N=O)N1,433.42785639499306,10.980690605390489
771,4,17,19,7,10,5148,26,5,23,21,CCNC1CCC(Br)[SH]1(Cl)=C1:O:C(C(F)(F)F):C(C(=O)[O][Na]):C:C:1OC,433.3759773435712,9.285387321483874
7262,37,2,12,9,20,6519,33,1,7,5,CCN(CC)C1(C=C(C)C=CC2CC(Cl)[SH](OC)C2N(C)C)CC([SH](=O)=O)OC1O,433.24503611371694,9.307253277619038
8992,45,6,1,5,9,2468,13,7,1,12,COC1:C(C2:S:S([N+](=O)O):C:C(N(C)C):C:2Cl):C:C(O):S:C:1N(C)C,433.1866299224481,16.82367785209647
852,5,3,15,22,12,1056,6,12,22,19,CS1:C(C#CC#CB2:C:C:C(C(=O)[O][Na]):C(S(=O)(=O)O):C:2O):C(S(=O)(=O)O):C:C:C:1=C(C#N)C#N,433.14498872710226,18.483936537461684
3586,18,20,2,15,18,294,2,23,5,14,CCNC1(CNC2:C:S(=C(C#N)C#N):C([SH](=O)=O):C([O][Na]):N:2):C:C(C(=O)O):C:C:C:1Cl,433.08496082597486,20.491201149243626
9247,47,6,16,4,10,9512,48,25,2,22,CCC1:C(CN(CC(=O)O)CC(=O)O):S([N+](=O)O):C:O:C:1=S1C(=N)SC([SH](=O)=O)C1S(=O)(=O)O,433.04798667652756,33.61259558511009
6630,34,9,22,17,15,9586,48,7,4,7,CCC1SC(OC)CS1(CC=CC=CC1CC(C(F)(F)F)N(S(=O)(=O)O)C1N(CC)CC)OC,433.03755447331184,14.60207673133941
1267,7,3,23,12,19,5134,26,16,9,25,CCNC1:O:C(O):C(C(=N)S2(CN(CC(=O)O)CC(=O)O)CC(N(CC)CC)CC2=N):C:C:1C,432.9964827230334,20.354802003407773
251,2,17,26,4,19,2580,13,20,6,26,CCC1:C:C(=O):C:C(C(F)(F)F):C:1C(=N)C1:C:C(=O):S([N+](=O)O):C:C:1[O][Na],432.9732274724619,21.199375033070794
8134,41,19,2,14,9,2936,15,2,6,2,O=C([O][Na])C1:N:O:C(C2([SH](=O)=O):C:C([SH](=O)=O):C([N+](=O)O):C:S:2):C(C(=O)O):C:1[SH](=O)=O,432.95810251579894,28.224036033097764
8778,44,11,10,20,11,6365,32,18,13,13,CCOC(=O)S1(C#CC2:C([O][Na]):C:C:S(S(=O)(=O)[O][Na]):N:2N)CC(NC(C)=O)NC1NC(C)=O,432.939449181926,26.88848506357121
4817,25,26,17,2,19,537,3,10,4,10,CCC1:C:C(S(=O)(=O)[O][Na]):C:N(C(=N)C2([SH](=O)=O)OCC(=O)C2C(F)(F)F):C:1S(=O)(=O)[O][Na],432.9360323084622,27.659881402483364
7162,36,20,5,18,9,8870,45,22,25,14,CCOC(=O)C1C(Cl)OC([O][Na])C1S1(S(=O)(=O)O):C:C(C(=O)O):C:C:S:1=N,432.9322571391898,23.242061884928614
8945,45,3,9,7,18,7034,36,3,11,25,CCN(CC)S1:C:C(OC):C:C(NCC2(C)OCC(N)C2=N):S:1C,432.91144091157213,13.491980159642296
459,3,17,26,20,14,8595,43,2,20,8,O=NC1:C:N(OC2:N:C(C(F)(F)F):C:C(=O):C:2[O][Na]):N:C([SH](=O)=O):C:1[O][Na],432.9091937723341,25.57619907584136
8994,45,10,21,23,10,4148,21,20,11,12,CCNC1:C:C:S(Br):S(S(=O)(=O)[O][Na]):C:1=S1:C:C(O):S:C(N):C:1[O][Na],432.8817815968564,24.101832021215746
5900,30,5,2,1,16,2086,11,3,17,4,CCC1:C:C(C)(C=CC=CC=CC2(N(C)C)CN([SH](=O)=O)C(Cl)N2):C:N:C:1C(F)(F)F,432.8799191511519,27.590913229063563
8626,44,23,5,24,8,831,5,2,2,26,CCNN1:S:C(Cl):C(C(C)C):C:C:1=CC=S1:C:C(=O):C:C([SH](=O)=O):C:1[SH](=O)=O,432.87544134449126,22.311493243176788
1167,6,23,8,13,13,5046,26,22,25,11,CCNB1:C:C(N=O):C(NC(C)=O):C:C:1C=CC=CS1(S(=O)(=O)O)CCC(=N)C1N,432.80112658976503,12.036302112401913
6566,33,22,1,22,12,1564,8,16,7,19,COC1:O:C:C(C(=O)[O][Na]):C:C:1(C#CC#CC1C(S(=O)(=O)O)SC(N(C)C)C1S(=O)(=O)O)CN(CC(=O)O)CC(=O)O,432.78216277818603,34.704359000251216
399,2,4,17,17,15,2606,14,1,24,23,CCNC1:C:C:C(CC=CC=CC2:C:C:C(CC):C(C(F)(F)F):C:2C(F)(F)F):C(N(C)C):S:1C(C)C,432.75835165855676,10.444722435952242
2893,15,4,2,11,8,2582,13,25,1,24,CCC1:S:C:C([SH](=O)=O):C(N):C:1=CC=C1:C:C(C(C)C):S(N(C)C):C(=N):C:1,432.75052209440844,17.830447983898697
5813,30,3,12,1,11,6793,34,24,16,1,CC(C)C1NC(C#CC2(N(C)C)CNC(O)N2C)C(N(C)C)C1CN(CC(=O)O)CC(=O)O,432.7479346130068,16.43914386058339
1572,8,14,2,24,5,288,2,17,10,7,COC1:C:C(=NC2:C:C(C(C)C):O:C([SH](=O)=O):C:2C(=O)O):C:C(C(F)(F)F):C:1S(=O)(=O)[O][Na],432.7389123166382,35.06585332166051
7130,36,24,4,7,12,1952,10,1,10,2,CCC1CC(C#CC#CC2(N(C)C):C:C:N:C([SH](=O)=O):C:2S(=O)(=O)[O][Na])(OC)C(C(C)C)O1,432.73213863858774,27.856298903246866
4705,24,6,20,18,19,2283,12,1,5,10,CCOC(=O)C1CC(C(=N)C2:C:C(S(=O)(=O)[O][Na]):C(Cl):C:N:2N(C)C)N([N+](=O)O)C1[O][Na],432.72654849667987,29.100042505145087
6595,33,25,8,19,14,4200,21,6,10,24,CC(C)S1:C:C:S(OC2(C(=O)[O][Na])CC(=N)SC2N=O)([N+](=O)O):C:C:1S(=O)(=O)[O][Na],432.71456858124964,25.760877273645544
3052,16,17,14,19,7,7222,37,20,13,11,CC(=O)NC1OCC(N=CC2:C:N(C(=O)[O][Na]):C(C(=O)O):C(C(F)(F)F):N:2)([O][Na])C1N,432.57476756567286,22.506631601543194
4677,24,2,8,17,14,370,2,24,20,16,CC(C)C1:C([O][Na]):C:C(CN(CC(=O)O)CC(=O)O):C:C:1OC1(C(F)(F)F)CCC(N=O)N1[SH](=O)=O,432.55787006264507,9.816322722410337
5146,26,26,7,24,4,8937,45,6,7,7,COC1:C:C:S(C=CC2(C(C)C)CCC(OC)S2=O):S([N+](=O)O):C:1OC,432.5471725964583,20.853630099410037
2017,11,10,11,14,7,2993,15,1,26,20,CN(C)C1(N=CC2:C:C(C(=O)O):N(N):C:C:2S(=O)(=O)[O][Na]):C:C([O][Na]):C(=O):C:S:1,432.5237973835232,18.445738173329175
8937,45,6,7,7,1,5759,29,17,11,20,COC1:C:C(N=N[SH]2C([O][Na])CC(N)N2C(F)(F)F):S:S([N+](=O)O):C:1OC,432.4610489858707,20.151303532914895
2982,15,19,20,23,11,2579,13,5,12,7,CCNC1:C:C:C(C#CC2(Cl):C:C:S(OC):C:C:2O):C(C(=O)[O][Na]):S:1[O][Na],432.3903382569418,17.85878004267397
249,2,19,12,11,7,1462,8,21,12,20,NC1:C:C:C(C=NC2(Br):C:C:C([O][Na]):O:C:2O):C(C(=O)[O][Na]):C:1O,432.3404026863189,28.54675631769115
9586,48,7,4,7,20,1261,7,12,7,21,CCC1SC(OC)C(C=C(C)C=CC2:C:C(Br):O:C(OC):C:2O)[SH]1OC,432.31114868825836,19.45928098895683
9452,48,1,13,11,19,8724,44,23,19,26,CCNS1:C(C(=O)[O][Na]):C:C(=O):C:N:1C(=N)C1C(N)SC(NC(C)=O)[SH]1N(C)C,432.30515200977413,24.832561293901705
801,5,1,16,17,18,4051,21,24,22,1,CC(C)C1:C(S(=O)(=O)O):S:C(N(C)C):C:S:1CNC1:C:C(C(F)(F)F):C(CN(CC(=O)O)CC(=O)O):C(N(C)C):S:1,432.2932681950873,19.870877699879355
9589,48,8,24,10,12,8474,43,2,2,26,CC(C)[SH]1C[SH](N=O)C(C#CC#CN2:C:C(=O):C([SH](=O)=O):C([SH](=O)=O):N:2)(S(=O)(=O)[O][Na])C1,432.27593569904786,21.651606496067856
446,3,24,24,10,2,7164,36,14,24,22,CC(C)C1:C:C(S(=O)(=O)[O][Na]):C(C=CC(=O)C2(C(=O)O)OCC(C(C)C)C2S(=O)(=O)O):N:C:1C(C)C,432.2522870426604,11.702056337576316
4075,21,22,17,6,4,7333,37,20,11,21,NC1OC(Br)CC1(C=CC1:C:S([N+](=O)O):C(C(F)(F)F):C(S(=O)(=O)O):S:1)[O][Na],432.1685269351982,16.471064189890726
3257,17,22,25,8,7,6906,35,19,18,3,CCOC(=O)N1CC(C)C(N=CC2:N:C(S(=O)(=O)O):C(=N):O:C:2N=O)C1C(=O)[O][Na],432.1614572451687,20.161855244071468
126,1,12,21,15,9,6777,34,7,14,22,CON1CC(C(=O)O)C(S(=O)(=O)O)C1C1=C(O)C(Br)=CC1=C(C#N)C#N,432.15862603851576,16.31775599681344
5928,30,18,17,24,17,2341,12,4,8,9,CCOC(=O)N1CNC(C=CC=CC=CC=CC2(CC):C:C:C(N(CC)CC):C(N=O):N:2)(C(C)C)C1C(F)(F)F,432.13806717489086,20.654191847285357
9484,48,5,14,4,9,947,5,16,14,22,CCC1(S2(CN(CC(=O)O)CC(=O)O):C:C(S(=O)(=O)O):C:C:C:2C(=O)O)C[SH](C(=O)O)C[SH]1Cl,432.12883661950775,18.97576295784282
8206,42,3,14,11,10,4121,21,4,10,7,CCS1(=C2:C:C(N):C(C(=O)O):S(C):O:2):C:C:S(OC):C:C:1S(=O)(=O)[O][Na],432.1226958965867,19.406124971073424
2387,12,19,2,21,9,2243,12,2,14,12,O=C(O)C1:C:C(O):C:C(C2:C:C(Br):C([SH](=O)=O):N:C:2C(=O)[O][Na])([SH](=O)=O):N:1,432.03584393541007,28.982798401035655
5206,27,8,15,14,11,6623,34,14,9,17,CCN(CC)N1C(C(F)(F)F)CCC1(C#CC1C(C(=O)O)C(=C(C#N)C#N)NN1N=O)C(=O)O,432.00559109339645,26.80323672690322
2404,13,21,17,15,9,4435,23,8,18,21,CCOC(=O)C1C(Br)CCC1(N=O)C1:C:S(=C(C#N)C#N):C:C(C(F)(F)F):C:1Br,431.98256980199596,29.13050473842642
4068,21,10,11,12,4,5988,30,26,12,14,NS1:C:C(S(=O)(=O)[O][Na]):S:C(C=CN2C(=O)N(O)CC2C(=O)O):C:1O,431.94435256040686,26.567172528808005
384,2,10,7,13,2,5677,29,20,20,17,COC1:C:C(NC(C)=O):C:C(C=CC(=O)S2([O][Na])NC([O][Na])CC2C(F)(F)F):C:1S(=O)(=O)[O][Na],431.90463561990634,18.769153265345988
8924,45,13,16,10,11,2661,14,23,20,22,CCNC1(C#CC2:C:C(S(=O)(=O)[O][Na]):C(CN(CC(=O)O)CC(=O)O):S:S:2NC(C)=O):C:C:C(S(=O)(=O)O):S([O][Na]):C:1,431.87324736231886,27.177429612091508
4179,21,23,16,6,18,4563,23,11,4,7,CCNC1:C:S:C(NCC2CC(N)C(CC)C2OC):C([N+](=O)O):S:1CN(CC(=O)O)CC(=O)O,431.82420495701956,19.5435074389315
922,5,18,17,21,2,2170,11,1,24,15,CCOC(=O)C1:S:C(C=CC(=O)C2(N(C)C):C:C:C(=C(C#N)C#N):N:C:2C(C)C):C:C(Br):C:1C(F)(F)F,431.8240683178712,16.50618871219693
2400,12,26,3,21,7,2951,15,4,3,1,CCS1:C(C):C:C(N(C)C):C:C:1N=CC1:C(Br):C(C):C:N:C:1=O,431.80855147697446,22.472882366573234
4109,21,5,18,2,1,1462,8,21,12,20,CCOC(=O)S1:C:C:S(Cl):C(N=NC2(Br):C:C:C([O][Na]):O:C:2O):C:1[SH](=O)=O,431.76843480049274,29.577036981588243
4503,23,25,15,6,4,2285,12,7,5,2,COC1:N:C(C=CC2([N+](=O)O)CC(=N)CC2=C(C#N)C#N):C:C([SH](=O)=O):C:1Cl,431.7667388659851,14.586388977421928
2755,14,23,2,26,19,839,5,13,20,22,CCNC1:C:S:C([SH](=O)=O):C(=O):C:1C(=N)S1(NC(C)=O):C:C(S(=O)(=O)O):C:C:C:1[O][Na],431.7056530312424,28.8346165386701
2170,11,1,24,15,2,7468,38,3,12,12,CC(C)C1:N:C(=C(C#N)C#N):C:C(C=CC(=O)C2CC(O)C(O)[SH]2C):C:1N(C)C,431.6948500027279,29.35263384100983
4788,24,1,1,17,7,5182,26,1,23,24,CCNC1CC(C(C)C)S(N=CC2NC(N(C)C)C(N(C)C)C2C(F)(F)F)(N(C)C)C1,431.64528171476996,16.409014242787876
2943,15,8,19,17,10,5090,26,21,24,22,CC(C)C1CC(Br)S(=C2:C:S(N=O):C(C(=O)[O][Na]):C:C:2C(F)(F)F)C1S(=O)(=O)O,431.64332467353614,24.275395443954825
3064,16,2,3,24,5,4082,21,25,19,17,CC1:C:N([SH](=O)=O):C(N=S2(=N):C:C:S(C(=O)[O][Na]):C(C(F)(F)F):C:2):C:N:1C(C)C,431.6414593341868,25.51729320244708
8872,45,13,6,26,6,255,2,4,9,9,CCC1:C(N(CC)CC):C:C(N(CC)CC):C:C:1=CC1:C:C(=O):C([N+](=O)O):S:S:1NC(C)=O,431.63834266733664,8.238937178870927
7587,38,18,10,10,14,1429,8,3,11,7,CCOC(=O)[SH]1CC(OC2(C):C:C(OC):C:O:C:2N)(S(=O)(=O)[O][Na])CC1S(=O)(=O)[O][Na],431.5946505676071,25.870894350920885
5465,28,12,17,23,9,291,2,10,4,16,CCNC1(C2:C:C:C(CN(CC(=O)O)CC(=O)O):C(CC):C:2S(=O)(=O)[O][Na])CC(C(F)(F)F)N(O)O1,431.57938510416216,15.324084147161749
8543,43,12,25,23,13,2763,14,17,17,14,CCNC1:C:C(C=CC=CC2:C:C(C(=O)O):C(C(F)(F)F):S(C(F)(F)F):C:2):N(O):N:C:1=N,431.5672611153386,18.967509086502265
1183,6,17,24,14,10,5159,26,19,26,1,CC(C)C1:C:C(C(=O)O):C(=[SH]2(C(=O)[O][Na])CCC(N(C)C)C2=O):B:C:1C(F)(F)F,431.5615470648354,28.912055020457785
2820,15,23,13,3,11,2909,15,11,20,7,CCNC1:C(C#CC2:C:C(OC):C([O][Na]):C(N):S:2):C:C:C(C):S:1NC(C)=O,431.5420927528776,15.308632114737767
804,5,11,26,4,7,6420,33,16,17,24,CCC1:C:C:C(C=NC2C[SH](CN(CC(=O)O)CC(=O)O)C(C(F)(F)F)C2C(C)C):S(N):C:1=O,431.51859249508516,25.22938772841074
2025,11,4,1,16,7,6352,32,9,16,8,CCC1:C(C=NS2(N(CC)CC)CC(N=O)N(CN(CC(=O)O)CC(=O)O)C2):C:C(CN(CC(=O)O)CC(=O)O):N:C:1N(C)C,431.4470845472462,17.3977537637066
6280,32,11,20,23,7,2964,15,3,22,3,CCNC1(C=NC2(C):C:C(C):C:C:S:2S(=O)(=O)O)SC(N)NC1[O][Na],431.3564752242934,28.348376598826775
8984,45,2,6,11,14,6992,35,4,14,21,CCN1CC(OC2:C:C:C(N):S([N+](=O)O):S:2[SH](=O)=O)C(Br)C1C(=O)O,431.3058158327961,32.114719326837815
3531,18,1,8,11,18,3174,16,1,3,15,CN(C)C1:N:C(NCN2:C:C(=C(C#N)C#N):N(C):C:C:2N(C)C):C:S(N):C:1N=O,431.3024586597147,29.617236803602214
344,2,10,22,11,7,2436,13,4,8,25,CCC1(N=CC2:C:C(N):C:C(S(=O)(=O)O):C:2S(=O)(=O)[O][Na]):C:C(N=O):S:C(=N):C:1,431.222763241741,29.33921338184317
3969,20,16,17,6,1,9517,48,23,6,23,CCNC1CS(N=NC2:O:C(CN(CC(=O)O)CC(=O)O):C:S(C(F)(F)F):C:2[N+](=O)O)(NCC)C[SH]1[N+](=O)O,431.2209921745829,21.32096331772045
5645,29,14,24,1,13,6524,33,18,2,4,CCOC(=O)C1(C=CC=CC2(N(C)C)C(C(C)C)CN[SH]2C(=O)O)CC(CC)[SH]([SH](=O)=O)C1,431.19389563320664,18.10260542609333
1894,10,23,2,18,10,8878,45,18,15,17,CCNC1:C([SH](=O)=O):C:N:C(C(=O)OCC):C:1=S1:C:C(C(F)(F)F):C:C(=C(C#N)C#N):S:1C(=O)OCC,431.19221038118366,23.64588206640545
9540,48,8,22,10,12,1459,8,4,17,8,CCC1(C#CC#CC2(S(=O)(=O)[O][Na])SC[SH](N=O)C2S(=O)(=O)O):C:C:C(N=O):O:C:1C(F)(F)F,431.18600406345877,33.40640672854843
7594,38,21,26,7,9,4589,23,20,3,2,COC1(C2C([O][Na])C(C)CC2[SH](=O)=O)CC(=O)[SH](Br)C1,431.1824313203905,27.652737600445896
528,3,6,7,13,11,225,2,22,10,6,COC1:C:C:N([N+](=O)O):C(C#CC2(S(=O)(=O)O):C:C:C([N+](=O)O):C:C:2S(=O)(=O)[O][Na]):C:1NC(C)=O,431.11875168387525,33.627273077931676
3191,16,9,14,2,13,1319,7,22,7,25,CCN(CC)N1:C(C=CC=CC2(S(=O)(=O)O):C:C:O:C(=N):C:2OC):C:N([SH](=O)=O):C:C:1C(=O)O,431.09068146108336,20.080560367145086
784,4,1,10,24,12,6546,33,18,2,21,CCOC(=O)C1(C#CC#CC2:O:C:C(N(C)C):C(S(=O)(=O)[O][Na]):C:2C(C)C)CC[SH](Br)C1[SH](=O)=O,431.04953061666765,29.745782162913617
4312,22,26,3,5,2,4102,21,1,22,5,CC1=C(Cl)C(C=CC(=O)S2(N(C)C):C:C:S:C(Cl):C:2S(=O)(=O)O)=CC1=O,431.04554895934035,25.717545980516114
2470,13,19,12,24,11,7118,36,12,17,7,COC1C(C(F)(F)F)COC1(O)C#CC1:C(C(C)C):S:C:C(O):C:1C(=O)[O][Na],430.93299354150184,23.380341175864487
1239,7,7,3,11,12,4084,21,17,19,26,COC1:C(C):C:O:C(N):C:1C#CC#CS1:C:C(=O):S:C(C(=O)[O][Na]):C:1C(F)(F)F,430.89821934888005,16.653766895372623
5031,26,10,17,20,11,2821,15,14,25,24,CC(C)C1:C:C(C#CC2SC(S(=O)(=O)[O][Na])C(C(F)(F)F)C2[O][Na])(C(=O)O):S:C:C:1=N,430.88031627344924,24.082930274565612
6980,35,23,3,13,4,2500,13,16,7,14,CCNC1C(C)NC(NC(C)=O)C1C=CC1(CN(CC(=O)O)CC(=O)O):C:C(OC):S:C(C(=O)O):C:1,430.8797039413213,20.372728247243757
2492,13,3,19,4,14,6388,32,6,13,23,CCNC1C(NC(C)=O)NC([N+](=O)O)[SH]1OC1:C(CC):S:C:C(C(=O)[O][Na]):C:1C,430.81463351997854,20.154944954093818
3808,20,13,7,20,14,4436,23,18,21,5,CCOC(=O)C1(OC2:O:C(NC(C)=O):C(OC):S:C:2[O][Na])CCC(Cl)C1Br,430.80670535905153,20.11238390780533
813,5,16,23,16,12,2767,14,2,16,9,CCNC1:C(CN(CC(=O)O)CC(=O)O):C:C:C(C#CC#CC2([SH](=O)=O):C:S:C(CN(CC(=O)O)CC(=O)O):C(N(CC)CC):C:2):S:1CN(CC(=O)O)CC(=O)O,430.80577094863037,26.924468999893143
450,3,22,1,4,7,6371,32,19,23,8,CCNN1CC(N=O)S(N=CC2:C:C(CC):C:C(N(C)C):N:2S(=O)(=O)O)(C(=O)[O][Na])C1,430.7905406663898,18.9726512444914
7403,38,26,17,5,18,2321,12,8,1,10,CN(C)C1:C(S(=O)(=O)[O][Na]):C:C:C(CNC2(Cl)CSC(=O)C2C(F)(F)F):N:1N=O,430.76440870992826,24.050535074656334
5927,30,17,11,4,15,288,2,17,10,7,CCC1(C=CC=CCC2:C:C(OC):C(S(=O)(=O)[O][Na]):C(C(F)(F)F):C:2)CNC(N)N1C(F)(F)F,430.7287083534455,19.01279627837192
6308,32,6,5,11,13,8414,43,8,20,26,NC1NC(Cl)[SH]([N+](=O)O)C1C=CC=CN1:C:C:C(=O):C([O][Na]):N:1N=O,430.72461346088073,25.087034767208266
2793,14,14,8,24,14,9446,48,4,1,21,CCS1(OC2:C:C(C(=O)O):S:C(N=O):C:2C(C)C)CC(Br)[SH](N(C)C)C1,430.71527917088235,23.382217051154388
8770,44,5,5,8,2,3195,16,26,23,22,CCNN1:C(S(=O)(=O)O):C:N(C(=O)C=CC2:C(N=O):C:C(Cl):S:N:2Cl):C:C:1=O,430.62826541222455,28.547692799751722
6761,34,22,24,2,4,8953,45,9,25,3,CCN(CC)S1:C:C(=N):C(C):C:S:1C=CC1([SH](=O)=O)CC(C(C)C)N(S(=O)(=O)O)C1,430.6099272193258,21.933546574039706
759,4,22,12,9,19,6591,33,8,23,8,CCN[SH]1CC(N=O)C(C(=N)C2:O:C(S(=O)(=O)O):C:C(O):C:2N(CC)CC)C1N=O,430.60844432385454,30.788696125175164
2548,13,3,8,11,1,9499,48,3,2,1,CC1:C(N=O):C:S(N):C:C:1N=N[SH]1CC(N(C)C)[SH]([SH](=O)=O)C1C,430.57278955387227,30.860759415211987
3868,20,20,14,12,18,6509,33,5,10,19,O=C([O][Na])C1C[SH](S(=O)(=O)[O][Na])CC1(Cl)CNC1:O:C([O][Na]):C:S(C(=O)O):C:1O,430.55652055082203,23.74811904653938
6712,34,2,24,19,1,1538,8,13,10,3,CC(=O)NC1(N=NC2CC(C(=O)[O][Na])N(C(C)C)C2[SH](=O)=O):C:C(C):C:O:C:1S(=O)(=O)[O][Na],430.55203373387695,28.98585861574331
7484,38,4,3,20,5,2977,15,22,14,5,CCC1C(N=C2:C:C(Cl):C:C(C(=O)O):S:2S(=O)(=O)O)CC([O][Na])[SH]1C,430.55007097260585,25.083724026006813
7519,38,21,6,21,2,7074,36,18,14,12,CCOC(=O)C1(C(=O)C=CC2CC(Br)[SH]([N+](=O)O)C2Br)OC(C(=O)O)CC1O,430.5407628695908,22.328943389335354
1309,7,17,1,25,5,2567,13,7,16,21,COC1:C(CN(CC(=O)O)CC(=O)O):S(Br):C:C:C:1=NC1:C(C(F)(F)F):C(N(C)C):C:O:C:1=N,430.46727814268877,12.087485812143655
1895,10,10,20,13,9,1522,8,12,25,20,CC(=O)NN1:C:C(C2(O):C:C:C([O][Na]):O:C:2=N):C(S(=O)(=O)[O][Na]):C:C:1[O][Na],430.42760962923404,27.752178789501855
4794,24,18,26,21,2,3561,18,16,23,6,CCNS1:C(CN(CC(=O)O)CC(=O)O):C:N(C(=O)C=CC2NC(C(=O)OCC)C(=O)C2Br):C:C:1[N+](=O)O,430.38237018384115,9.489082147487283
2350,12,1,6,11,20,1747,9,6,21,13,CC(=O)NC1:C:C(Br):O:C(C=CC(C)=CC2:C:N(N(C)C):C:C([N+](=O)O):C:2N)([N+](=O)O):C:1,430.350660433205,28.652348051488666
5878,30,11,11,26,15,1569,8,12,19,15,N#CC(C#N)=C1:C:O:C(C(=O)[O][Na]):C(O)(CC=CC=CC2NC(N)N(N)C2=O):C:1,430.3328757332035,28.487677073866795
2901,15,6,20,26,12,6918,35,21,19,13,CC(=O)NC1CN(C(=O)[O][Na])C(Br)C1C#CC#CC1:C:S:C([N+](=O)O):C([O][Na]):C:1=O,430.29926021321705,17.552397839366954
1190,6,3,4,9,14,5083,26,25,16,14,CCC1:B(C):C(O[SH]2C(=N)C(CN(CC(=O)O)CC(=O)O)CC2C(=O)O):C:C:C:1N(CC)CC,430.2729858497273,19.870259554703974
8789,44,20,21,23,1,5240,27,6,1,3,CCNC1:C:C:C(N=NN2C(C)C(N(C)C)CN2[N+](=O)O):N([O][Na]):S:1Br,430.23888996547214,25.324989310040795
5327,27,5,14,10,11,2223,12,7,9,7,CCN(CC)C1:N:C(C#CC2(S(=O)(=O)[O][Na])C(C(=O)O)CNN2Cl)(OC):C:C:C:1OC,430.23846127306643,27.022144610471067
1981,10,26,17,10,1,1787,9,11,4,22,CCC1:O:C(N)(N=NC2:C(S(=O)(=O)[O][Na]):N:C:C(C(F)(F)F):C:2=O):C:C:C:1S(=O)(=O)O,430.19605622890424,36.46001321578682
9370,47,23,7,17,1,5791,29,3,19,3,CCNC1:O:C(N=NS2(C)NC(C(=O)[O][Na])CC2C):C:C(C(F)(F)F):S:1OC,430.1705586916449,10.84891398840601
8778,44,11,10,20,1,3006,16,19,5,19,NN1:C(N=NN2:C:C(C(=O)[O][Na]):N(Cl):C(C(=O)[O][Na]):C:2):C([O][Na]):C:C:S:1S(=O)(=O)[O][Na],430.1548532595052,21.59086808115157
4636,24,12,12,20,18,7322,37,4,2,4,CCC1OC([SH](=O)=O)C(CC)C1CNC1C([O][Na])C(O)CN1O,430.15338799166994,20.055156000475094
5904,30,26,15,2,1,6987,35,4,16,12,CCC1C(N=NC2([SH](=O)=O)NC(=O)NC2=C(C#N)C#N)C(O)CN1CN(CC(=O)O)CC(=O)O,430.1124297991969,31.872881869121823
8684,44,2,24,20,7,6286,32,2,11,1,CC(C)S1:C([O][Na]):C:C:C(C=NS2([SH](=O)=O)CN(N)CC2N(C)C):N:1[SH](=O)=O,430.0858065485055,26.544320644716773
9542,48,7,2,7,14,2621,14,21,20,2,CO[SH]1CC(OC2:C:C([SH](=O)=O):C([O][Na]):S:C:2Br)[SH](OC)C1[SH](=O)=O,430.0633839683076,21.073366560818464
3998,20,23,17,22,7,7079,36,7,24,15,CCNC1:C:S(C(F)(F)F):C(S(=O)(=O)O):C(C=NC2(OC)OC(C(C)C)CC2=C(C#N)C#N):O:1,430.0099046113887,23.571504994208492
4609,24,19,21,25,14,6552,33,5,11,26,N=C1C(Br)CN(C(=O)[O][Na])C1OC1C[SH](Cl)C(N)C1=O,429.99017159163867,27.905456579566117
8593,43,5,5,23,4,3361,17,12,5,23,CCNC1:C:N(C=CC2:C:C(NCC):C(Cl):N(Cl):N:2):C(O):C(Cl):O:1,429.98713574686764,18.580172925924376
2767,14,2,16,9,9,6825,35,3,5,7,CCN(CC)C1:C(CN(CC(=O)O)CC(=O)O):S:C:C([SH](=O)=O):C:1C1(C)CC(OC)NC1Cl,429.9626058492815,20.764369422928038
925,5,20,12,19,5,6347,32,1,18,21,CCOC(=O)N1C[SH](=NC2:S:C([O][Na]):C:C(O):C:2C(=O)[O][Na])(N(C)C)CC1Br,429.89429884389176,14.292119084361346
2904,15,5,6,10,1,4689,24,12,22,3,CC1C(S(=O)(=O)O)CC(O)N1N=NC1:C(Cl):S:C:C([N+](=O)O):C:1S(=O)(=O)[O][Na],429.86201440766916,30.77721106097348
8990,45,4,17,7,19,4130,21,1,3,10,CCS1:S:C:C(C(F)(F)F):C(OC):C:1C(=N)S1(N(C)C):C:C:S(S(=O)(=O)[O][Na]):C(C):C:1,429.7882898940478,22.36438501743356
3257,17,22,25,8,7,2767,14,2,16,9,CCN(CC)C1:C:C(N=CC2:N:C(S(=O)(=O)O):C(=N):O:C:2N=O)([SH](=O)=O):C:S:C:1CN(CC(=O)O)CC(=O)O,429.7820381727759,15.091229462517978
4721,24,20,18,14,11,1522,8,12,25,20,CCOC(=O)C1CCN([O][Na])C1(C#CC1(O):C:C:C([O][Na]):O:C:1=N)C(=O)O,429.76555432416956,24.352423727259506
8765,44,6,5,26,11,2123,11,19,4,11,CCC1:C(N):C:C(C#CC2:C(=O):C(Cl):C:S:N:2[N+](=O)O):C:N:1C(=O)[O][Na],429.7586340142587,21.31246745896876
1886,10,20,23,2,9,6353,32,26,18,13,CCNN1:C:C:C([O][Na]):C([SH]2(=O)CC(NC(C)=O)N(C(=O)OCC)C2):C:1[SH](=O)=O,429.7574823445666,17.561670511521122
6084,31,24,12,3,14,1172,6,10,8,22,CC(C)C1OC(OB2:C:C(S(=O)(=O)O):C:C(N=O):C:2S(=O)(=O)[O][Na])C(C)N1O,429.7388572324409,31.35233739465068
5671,29,7,20,6,18,2290,12,5,25,1,CON1SC(NCC2(Cl):C:C:C(N(C)C):C(=N):N:2)C([N+](=O)O)C1[O][Na],429.7084088191962,33.081273168319946
9225,47,2,18,8,11,6561,33,8,19,19,CCOC(=O)S1:C:C(N=O):C(C#CC2C(N=O)SC(C(=O)[O][Na])C2C(=O)[O][Na]):O:C:1[SH](=O)=O,429.6682874489041,24.34828890060253
756,4,7,6,19,11,5802,30,22,4,22,CCN1CC(S(=O)(=O)O)N(C#CC2:O:C(OC):C([N+](=O)O):C:C:2C(=O)[O][Na])C1S(=O)(=O)O,429.6274688623478,30.935855242725353
8435,43,4,7,20,1,7282,37,13,11,5,CCN1:N:C(N=NC2(NC(C)=O)CC(Cl)OC2N):C([O][Na]):C:C:1OC,429.5847238318859,22.199840707708823
382,2,7,12,1,11,9584,48,1,8,24,COC1:C(O):C:C(N(C)C):C:C:1C#C[SH]1C[SH](N(C)C)C(N=O)C1C(C)C,429.58145425630363,25.089437244763175
1758,9,16,24,8,4,4439,23,4,16,14,CCC1(C=CC2:C(N=O):C:C(C(C)C):O:C:2CN(CC(=O)O)CC(=O)O)CCC(CN(CC(=O)O)CC(=O)O)C1C(=O)O,429.5185893138213,28.399457893785158
5170,26,17,9,4,20,6913,35,14,1,24,CCN(CC)C1C[SH](C(F)(F)F)C(C=C(C)C=CC2CN(C(=O)O)C(N(C)C)C2C(C)C)(CC)C1,429.51763064869965,19.295668562212022
2204,12,10,24,8,7,358,2,16,7,8,COC1:C(N=O):C:C:C(N=CC2:C:C(N=O):C(C(C)C):N(S(=O)(=O)[O][Na]):C:2):C:1CN(CC(=O)O)CC(=O)O,429.5091906140034,26.399263475427
6876,35,13,17,18,1,9446,48,4,1,21,CCOC(=O)C1(N=NS2(CC)CC(Br)[SH](N(C)C)C2)CN(C(F)(F)F)CC1NC(C)=O,429.4543911718524,16.99272936768585
4162,21,3,13,23,14,6349,32,17,5,5,CCNC1:C(OS2(C(F)(F)F)CC(Cl)N(Cl)C2):S:C:C(C):S:1NC(C)=O,429.45063662006396,11.774432204601348
9447,48,4,11,23,20,2753,14,6,3,23,CCNC1:C:C:C(C=CC(C)=CC2(NCC)C[SH](N)C[SH]2CC)([N+](=O)O):C(C):S:1,429.4483488386778,9.453001313245075
6064,31,4,6,13,11,8919,45,4,6,6,CCN1COC(C#CS2:C:C([N+](=O)O):C:C([N+](=O)O):S:2CC)(NC(C)=O)C1[N+](=O)O,429.414938350782,25.570280410779386
7145,36,23,12,12,7,1899,10,19,6,10,CCNC1OC(O)C(O)C1C=NC1:C:C:N(S(=O)(=O)[O][Na]):C([N+](=O)O):C:1C(=O)[O][Na],429.36518424914266,30.508365366111924
3635,19,4,8,21,10,5144,26,4,10,12,CCC1:O:C(=[SH]2(CC)CCC(S(=O)(=O)[O][Na])C2O):C(Br):O:C:1N=O,429.35440905913845,24.108134295994386
2829,15,14,25,15,12,4169,21,26,25,12,N#CC(C#N)=C1:C:C(C#CC#CS2:C:C(O):S(=N):C(=O):C:2):C(C(=O)O):S(=N):C:1,429.3396693103203,16.8493731547283
8440,43,11,6,3,4,346,2,20,7,7,COC1:C:C(C=CC2:C(C):C([N+](=O)O):C:N:N:2N):C([O][Na]):C:C:1OC,429.3367211745446,13.79694129836437
8536,43,21,11,8,4,1313,7,22,6,4,CCC1:C:C(C=CC2:C:C(N=O):C:N(N):N:2Br)(S(=O)(=O)O):C:C([N+](=O)O):O:1,429.3018451929062,23.332211354660252
2034,11,2,2,17,9,9583,48,19,10,12,O=C([O][Na])[SH]1C[SH](C2:C:C([SH](=O)=O):N([SH](=O)=O):C:C:2C(F)(F)F)C(O)C1S(=O)(=O)[O][Na],429.27202718716245,21.320037961107232
215,2,22,2,17,15,1368,7,1,22,1,CN(C)C1:C:C(CC=CC=CC2:C:C(S(=O)(=O)O):C([SH](=O)=O):C:C:2C(F)(F)F)(N(C)C):C:C(S(=O)(=O)O):O:1,429.1917336457174,13.47383839846908
9614,49,23,20,13,5,4021,21,7,12,18,CCNN1ONC([O][Na])C1(N=S1(OC):C:C(C(=O)OCC):S:C:C:1O)NC(C)=O,429.1380058701863,25.068323393149484
2932,15,16,9,22,12,8905,45,5,23,5,CCNS1:C(Cl):C:C:C:S:1(Cl)C#CC#CC1:C:C(S(=O)(=O)O):C:S(N(CC)CC):C:1CN(CC(=O)O)CC(=O)O,429.13788072318386,22.657863430094412
7579,38,5,8,6,1,4119,21,22,11,15,N#CC(C#N)=C1:C:S(N=NC2([N+](=O)O)CSC(Cl)C2N=O)(S(=O)(=O)O):C:C(N):S:1,429.0801538507121,28.927334384862135
2136,11,25,4,25,14,2772,14,12,10,14,CCC1:N:C:C(=N):C(OC2(O):C:C(C(=O)O):C:S(S(=O)(=O)[O][Na]):C:2):C:1=N,429.0714810738042,20.87678580989628
5698,29,4,3,18,19,4491,23,3,14,16,CCOC(=O)C1(C(=N)C2(C)CC(CN(CC(=O)O)CC(=O)O)C(C(=O)O)C2)SN(CC)CC1C,429.03141761299446,18.62442919411849
8539,43,7,11,10,7,994,5,7,23,7,CCNC1:C:C:S(N=CC2:C:C(S(=O)(=O)[O][Na]):C(N):N:N:2OC)(OC):C:C:1OC,429.0069775247981,26.138504072710827
8869,45,12,23,14,19,6836,35,2,5,19,CCNC1:C(C(=O)O):C:C(C(=N)C2([SH](=O)=O)CC(C(=O)[O][Na])N(Cl)C2):S:S:1O,429.00445366733254,22.502145052546602
4969,25,5,19,5,5,2562,13,24,2,11,CC(C)C1:C([SH](=O)=O):S(N):C:C:C:1=NC1(Cl)OC(Cl)CC1C(=O)[O][Na],428.9568777504569,32.212226949638335
4323,22,23,3,25,9,6586,33,13,21,14,CCNC1=C(C2C(C(=O)O)C[SH](Br)C2NC(C)=O)C(=N)C(C)=C1,428.9558789399798,10.433051733801703
2267,12,2,24,10,9,4549,23,25,19,20,CC(C)C1:C:N:C([SH](=O)=O):C(C2CC([O][Na])C(C(=O)[O][Na])C2=N):C:1S(=O)(=O)[O][Na],428.9361117228356,20.40825722388553
5030,26,6,1,11,13,8703,44,24,5,5,CC(C)S1:C(Cl):C:C(Cl):C:N:1C=CC=CC1CC(N)C(N(C)C)[SH]1[N+](=O)O,428.93280191596887,16.127736846503776
586,3,10,20,6,14,7456,38,25,17,26,N=S1C(OC2:C([N+](=O)O):C([O][Na]):C:C:N:2S(=O)(=O)[O][Na])C(=O)CC1C(F)(F)F,428.88191973026534,15.767393236409177
2838,15,10,19,11,14,7333,37,20,11,21,NC1:C(OC2([O][Na])CC(Br)OC2N):C:S:C(S(=O)(=O)[O][Na]):C:1C(=O)[O][Na],428.8709084959729,22.349163584187995
3869,20,8,24,16,18,4450,23,23,21,8,CCNC1(CNC2:O:C:C(N=O):S(C(C)C):C:2CN(CC(=O)O)CC(=O)O)C(Br)CCC1N=O,428.8684703087798,26.02613389362568
2158,11,26,11,20,11,4092,21,22,22,26,NN1:C:C(=O):C(C#CS2(S(=O)(=O)O):C:C:S:C(=O):C:2S(=O)(=O)O):C:C:1[O][Na],428.8134377682603,24.088589281866838
8797,44,11,3,18,1,5038,26,6,18,6,CCOC(=O)C1:C:C(C):S:N(N):C:1N=NS1([N+](=O)O)CCC(C(=O)OCC)C1[N+](=O)O,428.81114320026745,21.47808131711697
4946,25,11,14,20,18,2420,13,24,21,11,CC(C)C1(CNC2OC(N)C(C(=O)O)C2[O][Na]):C:C:S(N):C:C:1Br,428.6621260018869,30.55151268775602
4479,23,25,20,21,12,2744,14,23,22,8,CCNC1(C#CC#CC2(Br)CC([O][Na])CC2=N):C:C(N=O):C:S(S(=O)(=O)O):C:1,428.59576385830314,28.52929979888973
9337,47,1,21,2,2,816,5,12,23,7,CCNC1:C:C(OC):C:C:S:1(O)C(=O)C=CC1:O:C(N(C)C):S(Br):C:C:1[SH](=O)=O,428.5840334677082,13.262934480352408
1651,9,25,22,17,18,5730,29,17,10,12,N=C1:O:C:C(NC[SH]2C(O)C(S(=O)(=O)[O][Na])CN2C(F)(F)F):C(C(F)(F)F):C:1S(=O)(=O)O,428.5588985030257,20.10715950022568
1846,10,24,3,12,9,5230,27,4,10,4,CCC1C(S(=O)(=O)[O][Na])CN(CC)N1C1:C:N(O):C(C):C:C:1C(C)C,428.5446185440366,21.89444012836371
3251,17,23,20,12,8,957,5,17,4,7,CCNN1:C([O][Na]):C(O):O:C:C:1=CC=S1(C(F)(F)F):C:C(OC):C:C:C:1CC,428.5136496047932,20.407694225936797
8541,43,7,19,7,12,2935,15,8,9,13,CCN(CC)C1:S:C(C#CC#CC2:C(OC):C(C(=O)[O][Na]):C:N:N:2OC)(N=O):C:C:C:1NC(C)=O,428.49219816248495,24.541529134006502
4097,21,20,21,1,14,5894,30,8,19,11,CN(C)C1:S:C:C(ON2C(N)CN(C(=O)[O][Na])C2N=O):S([O][Na]):C:1Br,428.4909149415369,25.74388509962297
2370,12,21,9,2,5,9448,48,21,1,13,CCN(CC)N1:C([SH](=O)=O):C:C:C(N=S2CC(NC(C)=O)[SH](N(C)C)C2Br):C:1Br,428.4806656753259,12.420676947251135
5814,30,7,12,22,19,2726,14,24,1,20,CON1CN(O)C(S(=O)(=O)O)C1C(=N)C1:C:C([O][Na]):C(N(C)C):S:C:1C(C)C,428.4790729340222,28.13677622604893
5448,28,3,15,12,13,2052,11,5,17,11,CC1NOC(O)(C=CC=CC2(Cl):C:C:C(N):N:C:2C(F)(F)F)C1=C(C#N)C#N,428.4523825421667,25.02115795441614
8977,45,22,3,1,18,4098,21,25,11,8,CC1:C:S:S(S(=O)(=O)O):C(NCS2:C:C(N=O):S:C(N):C:2=N):C:1N(C)C,428.442686236653,12.158247273245145
2392,12,12,14,25,12,1522,8,12,25,20,N=C1:C:C(C(=O)O):N(O):C:C:1C#CC#CC1(O):C:C:C([O][Na]):O:C:1=N,428.3812385584826,23.491061052359605
4141,21,9,16,17,7,2926,15,4,17,5,CCN(CC)C1:C:S:C(C=NC2(CC):C:C:C:C(Cl):S:2C(F)(F)F):C(C(F)(F)F):S:1CN(CC(=O)O)CC(=O)O,428.31139592287656,28.094147336522333
4564,23,1,8,6,15,2280,12,1,12,11,CN(C)C1C(N=O)CC([N+](=O)O)C1C=CC=CCC1(N(C)C):C:C:C(N):C:N:1O,428.29916673865193,15.955154495301318
1905,10,7,13,5,2,8470,43,8,6,8,COC1:C(NC(C)=O):C:N:C(Cl):C:1C=CC(=O)N1:C:C(N=O):C:C([N+](=O)O):N:1N=O,428.22207680688564,17.097915087707285
8059,41,10,2,5,18,239,2,17,26,12,O=C1:C:C(O):C:C(CNC2:O:N(S(=O)(=O)[O][Na]):C([SH](=O)=O):C:C:2Cl)(C(F)(F)F):C:1,428.2219209892879,22.130381373743646
5119,26,14,12,23,14,2406,13,19,22,14,CCNC1(OC2(C(=O)[O][Na]):C:C:S(S(=O)(=O)O):C(C(=O)O):C:2)SCC(C(=O)O)C1O,428.1897349198069,33.63961380626715
6575,33,26,16,15,11,6238,32,9,4,22,CCC1NC(S(=O)(=O)O)CS1(C#CC1CS(=C(C#N)C#N)C(CN(CC(=O)O)CC(=O)O)C1=O)N(CC)CC,428.1543815068097,12.588093924940008
323,2,22,21,4,7,5188,26,9,6,8,CCC1:C:C(Br):C(S(=O)(=O)O):C(C=N[SH]2CC(N(CC)CC)C([N+](=O)O)C2N=O):C:1,428.14851693745516,10.62686483457175
7596,38,17,12,23,13,5620,29,9,17,26,CCNC1(C=CC=C[SH]2CC(=O)C(C(F)(F)F)N2N(CC)CC)CC(O)SC1C(F)(F)F,428.1065752038165,9.4837917330704
8973,45,17,26,2,11,6735,34,9,1,5,CCN(CC)C1(C#CC2:S:S(C(F)(F)F):C(=O):C:C:2[SH](=O)=O)NCC(N(C)C)C1Cl,428.0648872292628,15.695918629190523
4187,21,13,5,25,5,8953,45,9,25,3,CCN(CC)S1:C:C(=N):C(C):C:S:1=NC1:C:S(=N):C:C(Cl):S:1NC(C)=O,428.01134520066273,16.04140263431554
9587,48,22,1,5,20,7192,36,13,2,24,CC(=O)NC1(C=CC(C)=CC2(Cl)C[SH](N(C)C)C(S(=O)(=O)O)S2)OC([SH](=O)=O)CC1C(C)C,427.9910351221568,19.329603201016216
3528,18,12,2,17,14,9561,48,11,17,19,NC1SC(C(F)(F)F)C(C(=O)[O][Na])[SH]1OC1:C(C(F)(F)F):S([SH](=O)=O):C:C:N:1O,427.94399325895495,23.174216958972732
4056,21,17,9,12,7,3430,18,5,11,7,CCN(CC)C1:C(C(F)(F)F):S:C(C=NN2:C:C(OC):S:C(N):C:2Cl):C:S:1O,427.93556624473996,27.878774088279375
6946,35,16,12,14,4,1788,9,1,3,4,CCC1:C:C(C):O:C(C=CC2(C(=O)O)CC(CN(CC(=O)O)CC(=O)O)NC2O)(N(C)C):C:1,427.90878071874783,21.15487322889579
8433,43,24,19,6,9,2201,12,11,26,9,CCN(CC)C1:C:C:C(N)(C2:N:N:C(C(C)C):C(C(=O)[O][Na]):C:2[N+](=O)O):N:C:1=O,427.9029196058871,22.50816077980614
5659,29,21,5,16,19,7061,36,11,3,22,CC1COC(N)(C(=N)C2(CN(CC(=O)O)CC(=O)O)SN(Br)CC2Cl)C1S(=O)(=O)O,427.88655861072766,20.154679952392538
321,2,26,8,20,1,7379,37,2,23,23,CCNC1COC(NCC)C1(N=NC1:C([O][Na]):C:C(N=O):C:C:1=O)[SH](=O)=O,427.86986896638166,20.49415439603972
6645,34,14,25,17,8,6339,32,14,24,6,CC(C)N1C([N+](=O)O)CS(=CC=C2C(C(=O)O)NC(=N)C2C(F)(F)F)C1C(=O)O,427.86722394302933,26.271423880509094
5161,26,6,14,3,12,6606,34,2,10,21,CC1(C#CC#CC2NC([SH](=O)=O)C(S(=O)(=O)[O][Na])C2Br)CC(C(=O)O)C[SH]1[N+](=O)O,427.8503069004191,27.883509493080556
1416,8,1,1,2,7,5057,26,9,4,23,CCNC1C[SH](N=CC2:C:C([SH](=O)=O):O:C(N(C)C):C:2N(C)C)C(N(CC)CC)C1CC,427.7778928098589,22.74075578445294
4654,24,12,16,8,1,5675,29,16,18,18,CCOC(=O)C1CN(C(=O)OCC)S(CN(CC(=O)O)CC(=O)O)(N=NC2(N=O)C(CN(CC(=O)O)CC(=O)O)CCN2O)C1,427.77477430957225,8.925935206676858
8408,43,22,12,9,14,6720,34,22,3,10,CCN(CC)C1:C(O):C:N(S(=O)(=O)O):N:C:1OC1C(S(=O)(=O)[O][Na])C(C)CN1S(=O)(=O)O,427.7558418353545,26.020159742460486
4577,23,2,26,24,2,4103,21,17,23,25,CCNC1:C:S(C(=O)C=CC2CC(C(C)C)C(=O)C2[SH](=O)=O)(C(F)(F)F):C:C:S:1=N,427.69545730085764,21.131793001275348
4245,22,25,2,24,6,2833,15,25,18,11,CCOC(=O)C1:C:C(N):C:C(=CC2=CC(C(C)C)=C([SH](=O)=O)C2=N):S:1=N,427.6926793861191,19.98700841612401
6251,32,8,3,4,15,4425,23,5,22,12,CCC1(C=CC=CCC2(Cl)CC(S(=O)(=O)O)CC2O)CN(C)C[SH]1N=O,427.66260830561714,18.659803726592123
1488,8,25,21,21,8,6588,33,7,11,23,CCNC1C[SH](N)C(OC)C1=CC=C1:C:C(Br):O:C(Br):C:1=N,427.6585957989523,22.776239696999813
7317,37,16,24,18,4,4098,21,25,11,8,CCOC(=O)C1OC(C(C)C)C(CN(CC(=O)O)CC(=O)O)C1C=CS1:C:C(N=O):S:C(N):C:1=N,427.6574580030523,18.484164884515984
5832,30,12,16,9,12,4312,22,26,3,5,CCN(CC)C1(C#CC#CC2=CC(Cl)=C(C)C2=O)C(CN(CC(=O)O)CC(=O)O)NCN1O,427.5453477084917,18.481851577059114
2092,11,10,11,4,9,6820,35,14,1,11,CCC1:C(C2(C(=O)O)CCN(N)C2N(C)C):C:C(S(=O)(=O)[O][Na]):N:C:1N,427.54264418501754,4.587012578913844
519,3,14,13,11,10,4173,21,19,7,13,COS1:C(NC(C)=O):C:S(=C2:C:C(N):C(NC(C)=O):C:N:2C(=O)O):C:C:1C(=O)[O][Na],427.54235346879216,22.64890947079747
2809,15,8,17,1,14,2682,14,11,9,4,CCC1:C:C(OC2:C(N=O):S:C:C(C(F)(F)F):C:2N(C)C):C(N):S(N(CC)CC):C:1,427.5163040847774,17.304088662858323
5457,28,22,26,16,14,808,5,19,14,24,CC(C)C1:C:C(C(=O)O):C:S(OC2(CN(CC(=O)O)CC(=O)O)ON(S(=O)(=O)O)CC2=O)(C(=O)[O][Na]):C:1,427.49600134996126,35.92269133536816
6919,35,21,5,17,20,5139,26,26,8,25,CC(C=C[SH]1CC(=O)C(N=O)C1=N)=CC1(C(F)(F)F)CC(Br)NC1Cl,427.47872569616766,20.595922910573215
202,2,4,2,18,11,574,3,26,19,20,CCOC(=O)C1:C:C([SH](=O)=O):C(CC):C:C:1C#CN1:C:C([O][Na]):C:C(C(=O)[O][Na]):C:1=O,427.4423703124468,8.552481728623954
2951,15,4,3,1,7,1160,6,13,13,2,CCS1:C:C(C=NB2:C:C:C([SH](=O)=O):C(NC(C)=O):C:2NC(C)=O):C(N(C)C):C:C:1C,427.4321396000188,18.77045525817639
6218,32,26,6,21,5,7467,38,23,4,21,CCN[SH]1CC(CC)C(Br)C1=NC1(Br)CN([N+](=O)O)CS1=O,427.4321305092446,35.97186142244337
6777,34,7,14,22,15,3505,18,17,5,26,CON1CC(C(=O)O)C(C=CC=CCN2:C:C(C(F)(F)F):S(Cl):C(=O):C:2)(S(=O)(=O)O)C1,427.42535529386004,35.22406480693765
2668,14,17,22,22,7,6527,33,22,19,20,O=C([O][Na])C1C([O][Na])C(N=CC2:C:C(C(F)(F)F):S:C(S(=O)(=O)O):C:2S(=O)(=O)O)C[SH]1S(=O)(=O)O,427.37206888855025,18.418215076776747
471,3,8,8,15,8,9489,48,24,2,2,CC(C)C1S(=CC=C2:N:C:C(N=O):C(N=O):C:2=C(C#N)C#N)CC([SH](=O)=O)[SH]1[SH](=O)=O,427.3658339930263,21.125856426339446
3425,18,5,5,9,11,7118,36,12,17,7,CCN(CC)C1:S:C(Cl):C:N(Cl):C:1C#CC1(O)OCC(C(F)(F)F)C1OC,427.3161579995798,12.700238002079365
8496,43,24,21,2,12,9597,48,25,9,1,CCN(CC)C1SC[SH](=N)(C#CC#CC2:C:C([SH](=O)=O):C(Br):N:N:2C(C)C)C1N(C)C,427.22445235248523,10.343115346934033
5286,27,14,17,22,4,8948,45,9,5,24,CCN(CC)C1:S:S(C=CC2C(S(=O)(=O)O)CN(C(F)(F)F)N2C(=O)O):C:C(C(C)C):C:1Cl,427.19320598982983,29.485295520258404
8883,45,22,26,18,2,1208,7,12,2,25,CCOC(=O)C1:C(C=CC(=O)C2(O):C:C([SH](=O)=O):O:C(=N):C:2):S(S(=O)(=O)O):S:C:C:1=O,427.18808725965584,27.99884007641602
8250,42,6,8,21,19,375,2,23,26,18,CCNC1:C:C(=O):C(C(=O)OCC):C:C:1C(=N)C1:O:S([N+](=O)O):C(N=O):C:C:1Br,427.15525807496533,5.280129658543626
2628,14,8,1,22,14,6696,34,2,23,2,CCNC1CNC(OC2:C:C(N=O):S(N(C)C):C:C:2S(=O)(=O)O)([SH](=O)=O)C1[SH](=O)=O,427.15102756691266,20.1514679482574
5114,26,17,7,11,19,8902,45,1,24,25,COC1CCC(N)(C(=N)S2:C:C(=N):C(C(C)C):C(N(C)C):S:2)[SH]1C(F)(F)F,427.14370750136703,15.469762669554934
5007,26,12,3,16,9,6897,35,4,16,24,CCC1(C2(CN(CC(=O)O)CC(=O)O)SC(O)CC2C)CC(C(C)C)NC1CN(CC(=O)O)CC(=O)O,427.10402539673834,29.455225857777037
2147,11,26,6,24,11,940,5,12,19,12,CC(C)N1:C:C:C(C#CS2:C:C(O):C:C(C(=O)[O][Na]):C:2O):C(=O):C:1[N+](=O)O,427.085166018412,21.467701498616787
2631,14,9,23,2,12,2000,10,25,17,16,CCNC1:S:C(N(CC)CC):C:C(C#CC#CC2:C:C(CN(CC(=O)O)CC(=O)O):N:C(C(F)(F)F):C:2=N):C:1[SH](=O)=O,427.0796480416722,22.00261417382898
9749,49,1,10,21,7,8595,43,2,20,8,CN(C)N1ON(S(=O)(=O)[O][Na])C(Br)C1C=NN1:C:C(N=O):C([O][Na]):C([SH](=O)=O):N:1,427.0205831305678,23.234431902215686
1151,6,22,23,26,7,9486,48,10,24,21,CCNC1:C:B(S(=O)(=O)O):C(C=N[SH]2CC(Br)[SH](C(C)C)C2S(=O)(=O)[O][Na]):C(=O):C:1,427.00256740599855,17.03141429381252
8851,45,25,1,1,14,7074,36,18,14,12,CCOC(=O)C1(OC2:C(N(C)C):C(N(C)C):C:S:S:2=N)OC(C(=O)O)CC1O,427.0017137267234,15.779885214591422
4089,21,13,1,1,1,4051,21,24,22,1,CC(=O)NS1:C(N(C)C):C:S:C(N(C)C):C:1N=NS1:C:C(N(C)C):S:C(S(=O)(=O)O):C:1C(C)C,426.99891571647584,25.685870907966354
5874,30,13,6,21,11,9559,48,5,23,8,CCNC1[SH](N=O)CCS1(Cl)C#CC1NC(NC(C)=O)N([N+](=O)O)C1Br,426.9846323565961,19.62918455920775
2993,15,1,26,20,7,5808,30,16,17,9,CCN(CC)C1CN(C(F)(F)F)C(CN(CC(=O)O)CC(=O)O)N1N=CC1:C(N(C)C):S:C:C(=O):C:1[O][Na],426.9763758802157,23.876669404835738
4107,21,10,22,9,12,289,2,4,1,4,CCC1:C:C(C#CC#CC2:C:S(N(CC)CC):C(S(=O)(=O)O):C:S:2S(=O)(=O)[O][Na])(CC):C:C:C:1N(C)C,426.9559836290679,24.541393371961313
8949,45,5,12,22,2,3281,17,14,18,12,CCOC(=O)C1:O:C(O):C:N(C(=O)C=CC2:C(S(=O)(=O)O):C(O):C:S:S:2Cl):C:1C(=O)O,426.8666545235677,22.875277667174384
1909,10,10,12,8,19,862,5,26,2,12,N=C(C1:C:C(S(=O)(=O)[O][Na]):C(O):N:C:1N=O)S1:C:C:C(O):C([SH](=O)=O):C:1=O,426.8595393463373,34.386926409414194
7237,37,7,26,15,20,5780,29,12,17,12,COC1C(=O)OC(=C(C#N)C#N)C1C=C(C)C=CS1(O)NC(C(F)(F)F)CC1O,426.8456932391344,17.856609871605517
6572,33,24,25,3,4,6422,33,22,18,8,CCOC(=O)[SH]1CC(N=O)C(C=CC2(C)CC(C(C)C)SC2=N)(S(=O)(=O)O)C1,426.7668293841214,19.128239950827886
331,2,1,14,18,8,5042,26,7,7,5,CCOC(=O)C1:C:C(C(=O)O):C(N(C)C):C(=CC=[SH]2(OC)C(Cl)CCC2OC):C:1,426.7382851031874,15.194517645029904
5799,29,15,14,15,9,4438,23,24,11,22,CC(C)C1(C2C(=C(C#N)C#N)CN(C(=O)O)S2=C(C#N)C#N)CC(N)CC1S(=O)(=O)O,426.70762917371195,33.930240675235524
5836,30,19,21,19,9,2290,12,5,25,1,CN(C)C1:C:C:C(Cl)(C2CN(C(=O)[O][Na])C(Br)N2C(=O)[O][Na]):N:C:1=N,426.700317021743,18.67375079683251
9067,46,17,24,11,5,8886,45,10,18,11,CCOC(=O)C1:C(N):C:C:S(=NC2:O:C(C(F)(F)F):N:C(C(C)C):C:2N):S:1S(=O)(=O)[O][Na],426.69665607611677,26.90499460581823
839,5,13,20,22,19,2165,11,12,24,26,CC(=O)NS1:C([O][Na]):C:C:C(S(=O)(=O)O):C:1C(=N)C1:C:C(=O):C(C(C)C):N(O):C:1,426.634878840796,26.368463141924124
2127,11,18,26,18,16,6393,32,26,11,14,CCOC(=O)C1:C:C(C=CC=CC=C[SH]2(=O)CCN(C(=O)O)C2N):C(C(=O)OCC):C(=O):N:1,426.59852563381276,19.782233091090955
4101,21,16,14,24,14,2653,14,1,21,17,CC(C)C1:S:C(C(=O)O):C:S(CN(CC(=O)O)CC(=O)O):C:1OC1(N(C)C):C:C:C:S(C(F)(F)F):C:1Br,426.5931223352053,20.852328177692044
1960,10,21,13,10,9,1905,10,7,13,5,COC1(C2:C:N(S(=O)(=O)[O][Na]):C(NC(C)=O):C:C:2Br):C:C(Cl):N:C:C:1NC(C)=O,426.52578204097426,24.486409830282287
1753,9,25,11,5,14,7478,38,10,19,2,N=C1:O:C:C(OC2C([SH](=O)=O)C(C(=O)[O][Na])C[SH]2S(=O)(=O)[O][Na]):C(Cl):C:1N,426.47723794581964,17.185131693897656
8808,45,4,19,8,19,1130,6,20,20,10,CCS1:S:C(C(=O)[O][Na]):C:C(N=O):C:1C(=N)B1:C:C([O][Na]):C([O][Na]):C(S(=O)(=O)[O][Na]):C:1,426.4266742069387,23.133011398258436
9663,49,13,22,22,6,5197,26,6,12,26,CC(=O)NN1ONC(C=[SH]2([N+](=O)O)CCC(O)C2=O)(S(=O)(=O)O)C1S(=O)(=O)O,426.40938003049934,24.211503569459698
5307,27,9,26,26,13,4587,23,4,26,11,CCC1CC(=O)C(N)C1C=CC=CC1NN(N(CC)CC)C(=O)C1=O,426.3522476105527,7.270197216852701
2864,15,11,16,16,10,9522,48,5,10,6,NS1:C:C(=[SH]2(Cl)CC[SH]([N+](=O)O)C2S(=O)(=O)[O][Na]):C(CN(CC(=O)O)CC(=O)O):C:C:1CN(CC(=O)O)CC(=O)O,426.32714186537913,28.79131244910225
827,5,18,21,2,11,7061,36,11,3,22,CCOC(=O)S1:C(Br):C:C:C([SH](=O)=O):C:1C#CC1(N)OCC(C)C1S(=O)(=O)O,426.2841636621507,25.990250814431068
6064,31,4,6,13,13,1985,10,23,1,24,CCNC1(C=CC=CC2(NC(C)=O)OCN(CC)C2[N+](=O)O):C:C(C(C)C):N:C(N(C)C):C:1,426.2375045882569,18.499619713288197
3168,16,12,2,15,19,1137,6,5,9,17,CCN(CC)C1:C(C(F)(F)F):C:C:B(C(=N)C2:C(=C(C#N)C#N):N:C([SH](=O)=O):C:N:2O):C:1Cl,426.21449851145246,13.49824521990613
3197,16,17,11,21,13,4222,22,15,7,11,COC1=C(N)C=C(C=CC=CC2:N:C:C(C(F)(F)F):N(N):C:2Br)C1=C(C#N)C#N,426.19523226015764,20.595062060861967
2908,15,23,21,20,14,237,2,10,26,8,CCNC1:S:C(Br):C:C([O][Na]):C:1OC1(S(=O)(=O)[O][Na]):C:C:C(=O):C(N=O):C:1,426.1931168270359,21.133514379030775
2499,13,2,21,2,11,1913,10,24,15,8,CC(C)C1(C#CC2:C:S([SH](=O)=O):C:C(Br):C:2[SH](=O)=O):C:C:N(N=O):C:C:1=C(C#N)C#N,426.1776997165781,23.2296223811069
4521,23,14,26,12,14,6343,32,22,18,20,CCOC(=O)C1NC([O][Na])CS1(OC1(O)CC(C(=O)O)CC1=O)S(=O)(=O)O,426.1133874893033,28.03075688386814
5279,27,13,25,8,13,7270,37,9,8,22,CCN(CC)C1OC(N=O)C(S(=O)(=O)O)C1C=CC=CC1(N=O)CC(=N)N(NC(C)=O)N1,426.0931079381165,23.723830331357927
1061,6,12,2,3,4,1160,6,13,13,2,CC(=O)NC1:B(C=CC2:B(O):C([SH](=O)=O):C:C:C:2C):C:C:C([SH](=O)=O):C:1NC(C)=O,425.9821815352749,16.22861715720133
1366,7,7,8,21,4,2668,14,17,22,22,COC1:C:C(N=O):O:C(Br):C:1C=CC1:C:C(S(=O)(=O)O):C(S(=O)(=O)O):S:C:1C(F)(F)F,425.97044608807727,21.676229530518814
1828,10,24,21,9,11,4524,23,5,13,13,CCN(CC)N1:C:C(C#CC2(Cl)C(NC(C)=O)CCC2NC(C)=O):C(C(C)C):C:C:1Br,425.94980666431354,21.261885296008366
6643,34,2,22,9,19,6382,32,18,9,12,CCOC(=O)S1(C(=N)C2(N(CC)CC)CCN(S(=O)(=O)O)C2[SH](=O)=O)CNC(N(CC)CC)C1O,425.9409956422687,15.78160218993857
5717,29,7,9,9,19,5393,27,1,4,11,CCC1CC(N)N(C(=N)C2C(N(CC)CC)CN(N(CC)CC)[SH]2OC)N1N(C)C,425.89398175512395,21.57369536407136
2708,14,7,19,11,9,807,5,11,26,10,COC1:C:C(S2(N):C:C:C(S(=O)(=O)[O][Na]):C(=O):C:2):C:C(N):S:1C(=O)[O][Na],425.8871136205806,28.87765690541288
6574,33,18,23,17,12,6475,33,23,22,14,CCN[SH]1CC(C#CC#CC2(NCC)CC(C(=O)O)[SH](S(=O)(=O)O)C2)(C(F)(F)F)CC1C(=O)OCC,425.88255852766224,4.6322901883355065
3479,18,19,7,15,12,9000,45,23,13,16,CCNS1(C#CC#CC2:C:S(=C(C#N)C#N):C(OC):C:N:2C(=O)[O][Na]):C:C:C(CN(CC(=O)O)CC(=O)O):C:S:1NC(C)=O,425.83435226554474,32.035946868576595
9017,46,3,11,6,7,5628,29,18,22,16,CCOC(=O)N1C(S(=O)(=O)O)C(CN(CC(=O)O)CC(=O)O)C[SH]1N=CC1:O:C:N(C):C(N):C:1[N+](=O)O,425.7993634020472,16.370696601890774
8527,43,23,22,24,4,8745,44,15,11,2,CCNN1:N:C(C=CN2:C:C:C([SH](=O)=O):C(N):S:2=C(C#N)C#N):C(C(C)C):C:C:1S(=O)(=O)O,425.7975588256407,20.90938599191668
3949,20,23,2,11,2,2351,12,17,23,6,CCNC1:C:C([N+](=O)O):C:C(C(=O)C=CC2:C:S(N):C([SH](=O)=O):C(NCC):O:2)(C(F)(F)F):N:1,425.7600666636757,16.051419936703848
2330,12,21,6,13,4,1501,8,9,7,22,CCN(CC)C1:O:C(OC):C(S(=O)(=O)O):C:C:1C=CC1:C:C:C(NC(C)=O):N([N+](=O)O):C:1Br,425.75464745222024,15.043152689954429
8932,45,7,16,7,10,2652,14,16,10,12,COC1:C:C:C(=C2:C:C(O):C(S(=O)(=O)[O][Na]):S:C:2CN(CC(=O)O)CC(=O)O):S(OC):S:1CN(CC(=O)O)CC(=O)O,425.74580902335555,34.68732999042643
9059,46,6,7,25,14,5256,27,19,1,25,CON1:C:C(=N):C(ON2NC(C(=O)[O][Na])C(N(C)C)C2=N):O:C:1[N+](=O)O,425.72612362568555,28.970683078752955
2214,12,6,17,16,10,9491,48,14,21,7,COC1C[SH](C(=O)O)(=C2:C(CN(CC(=O)O)CC(=O)O):C:C:N(C(F)(F)F):C:2[N+](=O)O)C(Br)S1,425.65012490256913,20.130206935050165
2418,13,24,5,23,9,1826,10,5,20,22,CCNC1:C(C2(Cl):C:C(S(=O)(=O)O):N:C:C:2[O][Na]):C(C(C)C):C:C:S:1Cl,425.63748896130403,21.96297076386306
1763,9,5,4,9,12,2016,11,5,1,7,CCC1:O:C(Cl):C(C#CC#CC2:C:C(OC):C(N(C)C):N:C:2Cl):C:C:1N(CC)CC,425.63574125821043,9.70104342329578
1963,10,12,16,11,4,2058,11,8,16,3,CC1:C:N(CN(CC(=O)O)CC(=O)O):C:C(C=CC2:C:C(O):C:N(CN(CC(=O)O)CC(=O)O):C:2N)(N=O):C:1,425.619896884654,27.329304992821005
8710,44,3,24,22,8,8837,45,14,22,2,CC(C)C1:C:C(S(=O)(=O)O):C(=CC=S2(C(=O)O):C:C([SH](=O)=O):C:C(S(=O)(=O)O):S:2):N:S:1C,425.5993695848083,16.56067731242945
1422,8,18,21,7,19,6459,33,13,23,9,CCNC1SC(N(CC)CC)CC1(NC(C)=O)C(=N)C1:C:C(C(=O)OCC):O:C(Br):C:1OC,425.5688885723951,12.536231699534916
1665,9,17,21,20,14,6738,34,4,6,25,CCC1(OC2:C([O][Na]):C:C(Br):O:C:2C(F)(F)F)CC(=N)CN1[N+](=O)O,425.5448451266349,14.329672722014255
535,3,3,5,18,1,1866,10,20,19,26,CCOC(=O)C1:C(Cl):C:C(C):N:C:1N=NC1([O][Na]):C:C:N(C(=O)[O][Na]):C(=O):C:1,425.4920080140581,29.10975351914568
2098,11,25,13,3,1,6484,33,1,6,15,CC(=O)NC1:N:C(C):C:C(N=NC2(N(C)C)CC(=C(C#N)C#N)[SH]([N+](=O)O)C2):C:1=N,425.30602831002443,18.297138958333786
6166,31,6,17,8,17,2240,12,6,21,26,O=NC1(C=CC=CC=CC=CC2([N+](=O)O):C:C(=O):C:C:N:2Br)OC([N+](=O)O)NC1C(F)(F)F,425.28847864035214,22.028409111467255
9520,48,23,22,3,7,3463,18,24,26,8,CCN[SH]1C[SH](S(=O)(=O)O)CC1(C)C=NN1:C:C:S(N=O):C(=O):C:1C(C)C,425.2682711021447,24.655859118233437
6196,31,14,7,3,13,3484,18,24,14,16,COC1NC(C(=O)O)OC1(C)C=CC=CN1:C:C:S(CN(CC(=O)O)CC(=O)O):C(C(=O)O):C:1C(C)C,425.2603284608966,19.688853490158866
4099,21,5,21,8,1,6609,34,12,21,16,O=NS1:C:C(N=NC2(O)NC(Br)CC2CN(CC(=O)O)CC(=O)O):S:C(Cl):C:1Br,425.2242632577269,23.362667384670125
1076,6,10,18,5,9,2686,14,24,13,19,CCOC(=O)C1:C:C(S(=O)(=O)[O][Na]):B:C(C2(C(C)C):C:C:C(C(=O)[O][Na]):S(NC(C)=O):C:2):C:1Cl,425.1567272408198,30.103545484174788
7366,37,14,2,18,11,4064,21,10,12,18,CCOC(=O)S1:C:C:S(C#CC2(C(=O)OCC)COC([SH](=O)=O)C2C(=O)O)(S(=O)(=O)[O][Na]):C:C:1O,425.13962455889634,33.93762212808747
9754,49,8,6,4,13,1933,10,15,4,17,CCC1:C(=C(C#N)C#N):C(C=CC=CC2C(CC)N([N+](=O)O)ON2N=O):C:C:N:1C(F)(F)F,425.138300978812,33.28246281619351
9128,46,13,1,22,4,5012,26,5,19,6,CC(=O)NC1:O:C(C=CS2(Cl)CC(C(=O)[O][Na])C([N+](=O)O)C2):C:C(S(=O)(=O)O):N:1N(C)C,425.0718311959331,29.036637644142036
218,2,21,25,5,1,7535,38,10,3,1,CC1CC(N(C)C)C(N=NC2:C:C(Br):C:C(=N):C:2Cl)(S(=O)(=O)[O][Na])S1,425.0339426439509,29.47958606608879
2971,15,18,12,15,18,9572,48,21,6,21,CCOC(=O)S1:C:C(NCS2(Br)CSC([N+](=O)O)C2Br):C(=C(C#N)C#N):C:C:1O,425.0215476064065,21.97610253740489
5081,26,24,26,6,9,2830,15,9,2,15,CCN(CC)C1(C2([N+](=O)O)CC(=O)C(C(C)C)S2):C:C(=C(C#N)C#N):C:C([SH](=O)=O):S:1,425.0171500576067,9.65056480016308
1074,6,11,7,5,20,8553,43,6,22,13,COC1:C:B(N):C(C=C(C)C=CN2:C:C:C(NC(C)=O):C(S(=O)(=O)O):N:2[N+](=O)O):C(Cl):C:1,424.99416011731194,28.06892983927707
4133,21,6,12,26,12,4003,21,2,4,16,CCS1:C(CN(CC(=O)O)CC(=O)O):C:S(C#CC#CC2:C:S(=O):C(O):C:S:2[N+](=O)O):C:C:1[SH](=O)=O,424.9932718930062,31.614417010007767
8940,45,15,5,25,9,5109,26,3,13,1,CC(=O)NC1C(N(C)C)CCS1(C)C1:C(=N):C:C(Cl):S:S:1=C(C#N)C#N,424.9853309775743,33.06997891818248
1292,7,17,4,5,20,2137,11,26,17,2,CCC1:C(Cl):O:C:C(C=C(C)C=CC2:C:C([SH](=O)=O):C(C(F)(F)F):N:C:2=O):C:1C(F)(F)F,424.96710856260853,21.83843496037183
8407,43,23,11,23,9,5609,29,8,9,8,CCNC1:C:C(N):N(NCC):N:C:1S1(N=O)C(N=O)CCN1N(CC)CC,424.9589862108084,19.00367743762202
6829,35,21,6,16,10,6924,35,14,2,12,O=C(O)CN(CC(=O)O)CC1C(=C2CN(C(=O)O)C([SH](=O)=O)C2O)CC(Br)N1[N+](=O)O,424.94868722238317,27.84752002118356
390,2,1,22,5,2,1917,10,4,1,23,CCNC1:C:C(CC)(C(=O)C=CC2:C:C:C(Cl):C(S(=O)(=O)O):C:2N(C)C):C(N(C)C):C:N:1,424.91883249092405,15.651085513810454
1014,6,1,24,6,18,5194,26,26,6,3,CC(C)C1:C(N(C)C):C:B:C(NC[SH]2(=O)C(C)CCC2[N+](=O)O):C:1[N+](=O)O,424.91395751914195,3.555013805167471
8925,45,3,17,26,19,1912,10,1,9,5,CCN(CC)C1:C:C(C(=N)C2:S:S:C(C):C(C(F)(F)F):C:2=O)(N(C)C):C:C(Cl):N:1,424.9065749114423,22.070857438930553
2588,13,24,3,8,9,2017,11,10,11,14,CC1:C:C(C(C)C):C(C2(S(=O)(=O)[O][Na]):C:C:C(C(=O)O):N(N):C:2):C:S:1N=O,424.8968897247258,31.71929909933326
8524,43,14,3,18,10,2776,14,25,10,25,CCOC(=O)C1:C:C(=C2:C:C(=N):C(S(=O)(=O)[O][Na]):S(=N):C:2):N(C(=O)O):N(C):C:1,424.88210005618066,20.156100374943794
959,5,21,8,26,9,984,5,16,1,2,CN(C)C1:C(CN(CC(=O)O)CC(=O)O):C:S(C2:S:C(Br):C(N=O):C:C:2=O):C:C:1[SH](=O)=O,424.8207319348421,12.98058590487664
8801,45,10,20,3,12,1539,8,6,13,20,CC(=O)NC1:O:C:C([O][Na]):C:C:1(C#CC#CC1:S:S(S(=O)(=O)[O][Na]):C([O][Na]):C:C:1C)[N+](=O)O,424.7941851652895,24.561517979563142
8219,42,8,18,8,17,5319,27,11,18,12,CCOC(=O)C1:C(N=O):C:C(C=CC=CC=CC=CN2C(O)C(C(=O)OCC)CN2N):O:S:1N=O,424.7910997487408,34.58603851858728
2351,12,17,23,6,7,9493,48,12,3,11,CCNC1:C:C([N+](=O)O):C(C=N[SH]2CC(N)[SH](C)C2O):C(C(F)(F)F):N:1,424.74111509250207,19.180507759203802
6582,33,22,24,9,11,4170,21,16,2,6,CCN(CC)C1C(C#CS2(CN(CC(=O)O)CC(=O)O):C:C:S([SH](=O)=O):C([N+](=O)O):C:2)CC(S(=O)(=O)O)[SH]1C(C)C,424.5822888013461,31.23484590407067
8593,43,5,5,23,12,6273,32,1,22,25,CCNC1:C:C(C#CC#C[SH]2C(=N)C(S(=O)(=O)O)NC2N(C)C):N:N(Cl):C:1Cl,424.56353015428357,15.290945953831919
7050,36,14,13,12,11,446,3,24,24,10,CC(=O)NC1OC(C(=O)O)C(C#CN2:C:C(S(=O)(=O)[O][Na]):C:C(C(C)C):C:2C(C)C)C1O,424.5517015534866,32.13737942273367
4040,21,18,9,3,10,2786,14,8,6,23,CCNC1:C:C(=C2:S:C(C(=O)OCC):C:S(N(CC)CC):C:2C):C(N=O):S([N+](=O)O):C:1,424.5244880947208,15.557886793407262
4065,21,13,1,3,5,4026,21,21,8,17,CC(=O)NC1:S:C(N=S2:C:C(C(F)(F)F):S(N=O):C:C:2Br):C(C):S:C:1N(C)C,424.5154598798139,23.731957695368635
562,3,18,5,23,19,1404,8,22,2,20,CCNC1:C:C:C(C(=N)C2(S(=O)(=O)O):C:C([O][Na]):C:O:C:2[SH](=O)=O):N(C(=O)OCC):C:1Cl,424.51293653117193,27.962480395953865
3108,16,26,5,10,10,9541,48,6,1,20,CN(C)C1SC([O][Na])C[SH]1(=C1:N:C:C(=O):N(Cl):C:1S(=O)(=O)[O][Na])[N+](=O)O,424.47547649479066,22.105656852065582
1312,7,21,11,21,14,7557,38,10,14,21,NC1:C(Br):O:C:C(OC2(S(=O)(=O)[O][Na])CCC(Br)[SH]2C(=O)O):C:1Br,424.422210971802,26.579960918487025
1067,6,3,16,12,11,1851,10,24,23,14,CCNN1:C:C(C(C)C):C(C#CC2:B:C(C):C(CN(CC(=O)O)CC(=O)O):C(O):C:2):C:C:1C(=O)O,424.404451318519,26.75110053962194
1709,9,8,11,2,20,8919,45,4,6,6,CCS1:C([N+](=O)O):C:C([N+](=O)O):C:S:1C=CC(C)=CC1:C(N=O):O:C:C(N):C:1[SH](=O)=O,424.34980751958864,25.186419039186937
8849,45,21,14,8,11,7534,38,26,25,14,N=C1C(=O)SC(C#CC2:S:S:C(Br):C(C(=O)O):C:2N=O)C1C(=O)O,424.3027106444791,16.187883845400904
4081,21,21,5,19,18,6290,32,5,7,14,CON1CS(Cl)(CNC2:C(C(=O)[O][Na]):S:C(Cl):C:S:2Br)CC1C(=O)O,424.2696007982828,30.206831066108162
1272,7,20,19,7,12,5273,27,24,25,6,COC1:O:C:C(C(=O)[O][Na]):C([O][Na]):C:1C#CC#CN1NC(C(C)C)C(=N)C1[N+](=O)O,424.25297288082675,19.14721900011237
2589,13,4,21,23,8,2177,11,5,17,17,CCNC1:C(=CC=C2:C:C(C(F)(F)F):C:N(C(F)(F)F):C:2Cl):C:C(CC):C:S:1Br,424.23359093446453,21.77477269511926
396,2,5,1,26,19,2306,12,16,8,16,CN(C)C1:C:C:C(Cl):C(C(=N)C2:C:C(CN(CC(=O)O)CC(=O)O):C(N=O):C:N:2CN(CC(=O)O)CC(=O)O):C:1=O,424.22777961784084,23.99640073437317
212,2,3,2,21,7,8991,45,26,15,10,CC1:C:C([SH](=O)=O):C:C(Br):C:1C=NS1(=O):C:C:C(S(=O)(=O)[O][Na]):C:S:1=C(C#N)C#N,424.1944232552481,23.473475097125295
202,2,4,2,18,18,6510,33,13,11,5,CCOC(=O)C1:C:C([SH](=O)=O):C(CC):C:C:1NCC1(NC(C)=O)CC(Cl)[SH](N)C1,424.1836908523681,8.762880776186817
4025,21,12,15,7,14,9492,48,7,11,9,CCN(CC)C1C(N)SC(OC)[SH]1OC1:C:S(OC):C:C(=C(C#N)C#N):S:1O,424.16056479068345,22.7356595468459
5068,26,24,21,12,2,6339,32,14,24,6,CC(C)N1C([N+](=O)O)C[SH](C(=O)C=CC2C(O)CC(Br)[SH]2C(C)C)C1C(=O)O,424.15746426580074,21.751954040674192
6283,32,14,10,24,12,2061,11,11,1,12,CC(C)C1NC(S(=O)(=O)[O][Na])[SH](C(=O)O)C1C#CC#CC1(N):C:N:C(N(C)C):C(O):C:1,424.1317734758517,19.900093527926437
5829,30,8,14,21,19,4130,21,1,3,10,CC1:C:S(C(=N)C2(Br)CN(C(=O)O)CN2N=O)(N(C)C):C:C:S:1S(=O)(=O)[O][Na],424.126991844338,26.568964546100798
815,5,8,21,26,20,5683,29,14,12,26,CC(C=CS1(C(=O)O)NC(O)CC1=O)=CC1:C:C(=O):C(Br):C:S:1N=O,424.00947731950663,16.143920011243612
3954,20,22,15,3,5,7466,38,3,22,21,CC1:S:C(=C(C#N)C#N):C(S(=O)(=O)O):O:C:1N=C1CC(Br)C(S(=O)(=O)O)[SH]1C,423.99132371558255,26.10576631995867
7257,37,13,24,8,1,7528,38,13,21,21,CC(=O)NC1C(C(C)C)OCC1(N=O)N=NC1(NC(C)=O)CCC(Br)[SH]1Br,423.93531888695935,12.613229910875344
2123,11,19,4,11,5,6271,32,21,21,12,CCC1:C(N):C(N=S2CC(O)N(Br)C2Br):C:C:N:1C(=O)[O][Na],423.9286218011913,25.123546805766622
1260,7,10,1,12,19,9581,48,19,7,14,CO[SH]1CC(C(=O)O)[SH](C(=N)C2:C(S(=O)(=O)[O][Na]):C:C(N(C)C):O:C:2O)C1C(=O)[O][Na],423.91732396419985,24.643903215189336
3197,16,17,11,21,18,9414,48,4,7,22,CCS1(CNC2:N:C:C(C(F)(F)F):N(N):C:2Br)CC(S(=O)(=O)O)[SH](OC)C1,423.868583144118,15.085186124206345
5262,27,16,7,18,2,5041,26,17,9,8,CCOC(=O)C1(C=CC(=O)[SH]2CC(N=O)C(N(CC)CC)C2C(F)(F)F)NNC(CN(CC(=O)O)CC(=O)O)C1OC,423.8567234543322,9.931881120388542
4431,23,3,14,19,9,2359,12,17,8,7,COC1:C:C(C2(C(=O)[O][Na])CC(C)C(C(=O)O)C2):N(C(F)(F)F):C:C:1N=O,423.8499636547879,21.220213448452288
377,2,16,9,24,18,1173,6,3,2,14,CCN(CC)C1:C:C(CN(CC(=O)O)CC(=O)O):C:C(NCB2:C:C(C):C([SH](=O)=O):C(C(=O)O):C:2):C:1C(C)C,423.83491118622476,18.665850894502327
3490,18,11,13,23,19,3197,16,17,11,21,CCNC1:S:C(NC(C)=O):C(N):N:C:1C(=N)N1:C:C(Br):N(N):C(C(F)(F)F):C:1,423.8044695511812,18.59424454289264
3889,20,4,6,19,18,7192,36,13,2,24,CCC1:O:C(NCC2(NC(C)=O)OC([SH](=O)=O)CC2C(C)C):C:S(C(=O)[O][Na]):C:1[N+](=O)O,423.80405836926576,32.7965156492349
854,5,8,22,4,2,387,2,5,22,12,CCC1:C(S(=O)(=O)O):C:C(N=O):S:C:1C=CC(=O)C1(Cl):C:C:C(O):C(S(=O)(=O)O):C:1,423.803170570896,29.17045090172512
3728,19,24,1,26,11,2533,13,24,15,2,CC(C)C1:O:C(C#CC2:C:C:S([SH](=O)=O):C(=C(C#N)C#N):C:2C(C)C):C(=O):O:C:1N(C)C,423.7863704266285,13.330377294175578
2531,13,9,9,2,14,2926,15,4,17,5,CCN(CC)C1:C:C(OC2(CC):C:C:C:C(Cl):S:2C(F)(F)F):C([SH](=O)=O):S:C:1N(CC)CC,423.7721716441709,22.80407131814865
9479,48,13,1,10,9,2792,14,25,11,19,CC(=O)NC1SC(C2:C:C(C(=O)[O][Na]):C:S(N):C:2=N)C(S(=O)(=O)[O][Na])[SH]1N(C)C,423.64917511456616,21.319819115364908
3441,18,2,8,21,6,8853,45,14,1,19,CN(C)S1:C(C(=O)[O][Na]):C:C:C:S:1(=CC1:C:S(Br):C(N=O):C:N:1[SH](=O)=O)C(=O)O,423.58599019529976,21.636427382780756
2706,14,22,25,7,14,6455,33,3,10,25,COC1:C:S(=N):C:C(S(=O)(=O)O):C:1OC1(C)C(=N)CSC1S(=O)(=O)[O][Na],423.5244781633302,27.203155592619094
7087,36,2,14,3,1,2496,13,10,18,1,CCOC(=O)S1:C:C:C(N=NC2(C)C(C(=O)O)COC2[SH](=O)=O)(S(=O)(=O)[O][Na]):C:C:1N(C)C,423.51327690301184,41.07648285272851
3023,16,7,10,11,12,6621,34,18,12,26,CCOC(=O)C1(C#CC#CC2:C(N):N:C:C(S(=O)(=O)[O][Na]):N:2OC)CC(=O)C(O)N1,423.50905432570437,24.42363559479962
6407,33,23,5,18,12,6726,34,4,7,5,CCNC1CC(C#CC#CC2(CC)CC(Cl)C(OC)N2)C(C(=O)OCC)[SH]1Cl,423.4648472470866,27.974551458319116
6371,32,19,23,8,14,8914,45,18,11,7,CCNN1C[SH](C(=O)[O][Na])C(N=O)(OS2(C(=O)OCC):C:C(OC):C:C:S:2N)C1,423.46221359757493,17.933372102059423
5819,30,14,10,19,9,1575,8,7,26,2,COC1(C2(C(=O)[O][Na])CNC(S(=O)(=O)[O][Na])N2C(=O)O):C:C([SH](=O)=O):C:O:C:1=O,423.4209627366016,33.55583802527984
574,3,26,19,20,18,2720,14,26,5,11,NC1:C:C(CNC2:N:C(=O):C(C(=O)[O][Na]):C:C:2[O][Na]):C:S(=O):C:1Cl,423.4193884437015,23.65557546896954
626,4,24,1,25,11,2404,13,21,17,15,CC(C)C1:O:C(C#CC2(Br):C:C:S(=C(C#N)C#N):C:C:2C(F)(F)F):C(=N):C:C:1N(C)C,423.41638313434396,18.496689259577167
4856,25,11,10,22,1,2618,14,11,6,1,CN(C)C1:C:C:C(N)(N=NC2(S(=O)(=O)O)CC(S(=O)(=O)[O][Na])C(N)O2):C:S:1[N+](=O)O,423.41157479708534,29.435661293931854
1138,6,9,6,1,4,356,2,9,21,6,CCN(CC)B1:C:C([N+](=O)O):C:C(N(C)C):C:1C=CC1(N(CC)CC):C:C:C([N+](=O)O):C(Br):C:1,423.4049391611661,3.5380026439539494
766,4,7,23,20,9,8986,45,11,11,5,CCNC1:C:C(OC):O:C(S2:C:C(Cl):C:C(N):S:2N):C:1[O][Na],423.3781766047966,20.720766405431913
4443,23,7,18,16,14,8692,44,14,16,3,CCOC(=O)C1CC(CN(CC(=O)O)CC(=O)O)C(ON2:C:C(C):C:C(CN(CC(=O)O)CC(=O)O):S:2C(=O)O)C1OC,423.359401277874,29.368897359381887
6177,31,21,10,20,11,8439,43,6,21,7,COC1:C:N(C#CC2([O][Na])OCN(Br)C2S(=O)(=O)[O][Na]):N:C([N+](=O)O):C:1Br,423.3202383906206,19.65606679170344
2598,13,4,7,5,5,4032,21,17,16,6,CCC1:C(N=S2:C:C([N+](=O)O):S(CN(CC(=O)O)CC(=O)O):C:C:2C(F)(F)F):C:S(Cl):C:C:1OC,423.2182107061155,23.005715214868413
944,5,17,13,3,12,8848,45,17,9,23,CCNC1:C:C:S(C#CC#CC2:C:C(C):C(NC(C)=O):C(C(F)(F)F):S:2)(C(F)(F)F):S(N(CC)CC):C:1,423.2126731175047,20.572173295572334
2136,11,25,4,25,14,6803,35,4,1,25,CCC1:N:C:C(=N):C(OC2(CC)C(=N)CNC2N(C)C):C:1=N,423.21126784979407,32.230958875870094
2258,12,23,9,2,5,2475,13,7,2,24,CCNC1:N:C:C(N=C2:C:C(OC):S([SH](=O)=O):C(C(C)C):C:2):C([SH](=O)=O):C:1N(CC)CC,423.19607881125177,26.028613362027
2142,11,21,18,23,19,2643,14,12,8,20,CCNC1:C(C(=N)C2:C:C:C([O][Na]):S(N=O):C:2O):C:C:N(Br):C:1C(=O)OCC,423.1894425731065,14.97021292995215
8585,43,8,25,2,7,1260,7,10,1,12,CN(C)C1:C:C(N=CC2:C([SH](=O)=O):C:C(=N):N:N:2N=O)(S(=O)(=O)[O][Na]):C:C(O):O:1,423.1830566774282,28.164639348247825
2594,13,25,1,19,6,9547,48,2,14,19,CN(C)C1:S:C(C(=O)[O][Na]):C(C=[SH]2([SH](=O)=O)CC(C(=O)[O][Na])[SH](C(=O)O)C2):C:C:1=N,423.17105175397694,22.325172318574282
5815,30,21,7,11,7,856,5,6,4,3,CCC1:C(C):C:S(N=CC2C(N)N(OC)CN2Br):C:C:1[N+](=O)O,423.15917928683365,14.121922138376101
1413,8,24,18,22,4,1011,6,16,8,17,CCOC(=O)C1:O:C(S(=O)(=O)O):C:C(C=CB2:C:C(CN(CC(=O)O)CC(=O)O):C(N=O):C(C(F)(F)F):C:2):C:1C(C)C,423.15759818716776,25.20440635713353
7421,38,2,8,7,3,210,2,9,4,3,CCC1:C:C:C(C):C:C:1(C=CC(=O)CC(=O)C=CC1(OC)CC(N=O)SC1[SH](=O)=O)N(CC)CC,423.1332334256402,18.130238915387412
2299,12,25,6,19,14,1757,9,12,25,21,N=C1:C:C(Br):C:C(O)(OC2:C:C(C(=O)[O][Na]):C:N([N+](=O)O):C:2=N):O:1,423.09664493133806,13.133008512720709
7318,37,17,26,17,13,5838,30,2,18,6,CCOC(=O)N1C([N+](=O)O)CN(C=CC=CC2(C(F)(F)F)COC(=O)C2C(F)(F)F)C1[SH](=O)=O,423.0671035217426,18.524291354529193
2597,13,6,26,12,16,6520,33,11,25,2,N=C1SC(N)C(C=CC=CC=CC2:C:C([N+](=O)O):C(=O):S(O):C:2)C1[SH](=O)=O,423.05509846480874,37.181411829066704
8444,43,17,3,8,9,3523,18,2,20,26,CC1:C:C(N=O):C(N2:C:C:S(=O):C([O][Na]):C:2[SH](=O)=O):N(C(F)(F)F):N:1,423.0189344381682,20.781799477222386
8987,45,24,4,26,6,4072,21,1,16,16,CCC1:C:C(=O):C(C=S2(N(C)C):C:C:S(CN(CC(=O)O)CC(=O)O):C:C:2CN(CC(=O)O)CC(=O)O):S:S:1C(C)C,423.01686781033203,30.670472111162173
876,5,16,13,2,11,8617,44,4,17,12,CCS1:C(C(F)(F)F):C(O):C:C:N:1C#CC1:C:C([SH](=O)=O):C(NC(C)=O):C:S:1CN(CC(=O)O)CC(=O)O,423.0099001723441,21.209592553391474
6887,35,6,15,5,20,6819,35,1,4,26,CCC1NC(=O)CC1(C=CC(C)=CC1(Cl)C(=C(C#N)C#N)NCC1[N+](=O)O)N(C)C,422.9782917443116,17.481943797260197
3519,18,7,6,16,7,6689,34,7,18,16,CCOC(=O)C1CNC(N=CC2:C(CN(CC(=O)O)CC(=O)O):S([N+](=O)O):C:C:N:2OC)(OC)C1CN(CC(=O)O)CC(=O)O,422.9580274477163,42.364915712624914
2503,13,22,2,10,10,891,5,2,25,23,CCNC1:C:C(=N):C([SH](=O)=O):S(=C2:C:S(S(=O)(=O)[O][Na]):C([SH](=O)=O):C:C:2S(=O)(=O)O):C:1,422.89762927705624,19.727594148568258
3843,20,13,17,26,16,264,2,18,17,25,CCOC(=O)C1(C=CC=CC=CC2:O:C(NC(C)=O):C(C(F)(F)F):S:C:2=O):C:C:C(C(F)(F)F):C(=N):C:1,422.89414290002526,15.608395917958463
5506,28,10,5,5,4,2757,14,14,11,25,N=C1:C:S:C(N):C(C=CC2(Cl)ON(S(=O)(=O)[O][Na])CC2Cl)(C(=O)O):C:1,422.85582532260014,26.3955319466691
9742,49,3,10,18,19,2996,15,24,1,2,CCOC(=O)C1(C(=N)C2(C(C)C):C:C:C([SH](=O)=O):C:S:2N(C)C)CN(S(=O)(=O)[O][Na])ON1C,422.84272970561904,33.81166146997041
6396,32,5,17,13,14,5026,26,24,15,1,CC(=O)NC1(O[SH]2C(C(C)C)CC(=C(C#N)C#N)C2N(C)C)CN(C(F)(F)F)C[SH]1Cl,422.8224005515118,22.73819660503085
8919,45,4,6,6,18,2935,15,8,9,13,CCN(CC)C1:S:C(CNC2:S:S(CC):C([N+](=O)O):C:C:2[N+](=O)O)(N=O):C:C:C:1NC(C)=O,422.7810058386749,12.239804773604561
4165,21,15,5,22,1,6647,34,17,7,20,COC1NC(N=NC2:C:S(S(=O)(=O)O):C(Cl):C:S:2=C(C#N)C#N)(C(F)(F)F)CC1[O][Na],422.7795931256807,38.571510819179785
5770,29,4,18,21,9,2260,12,14,23,18,CCNC1:C(C(=O)OCC):C:C(C2(Br)CC(C(=O)OCC)N(CC)S2):N:C:1C(=O)O,422.7581192541044,17.504079053470495
7752,39,15,21,22,4,6618,34,3,5,2,CC1NC(C=CC2:O:C(=C(C#N)C#N):O:C(Br):C:2S(=O)(=O)O)C([SH](=O)=O)C1Cl,422.7537561634728,33.80445217437469
8879,45,13,1,23,12,5659,29,21,5,16,CCNC1:C:C(C#CC#C[SH]2C(CN(CC(=O)O)CC(=O)O)C(Cl)CN2Br):S(NC(C)=O):S:C:1N(C)C,422.7514699076428,13.465933800054977
8822,45,25,21,18,1,3082,16,23,12,16,CCNC1:C(O):N:C(CN(CC(=O)O)CC(=O)O):C:N:1N=NC1:C:C:C(C(=O)OCC):S(Br):S:1=N,422.7513145212057,17.959549282071123
4041,21,6,2,7,1,6246,32,13,3,1,COS1:C:C(N=NS2(NC(C)=O)C(C)NCC2N(C)C):S([N+](=O)O):C:C:1[SH](=O)=O,422.7469052063396,10.290933652958213
4783,24,1,19,11,18,8842,45,15,24,16,CC(C)C1:S:S(CNC2C(N)C(C(=O)[O][Na])CN2N(C)C)(=C(C#N)C#N):C:C:C:1CN(CC(=O)O)CC(=O)O,422.72709536297,31.9859030939865
6688,34,4,3,1,12,6215,32,14,22,4,CCC1CN(S(=O)(=O)O)C(C(=O)O)[SH]1C#CC#CC1(N(C)C)CC(C)N(CC)C1,422.7170768696089,14.396932619212855
2823,15,2,13,26,1,9595,48,11,25,22,CC(=O)NC1:C:C(=O):C(N=N[SH]2C(N)SC(=N)C2S(=O)(=O)O):C([SH](=O)=O):S:1,422.71134052677854,22.844649012490418
5196,26,8,21,6,19,284,2,4,12,10,CCC1(C(=N)C2CC([N+](=O)O)C(Br)[SH]2N=O):C:C:C(S(=O)(=O)[O][Na]):C:C:1O,422.68837323366904,27.071539358759473
9576,48,1,15,6,9,6272,32,9,6,21,CCN(CC)C1NC([N+](=O)O)C(Br)[SH]1C1([N+](=O)O)CS(=C(C#N)C#N)C(N(C)C)S1,422.6736421618531,19.439089363583594
8819,45,22,6,21,6,6963,35,1,18,8,CCOC(=O)N1CC(N=O)C(=CC2:S:S(S(=O)(=O)O):C([N+](=O)O):C:C:2Br)C1N(C)C,422.6586411676535,25.151636067084535
1259,7,1,22,25,4,5074,26,22,10,14,CN(C)C1:C:C(S(=O)(=O)O):O:C(=N):C:1C=C[SH]1C(C(=O)O)CC(S(=O)(=O)[O][Na])C1S(=O)(=O)O,422.6413892140948,18.150219237663656
4155,21,3,25,14,14,234,2,18,16,11,CCOC(=O)C1(OC2:C:S(C(=O)O):C(=N):C:S:2C):C:C(N):C:C:C:1CN(CC(=O)O)CC(=O)O,422.53970843135556,15.9709976448022
1869,10,24,5,11,12,8879,45,13,1,23,CCNC1:C:C:S(C#CC#CC2:C:C:C(C(C)C):N(Cl):C:2N)(NC(C)=O):S:C:1N(C)C,422.468318132506,15.846591892318315
2035,11,23,24,6,7,9455,48,1,23,1,CCNC1:C:N(C(C)C):C:C([N+](=O)O):C:1C=N[SH]1C(N(C)C)SC(NCC)C1N(C)C,422.43786387198406,12.09378019028795
4001,21,17,9,8,12,2184,11,14,23,21,CCNN1:C:C(Br):C:C(C#CC#CC2:S:C:C(C(F)(F)F):S(N(CC)CC):C:2N=O)(C(=O)O):C:1,422.4270684153383,30.35098200918671
6435,33,5,14,9,2,6818,35,8,2,6,CCN(CC)C1(C=CC(=O)C2(N=O)C([N+](=O)O)CNC2[SH](=O)=O)CSC(C(=O)O)C1Cl,422.363434637177,20.228587710192944
5738,29,19,6,19,5,1872,10,5,6,20,O=C([O][Na])C1C([N+](=O)O)N[SH](C(=O)[O][Na])C1N=C1:C:C(Cl):N([N+](=O)O):C([O][Na]):C:1,422.3009039400822,14.943374015862918
1075,6,12,8,22,13,5111,26,26,12,4,CCC1C[SH](C=CC=CC2:B:C(O):C:C(N=O):C:2S(=O)(=O)O)C(=O)C1O,422.23772896675916,24.724707628963863
7640,39,9,4,12,1,4124,21,17,4,12,CCC1:O:C(N(CC)CC):O:C(N=NS2(C(F)(F)F):C:C(O):S:C:C:2CC):C:1O,422.19255089199424,34.53860837406934
456,3,3,21,8,12,2461,13,23,16,15,CCNC1(C#CC#CC2:N:C(C):C(Br):C:C:2N=O):C:C:S(=C(C#N)C#N):C(CN(CC(=O)O)CC(=O)O):C:1,422.17361183478243,17.489665386901862
1746,9,16,18,21,1,6215,32,14,22,4,CCOC(=O)C1:C(CN(CC(=O)O)CC(=O)O):O:C:C(N=N[SH]2C(CC)CN(S(=O)(=O)O)C2C(=O)O):C:1Br,422.05945720607343,26.366832068293355
2559,13,12,18,18,1,805,5,4,19,6,CCOC(=O)C1:S:C:C(N=NS2:C:C([N+](=O)O):C(C(=O)[O][Na]):C:C:2CC):C(O):C:1C(=O)OCC,422.04386485620773,19.733710630508398
3078,16,6,18,21,7,2018,11,19,2,1,CCOC(=O)C1:C:N:C(Br):C(C=NC2(C(=O)[O][Na]):C:C:C(N(C)C):N:C:2[SH](=O)=O):N:1[N+](=O)O,422.04331785139476,25.95717102296874
2577,13,25,5,12,9,6559,33,24,21,23,CCNC1C[SH](Br)CC1(C1:C:C(=N):C(Cl):S:C:1O)C(C)C,422.02400187996193,20.707530597997604
3017,16,11,24,2,10,872,5,2,10,23,CCNC1:C:C(S(=O)(=O)[O][Na]):C:S(=C2:C([SH](=O)=O):N(C(C)C):C:C:N:2N)([SH](=O)=O):C:1,422.01880095108936,21.44903901897766
6236,32,17,19,11,1,359,2,26,20,12,NC1(N=NC2:C:C(O):C:C([O][Na]):C:2=O)CN(C(=O)[O][Na])C(C(F)(F)F)S1,421.99579164288315,29.163924847622564
5911,30,17,5,3,7,8,1,26,22,21,CC1(C=NC2=CC(=O)C(S(=O)(=O)O)=C2Br)NCN(C(F)(F)F)C1Cl,421.9681076736674,26.47531772606851
8762,44,6,2,18,18,4168,21,16,1,24,CCOC(=O)C1:C:C:C(NCS2:C:C(CN(CC(=O)O)CC(=O)O):S(N(C)C):C(C(C)C):C:2):N([N+](=O)O):S:1[SH](=O)=O,421.9105578400954,30.474279563375568
3573,18,10,10,7,14,1808,10,5,19,24,COS1:C:C(OC2(Cl):C:C(C(=O)[O][Na]):N:C(C(C)C):C:2):N:C(S(=O)(=O)[O][Na]):C:1S(=O)(=O)[O][Na],421.9079226418788,24.691214023466916
1385,7,5,3,4,11,6363,32,9,21,5,CCC1:O:C(C):C(Cl):C:C:1C#CS1(N(CC)CC)C(Cl)CNC1Br,421.8069322281764,19.903251641500763
2418,13,24,5,23,6,2059,11,5,18,26,CCNC1:C(C=C2:C:C:C(=O):N(C(=O)OCC):C:2Cl):C(C(C)C):C:C:S:1Cl,421.7381803479069,21.379686526845102
6696,34,2,23,2,12,2581,13,10,13,1,CCNC1CNC([SH](=O)=O)C1(C#CC#CC1(S(=O)(=O)[O][Na]):C:C:S(N(C)C):C:C:1NC(C)=O)[SH](=O)=O,421.71071965545207,34.504416894041796
3143,16,5,1,20,6,9553,48,6,13,7,COC1C(NC(C)=O)[SH]([N+](=O)O)CS1=CC1:C([O][Na]):N:C(N(C)C):C:N:1Cl,421.70073265974554,23.0487151365647
2772,14,12,10,14,12,549,3,5,12,6,O=C(O)C1:C:S(S(=O)(=O)[O][Na]):C:C(O):C:1C#CC#CN1:C:C([N+](=O)O):C(O):C:C:1Cl,421.65044605220345,26.972042558699634
560,3,13,17,7,13,8912,45,26,8,2,COC1:C:C:C(C(F)(F)F):N(NC(C)=O):C:1C=CC=CS1(=O):C:C:C([SH](=O)=O):C(N=O):S:1,421.57529653718154,26.801889883693896
6207,32,17,21,21,2,8746,44,18,2,18,CCOC(=O)C1:C:N(C(=O)C=CC2(Br)CN(Br)C[SH]2C(F)(F)F):S(C(=O)OCC):C:C:1[SH](=O)=O,421.5480167851475,30.589877873925992
9611,49,12,8,23,8,4193,21,11,22,2,CCNC1C(=CC=S2(N):C:C:S([SH](=O)=O):C:C:2S(=O)(=O)O)N(O)ON1N=O,421.53983834875896,29.736331913482047
5675,29,16,18,18,2,5079,26,8,14,12,CCOC(=O)C1CN(C(=O)OCC)[SH](CN(CC(=O)O)CC(=O)O)C1C=CC(=O)S1(N=O)CCC(C(=O)O)C1O,421.5341988326774,12.11552877073781
2200,11,26,11,12,18,4111,21,15,8,25,N#CC(C#N)=C1:C(N=O):S(=N):C:C:S:1CNC1:C:C(O):N(N):C:C:1=O,421.52089202132026,13.456592691739962
8468,43,11,14,9,4,6755,34,6,3,26,CCN(CC)C1:C(C=CC2NC([N+](=O)O)C(C)C2=O):N:N:C(N):C:1C(=O)O,421.49459957339525,20.055981694330722
2041,11,20,22,15,10,6983,35,26,7,5,COC1NC(=O)C(=C2:C:C([O][Na]):N(S(=O)(=O)O):C:C:2=C(C#N)C#N)C1Cl,421.4871486324552,21.438561003920473
3114,16,7,21,3,12,6239,32,17,11,20,CON1:C(Br):C:N:C(C):C:1C#CC#CS1(C(F)(F)F)CCN([O][Na])C1N,421.4607295531379,21.52139099505051
4758,24,7,14,15,19,7217,37,22,2,12,CON1C(C(=N)C2C(O)C([SH](=O)=O)OC2S(=O)(=O)O)CC(=C(C#N)C#N)C1C(=O)O,421.4521735393149,18.50708304922263
5873,30,24,22,3,6,5100,26,15,5,23,CCNC1CC(Cl)C(=C(C#N)C#N)S1=CC1(C)C(S(=O)(=O)O)NCN1C(C)C,421.4163580023328,19.39943348868374
4837,25,16,11,14,11,363,2,6,2,15,N#CC(C#N)=C1:C:C(C#CC2(C(=O)O)OC(CN(CC(=O)O)CC(=O)O)CC2N):C([N+](=O)O):C([SH](=O)=O):C:1,421.409003076082,25.43510276935973
2885,15,6,3,22,8,6263,32,23,3,23,CCNC1CNC(C)[SH]1(=CC=C1:C:S([N+](=O)O):C(C):C:C:1S(=O)(=O)O)NCC,421.2802348230133,16.351889905299753
2021,11,4,24,17,2,2868,15,3,6,9,CCC1:C:C(C=CC(=O)C2(C):C:C(N(CC)CC):C([N+](=O)O):C:S:2):C(C(F)(F)F):C(C(C)C):N:1,421.2389740822902,10.164242028093604
7579,38,5,8,6,7,2010,11,12,22,20,O=NC1C(Cl)SCC1(C=NC1(O):C:C([O][Na]):C:N:C:1S(=O)(=O)O)[N+](=O)O,421.2121522445938,33.40579792372078
3043,16,8,26,17,14,7439,38,8,10,22,O=NN1:C(OC2(N=O)C(S(=O)(=O)O)CC[SH]2S(=O)(=O)[O][Na]):C:N(C(F)(F)F):C:C:1=O,421.1109157031956,32.648412498942584
2135,11,8,21,15,11,5663,29,17,3,6,CC1CC([N+](=O)O)[SH](C#CC2:C(N=O):C:N:C(Br):C:2=C(C#N)C#N)N1C(F)(F)F,421.03550321565507,15.688833443009775
2285,12,7,5,2,1,2701,14,5,26,20,COC1:N:C:C(N=NC2(Cl):C:C([O][Na]):C:S(=O):C:2):C([SH](=O)=O):C:1Cl,420.99973236633423,36.87362494583421
5170,26,17,9,4,2,7595,38,15,18,4,CCOC(=O)C1CC(CC)C(C(=O)C=CC2(CC)CC(N(CC)CC)C[SH]2C(F)(F)F)S1=C(C#N)C#N,420.99451777815773,14.463257758039514
8724,44,23,19,26,5,228,2,10,2,3,CCNS1:N:C(N=C2:C:C(C):C:C([SH](=O)=O):C:2S(=O)(=O)[O][Na]):C(=O):C:C:1C(=O)[O][Na],420.9724831745437,21.767844950851035
7203,37,26,17,1,6,2955,15,6,17,10,CN(C)C1OC(C(F)(F)F)C(=O)C1C=C1:C:C(S(=O)(=O)[O][Na]):C:C(C(F)(F)F):S:1[N+](=O)O,420.94719449550746,32.68682150065265
2805,15,26,3,2,6,4589,23,20,3,2,CC1CC([SH](=O)=O)C(=CC2:C([SH](=O)=O):C:C:S(C):C:2=O)C1[O][Na],420.92844856202555,26.33950240933889
4036,21,24,22,23,5,4579,23,3,25,21,CCNS1:C:C(N=C2CC(Br)C(=N)C2C):S:C(C(C)C):C:1S(=O)(=O)O,420.9185816394867,24.037918488326728
4889,25,8,21,14,14,3504,18,23,23,13,CCNC1:S:C(NC(C)=O):C:N(OC2(C(=O)O)CC(Br)C(N=O)O2):C:1NCC,420.9034732677883,28.513634986634145
8674,44,22,10,1,7,2437,13,17,10,26,CN(C)C1:C:C(C=NC2(C(F)(F)F):C:C(S(=O)(=O)[O][Na]):S:C(=O):C:2):N:S(S(=O)(=O)O):C:1S(=O)(=O)[O][Na],420.877915892891,21.78841317483586
5171,26,11,22,15,19,1844,10,11,17,6,N#CC(C#N)=C1C(C(=N)C2(N):C:C:N:C([N+](=O)O):C:2C(F)(F)F)[SH](N)CC1S(=O)(=O)O,420.86672728644464,20.4367549285402
4199,21,14,6,18,18,2628,14,8,1,22,CCOC(=O)C1:C(NCC2:C:C(S(=O)(=O)O):C:S(N(C)C):C:2N=O):S:C(C(=O)O):C:S:1[N+](=O)O,420.82552746571463,20.226738271800127
9587,48,22,1,5,9,2070,11,5,8,15,CN(C)[SH]1CC(Cl)(C2:C:C(=C(C#N)C#N):C(N=O):N(Cl):C:2)SC1S(=O)(=O)O,420.81175063953634,31.873059810645614
7687,39,26,1,9,4,6757,34,7,2,5,CCN(CC)C1:C(C=CC2NC(OC)C([SH](=O)=O)C2Cl):O:C(=O):O:C:1N(C)C,420.77840930386554,21.55863005125062
6448,33,21,15,3,18,9477,48,26,21,7,COC1C[SH](Br)C(=O)[SH]1CNC1(C)C(=C(C#N)C#N)SCC1Br,420.7491035220778,30.784474511782285
8526,43,9,11,22,9,4159,21,2,11,2,CCN(CC)N1:C(S2:C:C:S([SH](=O)=O):C(N):C:2[SH](=O)=O):C:C(S(=O)(=O)O):C:N:1N,420.71368174944075,10.44556915500063
2353,12,21,16,1,6,5619,29,11,22,6,CN(C)C1:C:C(C=S2C([N+](=O)O)CC(S(=O)(=O)O)N2N):C(Br):N(CN(CC(=O)O)CC(=O)O):C:1,420.7093892897219,16.228725146824512
5102,26,9,21,2,2,5614,29,18,3,14,CCOC(=O)S1(C(=O)C=CC2([SH](=O)=O)CC(Br)C[SH]2N(CC)CC)C(C(=O)O)CCN1C,420.67308746082637,11.614552485591144
2029,11,9,1,1,11,7277,37,5,13,1,CCN(CC)C1:C(C#CC2(Cl)C(NC(C)=O)OCC2N(C)C):C:C:N(N(C)C):C:1N(C)C,420.6678096999116,18.99810726907879
2973,15,18,26,14,19,6787,34,17,17,13,CCOC(=O)C1:S:C(=O):C:C(C(=O)O):C:1C(=N)C1CC(NC(C)=O)C(C(F)(F)F)N1C(F)(F)F,420.62144543649276,17.655881415363144
1652,9,12,9,2,7,7386,37,4,21,22,CCN(CC)C1:C:C([SH](=O)=O):C(C=NC2(CC)CC(S(=O)(=O)O)OC2Br):C(O):O:1,420.5583226128224,15.112029324327827
6621,34,18,12,26,1,4503,23,25,15,6,CCOC(=O)C1NC(O)C(=O)C1N=NC1C(=N)CC(=C(C#N)C#N)C1[N+](=O)O,420.52949360506443,30.664475485549282
5699,29,6,18,22,12,4741,24,12,3,2,CCOC(=O)C1CC(C#CC#CN2CC(O)C(C)C2[SH](=O)=O)(S(=O)(=O)O)[SH]([N+](=O)O)N1,420.4104676005862,28.340191816268497
7145,36,23,12,12,13,2715,14,5,17,5,CCNC1OC(O)C(O)C1C=CC=CC1:C:C(Cl):C(C(F)(F)F):S(Cl):C:1,420.3185176608302,18.581506775035724
6346,32,2,9,4,18,8990,45,4,17,7,CCN(CC)C1NC([SH](=O)=O)SC1(CC)NCS1(CC):C:C(OC):C(C(F)(F)F):C:S:1,420.29229892118826,19.787306766091852
984,5,16,1,2,11,987,5,21,23,6,CCNC1:C([N+](=O)O):C:C:S(C#CC2:S:C:C(CN(CC(=O)O)CC(=O)O):C(N(C)C):C:2[SH](=O)=O):C:1Br,420.2815550961873,10.485524263811758
2849,15,26,22,14,12,6323,32,9,16,11,CCN(CC)C1N(CN(CC(=O)O)CC(=O)O)CC(N)[SH]1C#CC#CC1:C:C(C(=O)O):C:S(S(=O)(=O)O):C:1=O,420.27926722576393,16.875767376864182
7502,38,21,23,14,4,2640,14,23,7,17,CCNC1:S:C(OC):C(C(F)(F)F):C:C:1C=CC1(C(=O)O)CSC(Br)C1NCC,420.2465411558422,21.49129409666113
8063,41,14,7,4,14,1978,10,26,20,23,CCNN1:C:C:C(OC2:C:C(CC):C(OC):N(C(=O)O):O:2):C(=O):C:1[O][Na],420.24171115233287,16.550702755396323
6589,33,24,18,13,4,8591,43,1,1,18,CCOC(=O)C1:C:C:N(C=CC2(NC(C)=O)C(C(=O)OCC)SCC2C(C)C):N(N(C)C):C:1N(C)C,420.0817272084968,19.3066786656008
5159,26,19,26,1,2,840,5,1,16,24,CC(C)C1:C:C:S(C(=O)C=CC2CC(N(C)C)C(=O)[SH]2C(=O)[O][Na])(N(C)C):C:C:1CN(CC(=O)O)CC(=O)O,420.0813625453355,27.43709020382521
2509,13,7,26,13,14,8967,45,3,13,19,COC1:C:C(=O):S(NC(C)=O):C:C:1OS1(C):C:C(C(=O)[O][Na]):C:C:S:1NC(C)=O,420.00379016009737,18.58113134298948
1879,10,14,13,19,9,6968,35,21,14,7,COC1CN(C(=O)O)C(Br)C1C1:C:C(C(=O)O):C:N(NC(C)=O):C:1C(=O)[O][Na],419.9817627525637,28.621661560163147
2971,15,18,12,15,1,2541,13,8,8,8,CCOC(=O)S1:C:C(N=NC2:C:C(N=O):S:C(N=O):C:2N=O):C(=C(C#N)C#N):C:C:1O,419.9805646366634,21.922637508858408
9450,48,4,9,13,12,6677,34,7,5,22,CCN(CC)C1SCC(C#CC#CC2(OC)CC(S(=O)(=O)O)CN2Cl)(NC(C)=O)[SH]1CC,419.97269972602464,21.76965107745796
3243,17,16,5,13,12,2954,15,12,19,1,CC(=O)NC1:O:C(Cl):C(CN(CC(=O)O)CC(=O)O):N:C:1C#CC#CC1:C:C(N(C)C):C(C(=O)[O][Na]):C:S:1O,419.9495662072147,16.65350100510744
241,2,11,3,23,11,8889,45,9,1,18,CCNC1:C:C:C(C):C(N):C:1C#CS1(N(CC)CC):C:C:C(C(=O)OCC):C:S:1N(C)C,419.9452903766634,14.215510165638868
3930,20,9,1,21,14,6294,32,6,2,2,CCN(CC)C1:O:C(OS2([N+](=O)O)CC([SH](=O)=O)NC2[SH](=O)=O):C:S(Br):C:1N(C)C,419.91124832121676,9.273858924642244
97,1,25,2,24,9,967,5,4,14,3,CCC1:C(C(=O)O):C:C(C):C:S:1C1=C(C(C)C)C=C([SH](=O)=O)C1=N,419.9039176495244,14.471994703899641
1930,10,14,17,23,7,1804,10,13,18,11,CCNN1:C:C(C=NC2:C:C(N):N(C(=O)OCC):C:C:2NC(C)=O):C(C(=O)O):C(C(F)(F)F):C:1,419.89425618746975,7.419424540413671
4582,23,14,21,3,6,1954,10,26,5,19,CC1(C=C2:C:C(C(=O)[O][Na]):N(Cl):C(=O):C:2)CCC(Br)C1C(=O)O,419.88911377390406,26.13489182812784
2935,15,8,9,13,12,4132,21,12,11,3,CCN(CC)C1:S:C(N=O):C(C#CC#CS2(O):C:C:S(N):C(C):C:2):C:C:1NC(C)=O,419.87977795835195,16.217836810199557
301,2,12,14,2,4,2142,11,21,18,23,CCNC1:C:C(C=CC2:C:C(O):C(C(=O)O):C:C:2[SH](=O)=O):C:N(Br):C:1C(=O)OCC,419.87466199926655,14.470111469887556
2372,12,14,17,18,14,2875,15,4,16,9,CCOC(=O)C1:C:C:N(C(F)(F)F):C(C(=O)O):C:1OC1(CC):C:C:C(N(CC)CC):C(CN(CC(=O)O)CC(=O)O):S:1,419.86726888495707,16.955137023652327
8605,44,16,2,24,2,496,3,23,3,7,CCNC1:C(C):C:C(OC):C:N:1C(=O)C=CC1:N:S(CN(CC(=O)O)CC(=O)O):C:C([SH](=O)=O):C:1C(C)C,419.83781114964194,20.006196583886172
6451,33,22,19,8,6,926,5,12,17,21,O=NC1(C=S2:C:C(Br):C:C(C(F)(F)F):C:2O)CC[SH](S(=O)(=O)O)C1C(=O)[O][Na],419.83347603202037,17.608627021791257
1488,8,25,21,21,18,6413,33,24,12,6,CC(C)C1C(CNC2:C:C(Br):O:C(Br):C:2=N)CC([N+](=O)O)[SH]1O,419.7949402401209,19.92789733594036
8598,43,24,16,1,9,8675,44,3,3,1,CC1:C:S(C):N(C2:C:C(N(C)C):C(CN(CC(=O)O)CC(=O)O):N:N:2C(C)C):C:C:1N(C)C,419.76833974864303,22.202534178377327
2891,15,9,4,9,11,5650,29,6,24,7,CCC1:C:C(N(CC)CC):C(C#CS2([N+](=O)O)C(OC)CCN2C(C)C):C(N(CC)CC):S:1,419.7291466479707,21.61095178542019
2536,13,6,15,13,9,3531,18,1,8,11,CC(=O)NS1:C:C(N2:C:C:S(N):C(N=O):C:2N(C)C):C([N+](=O)O):C:C:1=C(C#N)C#N,419.6895360599857,13.34263977872392
6545,33,1,18,14,7,838,5,3,5,11,CCOC(=O)[SH]1CC(N(C)C)C(C=NS2(C):C:C:C(N):C:C:2Cl)(C(=O)O)C1,419.6860390056496,10.187695395470207
1112,6,18,7,1,8,6293,32,8,21,12,CCOC(=O)C1:C:B:C(=CC=S2CN(N=O)C(Br)C2O):C(N(C)C):C:1OC,419.67130822585625,17.876274530823395
7163,36,12,6,21,1,1131,6,9,17,6,CCN(CC)C1:C:C(C(F)(F)F):C([N+](=O)O):C:B:1N=NC1(Br)COC(O)C1[N+](=O)O,419.6041213589726,26.363923002347573
2998,15,25,2,14,19,4151,21,25,3,15,CC1:C:S(=C(C#N)C#N):C:C:S:1(=N)C(=N)C1:C(C(=O)O):C([SH](=O)=O):C:S:C:1=N,419.57487762015865,20.61367151160337
7224,37,24,26,23,12,6324,32,15,7,12,CCNC1(C#CC#C[SH]2(=C(C#N)C#N)CCN(O)C2OC)C(=O)OCC1C(C)C,419.56854007944924,30.56554516312267
2473,13,8,7,21,19,2387,12,19,2,21,COC1:C(N=O):C:C(C(=N)C2(C(=O)[O][Na]):C:C:C(Br):C([SH](=O)=O):N:2):C:S:1Br,419.48725100586563,25.663700034897435
4493,23,17,8,8,20,5084,26,8,16,24,CC(C=CS1(N=O)CCC(C(C)C)C1CN(CC(=O)O)CC(=O)O)=CC1(N=O)CCC(N=O)C1C(F)(F)F,419.48147291643073,18.040247433075283
9032,46,13,23,21,10,6614,34,17,25,3,CCNC1:N:C(NC(C)=O):O:C(=C2CC(C)C(=N)N2C(F)(F)F):C:1Br,419.42322279767177,13.738978990269054
5316,27,4,16,8,19,285,2,7,13,9,CCN(CC)C1:C:C(C(=N)C2(N=O)CC(CN(CC(=O)O)CC(=O)O)NN2CC):C(OC):C:C:1NC(C)=O,419.40889839617523,17.723724180076264
6842,35,12,22,3,7,7590,38,3,11,1,CC1C(C=NC2C(N(C)C)CC(N)[SH]2C)C(O)CN1S(=O)(=O)O,419.32356477521563,22.75357606743734
5520,28,24,24,7,4,4064,21,10,12,18,CCOC(=O)S1:C:C:S(C=CC2(OC)CC(C(C)C)N(C(C)C)O2)(S(=O)(=O)[O][Na]):C:C:1O,419.3087796626123,31.94838478342862
5298,27,21,17,25,6,2901,15,6,20,26,N=C1CC(C=C2:C:C(=O):C([O][Na]):C([N+](=O)O):S:2)N(Br)N1C(F)(F)F,419.3059824529869,23.807184516833967
4660,24,4,18,7,9,814,5,6,3,15,CCOC(=O)C1CCN(CC)C1(OC)S1:C:C([N+](=O)O):C(C):C(=C(C#N)C#N):C:1,419.2958504229517,31.399512357117803
3016,16,13,13,18,12,8960,45,13,1,7,CCOC(=O)C1:N:C:C(NC(C)=O):N(NC(C)=O):C:1C#CC#CS1:C:C(OC):C(N(C)C):C:S:1NC(C)=O,419.26768885333814,24.7065249606642
5532,28,23,3,20,12,8748,44,6,6,6,CCNN1CC(C)C(C#CC#CN2:C:C([N+](=O)O):C:C([N+](=O)O):S:2[N+](=O)O)([O][Na])O1,419.23999795882264,24.253724553442538
6970,35,23,20,2,7,1500,8,4,22,5,CCNC1CC(C=NC2:C:C(Cl):C(S(=O)(=O)O):O:C:2CC)C([SH](=O)=O)N1[O][Na],419.22878109754356,24.950827600393442
6587,33,22,5,1,9,3317,17,7,22,15,COC1:C(S(=O)(=O)O):O:C(=C(C#N)C#N):C:N:1C1(N(C)C)CC(S(=O)(=O)O)[SH](Cl)C1,419.2180952935272,25.418613787998755
4628,24,23,2,2,19,6793,34,24,16,1,CCNN1C([SH](=O)=O)CCC1(C(=N)C1NC(C(C)C)C(CN(CC(=O)O)CC(=O)O)C1N(C)C)[SH](=O)=O,419.2180344858014,19.79092230348859
2703,14,23,25,16,11,5607,29,14,25,22,CCNC1:C:C(C#C[SH]2C(S(=O)(=O)O)C(=N)CN2C(=O)O):C(CN(CC(=O)O)CC(=O)O):C:S:1=N,419.2175664491583,21.344074755835624
1907,10,21,14,5,9,2634,14,16,5,1,CN(C)C1:C:C(C2:C:N(Cl):C:C(C(=O)O):C:2Br):C:S(CN(CC(=O)O)CC(=O)O):C:1Cl,419.211765961995,16.913926672576956
1914,10,26,3,3,16,4666,24,8,26,23,CCNC1CC(=O)C(N=O)N1C=CC=CC=CC1:C:C(=O):C:N(C):C:1C,419.2024827671129,22.69442975550544
421,3,21,22,21,9,7439,38,8,10,22,O=NC1(C2:N:C(Br):C:C(S(=O)(=O)O):C:2Br)C(S(=O)(=O)O)CC[SH]1S(=O)(=O)[O][Na],419.19614275256663,12.442746949881093
2663,14,2,23,9,4,2065,11,18,7,14,CCNS1:C(N(CC)CC):C:C(C=CC2(C(=O)OCC):C:N:C(OC):C(C(=O)O):C:2):C:C:1[SH](=O)=O,419.1866578005605,14.205141335829724
9548,48,13,23,23,18,4042,21,9,23,4,CCNC1SC(NC(C)=O)SC1(NCC)NCS1(N(CC)CC):C:C:S(NCC):C(CC):C:1,419.16989286501575,8.079182611428541
6435,33,5,14,9,1,5041,26,17,9,8,CCN(CC)C1C(N=O)C[SH](N=NC2(N(CC)CC)CSC(C(=O)O)C2Cl)C1C(F)(F)F,419.10634442423304,9.583166911906941
1854,10,5,10,6,7,5007,26,12,3,16,CC1CC(O)[SH](N=CC2:C:C:C(Cl):N(S(=O)(=O)[O][Na]):C:2[N+](=O)O)C1CN(CC(=O)O)CC(=O)O,419.0569784943526,42.643573495142796
5975,30,24,25,6,9,986,5,10,18,7,CCOC(=O)C1:C(OC):C:C:C:S:1(C1CN([N+](=O)O)C(=N)N1C(C)C)S(=O)(=O)[O][Na],418.9972823595866,29.181254358479038
6209,32,8,3,8,6,1734,9,18,8,17,CCOC(=O)C1:O:C(=CC2(N=O)CN(C)C[SH]2N=O):C:C(C(F)(F)F):C:1N=O,418.94758322348326,12.16717091695977
3590,18,22,2,1,6,2427,13,3,12,26,CC1:C:C(=CC2:C(N(C)C):S:C([SH](=O)=O):C:N:2S(=O)(=O)O):C:C(=O):S:1O,418.93457371665835,23.193975375211224
6836,35,2,5,19,14,4496,23,5,12,11,NC1CCC(O)C1(Cl)OC1C(C(=O)[O][Na])N(Cl)CC1[SH](=O)=O,418.9255154947085,26.452499289496707
6560,33,5,19,13,11,1422,8,18,21,7,CCOC(=O)C1:O:C(Br):C(OC):C:C:1C#CC1(NC(C)=O)C[SH](C(=O)[O][Na])CC1Cl,418.91975820690806,25.80970259638437
8532,43,19,3,4,12,1390,7,9,24,4,CCC1:C:C(C#CC#CC2:C(CC):C:C(C):N:N:2C(=O)[O][Na]):C(N(CC)CC):C(C(C)C):O:1,418.90409873652015,22.739704534316964
7461,38,11,2,21,4,1676,9,23,21,8,CCNC1(C=CC2(Br)CC([SH](=O)=O)[SH](N)C2):C:C(N=O):C(Br):C:O:1,418.8875207572581,19.781528639106202
5090,26,21,24,22,18,3418,18,11,19,25,CC(C)C1CC(Br)SC1(NCN1:C:C(N):S(C(=O)[O][Na]):C(=N):C:1)S(=O)(=O)O,418.8808595201135,28.935032208486337
3106,16,19,21,7,4,2493,13,12,3,25,COC1:N:C(Br):C(C(=O)[O][Na]):N:C:1C=CC1(O):C:C:S(=N):C(C):C:1,418.8710089579075,17.460970119675608
815,5,8,21,26,8,5622,29,7,20,11,CO[SH]1(=CC=C2:C:C(=O):C(Br):C:S:2N=O)NCC([O][Na])C1N,418.8598419820628,28.044435543820715
8187,41,9,23,14,11,1862,10,20,6,4,CCNC1:C:C(C(=O)O):C(C#CC2([O][Na]):C:C(CC):N:C([N+](=O)O):C:2):O:N:1N(CC)CC,418.79969110042765,23.061371063059756
8506,43,23,21,26,9,389,2,22,1,19,CCNN1:N:C(C2(S(=O)(=O)O):C:C:C(C(=O)[O][Na]):C:C:2N(C)C):C:C(=O):C:1Br,418.79559397912925,23.769866372614068
7422,38,6,18,19,18,2889,15,10,12,5,CCOC(=O)C1CC(NCC2(S(=O)(=O)[O][Na]):C:C(Cl):C:C:S:2O)(C(=O)[O][Na])C[SH]1[N+](=O)O,418.736085015352,25.70141579107674
2011,11,2,13,2,1,4108,21,17,24,12,CC(=O)NC1:N:C([SH](=O)=O):C:C(N=NS2(C(F)(F)F):C:C:S(C(C)C):C(O):C:2):C:1[SH](=O)=O,418.6603729874578,23.186866219678354
8770,44,5,5,8,7,2391,12,4,23,3,CCNC1:C:N(CC):C(N=CC2:C(N=O):C:C(Cl):S:N:2Cl):C:C:1C,418.6560295949074,18.87731469930237
9011,46,7,6,8,18,4405,23,3,9,20,CCN(CC)C1CC([O][Na])C(CNC2:C:C(N=O):N([N+](=O)O):C(OC):O:2)C1C,418.62776142506647,21.478878556333598
6560,33,5,19,13,7,1909,10,10,12,8,CC(=O)NC1(C=NC2:C:C(N=O):N:C(O):C:2S(=O)(=O)[O][Na])C[SH](C(=O)[O][Na])CC1Cl,418.57968310361684,14.282656721096316
4670,24,14,12,14,2,5188,26,9,6,8,CCN(CC)C1C[SH](C(=O)C=CC2(C(=O)O)CC(O)CN2C(=O)O)C(N=O)C1[N+](=O)O,418.56395649154217,20.868927562334566
9343,47,1,9,21,1,4710,24,24,22,17,CCN(CC)S1:C:C(Br):C(N=NN2C(C(C)C)C(S(=O)(=O)O)CC2C(F)(F)F):O:C:1N(C)C,418.51382318958093,25.618476973497796
5802,30,22,4,22,7,2752,14,6,25,14,CCN1CC(C=NC2([N+](=O)O):C:S:C(=N):C(C(=O)O):C:2)(S(=O)(=O)O)NC1S(=O)(=O)O,418.4432765727776,24.885728514683965
6274,32,18,17,7,12,7580,38,12,14,15,CCOC(=O)C1NC(C(F)(F)F)C(C#CC#CC2(O)C(=C(C#N)C#N)CC[SH]2C(=O)O)(OC)S1,418.26426074208183,13.937161574200358
4784,24,16,14,24,9,124,1,5,26,6,CC(C)C1CC(C(=O)O)N(CN(CC(=O)O)CC(=O)O)C1C1=C([N+](=O)O)C(=O)C=C1Cl,418.2356520604858,19.14454161435141
2483,13,24,25,5,18,395,2,14,11,18,CCOC(=O)C1:C:C(CNC2:C:S:C(Cl):C(=N):C:2C(C)C):C(C(=O)O):C:C:1N,418.1521463237855,13.106516902132725
8879,45,13,1,23,19,1787,9,11,4,22,CCNC1:C:C(C(=N)C2(N):C:C:C(S(=O)(=O)O):C(CC):O:2):S(NC(C)=O):S:C:1N(C)C,418.1364532855503,17.49911738110332
6863,35,3,22,24,1,6443,33,1,8,6,CC(C)C1C(N=NC2(N(C)C)C(N=O)SCC2[N+](=O)O)C(C)CN1S(=O)(=O)O,418.1024632987479,11.372749092078394
8914,45,18,11,7,14,1806,10,2,1,15,CCOC(=O)S1:C(OC2([SH](=O)=O):C:C(=C(C#N)C#N):N:C:C:2N(C)C):C(OC):C:C:S:1N,418.05879733785116,12.798901439784
413,3,1,6,4,13,5175,26,25,8,17,CCC1:C:C(C=CC=C[SH]2CC(C(F)(F)F)C(N=O)C2=N):N(N(C)C):C:C:1[N+](=O)O,418.0547756501608,23.73973746740208
2223,12,7,9,7,7,7544,38,5,11,11,CCN(CC)C1:N:C(OC):C(C=NC2CC(N)C(N)[SH]2Cl):C:C:1OC,418.02146961371653,7.629783903206556
5196,26,8,21,6,6,948,5,26,4,16,CCC1:C:C(CN(CC(=O)O)CC(=O)O):C:C:S:1(=O)=CC1CC([N+](=O)O)C(Br)[SH]1N=O,418.01172444156737,13.51176169855639
2221,12,25,26,22,2,5727,29,13,3,14,CC(=O)NS1(C(=O)C=CC2:C:C(S(=O)(=O)O):C(=O):N:C:2=N)CCC(C(=O)O)N1C,417.99188917222966,14.292393944933488
2332,12,22,2,8,4,8455,43,6,25,12,N=C1:C:N([N+](=O)O):N(C=CC2:C(S(=O)(=O)O):N:C:C([SH](=O)=O):C:2N=O):C:C:1O,417.9358771532773,25.27669869756235
3191,16,9,14,2,8,7575,38,25,12,24,CCN(CC)N1:C(C(=O)O):C:N([SH](=O)=O):C:C:1=CC=C1SC(=N)C(O)C1C(C)C,417.8990099054005,22.051301721395884
7192,36,13,2,24,1,4011,21,1,11,3,CC(=O)NC1OC([SH](=O)=O)CC1(N=NS1(N(C)C):C:C(C):S:C(N):C:1)C(C)C,417.89022987540613,6.59019003457854
9701,49,18,4,11,9,393,2,4,15,17,CCOC(=O)N1ON(CC)C(N)C1C1(CC):C:C:C(C(F)(F)F):C:C:1=C(C#N)C#N,417.88950382734566,14.082142333780034
2036,11,14,18,8,6,9578,48,15,9,3,CCOC(=O)N1:C:C(N=O):C(C=S2(=C(C#N)C#N)CC[SH](C)C2N(CC)CC):C(C(=O)O):C:1,417.8865135434651,18.067729585020473
7589,38,19,6,3,11,384,2,10,7,13,COC1:C:C(NC(C)=O):C:C:C:1(C#CC1C(C(=O)[O][Na])SC([N+](=O)O)C1C)S(=O)(=O)[O][Na],417.8853705626787,29.51533992545677
9350,47,14,5,7,11,1853,10,5,8,20,COC1:C(C#CC2(Cl):C:C:N(N=O):C([O][Na]):C:2):O:C:S(C(=O)O):C:1Cl,417.8602163426387,20.54997198529572
4921,25,5,24,17,11,4165,21,15,5,22,CC(C)C1CC(Cl)OC1(C#CS1(=C(C#N)C#N):C:C:S(S(=O)(=O)O):C(Cl):C:1)C(F)(F)F,417.8152868430323,22.45138871042952
241,2,11,3,23,10,940,5,12,19,12,CCNC1:C:C:C(C):C(N):C:1=S1:C:C(O):C:C(C(=O)[O][Na]):C:1O,417.7918141257445,18.2418572476023
3069,16,22,21,17,11,8882,45,18,6,1,CCOC(=O)S1(C#CC2:N:C(S(=O)(=O)O):C(Br):N:C:2C(F)(F)F):C:C:C(N(C)C):C:S:1[N+](=O)O,417.78745334693195,25.51936914764206
4805,25,13,24,20,18,579,3,17,15,3,CC(=O)NC1COC(NCN2:C:C:C(C):C(=C(C#N)C#N):C:2C(F)(F)F)([O][Na])C1C(C)C,417.7636925940782,17.614465612360167
6435,33,5,14,9,1,254,2,17,23,13,CCNC1:C:C(NC(C)=O):C:C:C:1(N=NC1(N(CC)CC)CSC(C(=O)O)C1Cl)C(F)(F)F,417.72941864051006,16.915401753870714
2990,15,18,1,4,9,970,5,18,14,16,CCOC(=O)C1:C(S2(C(=O)OCC):C:C(CN(CC(=O)O)CC(=O)O):C:C:C:2C(=O)O):C(CC):C:C:S:1N(C)C,417.71621129482827,17.463972217864644
9411,48,10,14,23,12,909,5,7,6,20,CCNC1(C#CC#CS2(OC):C:C:C:C([O][Na]):C:2[N+](=O)O)SC[SH](S(=O)(=O)[O][Na])C1C(=O)O,417.7132736391519,25.69655995242223
335,2,6,25,3,1,6515,33,14,19,22,CC1:C:C(=N):C([N+](=O)O):C:C:1N=NC1C[SH](C(=O)O)C(C(=O)[O][Na])C1S(=O)(=O)O,417.69520868136885,33.619962578406984
5883,30,11,23,21,6,901,5,1,24,8,CCNN1CN(N)C(Br)(C=S2(N(C)C):C:C:C(N=O):C:C:2C(C)C)C1,417.68926245257336,25.03900490307409
1649,9,10,5,1,19,9573,48,14,13,7,COC1CSC(NC(C)=O)S1(C(=N)C1:C:C(N(C)C):C(Cl):O:C:1S(=O)(=O)[O][Na])C(=O)O,417.6624073975986,31.853639121139185
3007,16,15,13,25,18,2332,12,22,2,8,CC(=O)NC1:N:C(=N):C(NCC2(S(=O)(=O)O):C:C(N=O):C([SH](=O)=O):C:N:2):N:C:1=C(C#N)C#N,417.6343561474858,23.777274838408893
3830,20,2,8,4,12,8806,45,21,5,16,CCC1:C(C#CC#CS2(Br):C:C(CN(CC(=O)O)CC(=O)O):C:C:S:2Cl):O:C:C([SH](=O)=O):S:1N=O,417.6167477901031,12.96591185631265
5666,29,17,24,3,14,2830,15,9,2,15,CCN(CC)C1(OC2(C)CC(C(C)C)N(C(F)(F)F)S2):C:C(=C(C#N)C#N):C:C([SH](=O)=O):S:1,417.588039890681,20.0426918394271
5581,28,21,13,3,11,5693,29,18,5,24,CCOC(=O)N1CC(Cl)C(C(C)C)[SH]1C#CC1ON(Br)C(NC(C)=O)C1C,417.54556231884305,18.20350694805752
369,2,19,7,6,6,8801,45,10,20,3,COC1:C:C([N+](=O)O):C(C=S2:C:C(C):C:C([O][Na]):S:2S(=O)(=O)[O][Na]):C:C:1C(=O)[O][Na],417.4449218572019,24.293164048954417
2768,14,6,16,6,6,4021,21,7,12,18,CCOC(=O)C1:C:S(=CC2:C:C:S([N+](=O)O):C(CN(CC(=O)O)CC(=O)O):C:2[N+](=O)O)(OC):C(O):C:S:1,417.4443395174625,26.77313263340916
3042,16,13,10,7,9,5001,26,6,7,8,COC1CC(N=O)CS1(C1:C:N(OC):C(S(=O)(=O)[O][Na]):C(NC(C)=O):N:1)[N+](=O)O,417.43168180982263,29.002954289850514
910,5,15,4,11,9,2436,13,4,8,25,CCC1:C:C(N):C(C2(CC):C:C(N=O):S:C(=N):C:2):S:C:1=C(C#N)C#N,417.3765548081716,19.66948013901775
2189,11,22,3,11,1,6918,35,21,19,13,CC(=O)NC1CN(C(=O)[O][Na])C(Br)C1N=NC1:C(N):C:N:C(C):C:1S(=O)(=O)O,417.36440674255573,14.593524702365047
755,4,8,3,17,15,5232,27,20,1,6,CC1:C(C(F)(F)F):C:C(C=CC=CCN2C([N+](=O)O)C(N(C)C)CN2[O][Na]):O:C:1N=O,417.29549483566007,25.560647078606284
2171,11,7,23,5,18,2461,13,23,16,15,CCNN1:C:C(Cl):C(NCC2(NCC):C:C:S(=C(C#N)C#N):C(CN(CC(=O)O)CC(=O)O):C:2):C(OC):C:1,417.29302392009265,20.37488563464269
8520,43,24,12,17,17,3238,17,8,5,12,CC(C)N1:C:C(O):C(C(F)(F)F):C(C=CC=CC=CC=CN2:C:C(O):O:C(Cl):C:2N=O):N:1,417.2922759722809,13.934914847100936
5119,26,14,12,23,18,6470,33,13,5,3,CCNC1(NCC2(NC(C)=O)CC(C)[SH](Cl)C2)SCC(C(=O)O)C1O,417.2878370773228,18.327377271190063
8598,43,24,16,1,6,8960,45,13,1,7,COC1:C:S(=CC2:C:C(N(C)C):C(CN(CC(=O)O)CC(=O)O):N:N:2C(C)C):S(NC(C)=O):C:C:1N(C)C,417.2344904241828,20.596324761783325
2163,11,3,6,7,1,2371,12,10,18,1,CCOC(=O)C1:C(N(C)C):C:C:C(N=NC2:C:C(C):N([N+](=O)O):C(OC):C:2):N:1S(=O)(=O)[O][Na],417.22870123332666,29.76428783994579
5357,27,17,9,22,15,2232,12,12,16,11,CCN(CC)C1CC(C=CC=CCC2(O):C:C:C(N):C(CN(CC(=O)O)CC(=O)O):N:2)(S(=O)(=O)O)NN1C(F)(F)F,417.2243141543863,15.878382693432117
6632,34,17,17,4,2,2083,11,6,14,1,CCC1(C=CC(=O)C2:C:C:C(N(C)C):N(C(=O)O):C:2[N+](=O)O)CN(C(F)(F)F)CC1C(F)(F)F,417.18872950923077,42.42120432157876
6439,33,7,9,11,12,5675,29,16,18,18,CCOC(=O)C1CN(C(=O)OCC)S(C#CC#CC2C(N)SC(N(CC)CC)C2OC)(CN(CC(=O)O)CC(=O)O)C1,417.0748693087735,9.509662101489436
5526,28,6,22,19,7,8944,45,2,18,3,CCOC(=O)S1:C:C:C(C):C:S:1(N=CC1(C(=O)[O][Na])CC(S(=O)(=O)O)N([N+](=O)O)O1)[SH](=O)=O,417.061960613883,32.11923375459954
3454,18,9,18,4,1,6285,32,1,18,4,CCOC(=O)C1NCC(CC)S1(N=NC1:N:C:C(N(CC)CC):S(C(=O)OCC):C:1CC)N(C)C,416.99752543159775,10.82635696832383
4092,21,22,22,26,10,6905,35,10,7,20,CON1C([O][Na])CC(=C2:C:S:C(=O):C(S(=O)(=O)O):S:2S(=O)(=O)O)C1S(=O)(=O)[O][Na],416.94840025777273,21.2608042955816
5330,27,17,22,6,14,8850,45,15,20,18,CCOC(=O)C1:C:C([O][Na]):S:S(OC2([N+](=O)O)CCN(S(=O)(=O)O)N2C(F)(F)F)(=C(C#N)C#N):C:1,416.9355963891697,30.265170863482158
8930,45,15,24,17,5,4059,21,14,21,21,CC(C)C1:C:S(=C(C#N)C#N):S:C(N=S2:C:C(Br):S(Br):C:C:2C(=O)O):C:1C(F)(F)F,416.9269596682058,26.56634484019081
2699,14,17,10,12,10,6311,32,11,20,22,NC1N([O][Na])CC(S(=O)(=O)O)S1=C1:C(O):C:S:C(S(=O)(=O)[O][Na]):C:1C(F)(F)F,416.9246137219887,13.70094466920609
5672,29,18,4,2,11,6903,35,8,18,11,CCOC(=O)N1CC(N)C(C#CC2([SH](=O)=O)CCN(CC)[SH]2C(=O)OCC)C1N=O,416.8644983882108,10.060173330081414
6080,31,17,5,18,9,333,2,10,8,1,CCOC(=O)C1(C2(S(=O)(=O)[O][Na]):C:C:C:C(N(C)C):C:2N=O)OC(C(F)(F)F)NC1Cl,416.85633080826744,30.799989311470313
5254,27,25,25,24,11,2960,15,5,5,1,CC(C)C1(C#CC2(Cl):C:C:C:C(N(C)C):S:2Cl)NNC(=N)C1=N,416.8226019857637,31.66933194978142
2161,11,13,20,12,12,3543,18,2,11,21,CC(=O)NN1:C:C:C(C#CC#CN2:C:C:S(Br):C(N):C:2[SH](=O)=O):C(O):C:1[O][Na],416.7935295724683,20.92972601754618
6905,35,10,7,20,18,8809,45,10,10,18,CCOC(=O)C1:C:S(CNC2CC(S(=O)(=O)[O][Na])N(OC)C2[O][Na]):S:C(S(=O)(=O)[O][Na]):C:1S(=O)(=O)[O][Na],416.77558644018774,21.104448764786127
8250,42,6,8,21,4,8918,45,26,3,23,CCNC1:C:C(C):S:S(=O)(C=CC2:O:S([N+](=O)O):C(N=O):C:C:2Br):C:1,416.77540795535134,29.292681834210306
787,4,5,1,14,14,863,5,16,16,24,CC(C)C1:C:C:S(CN(CC(=O)O)CC(=O)O)(OC2:O:C(Cl):C(N(C)C):C:C:2C(=O)O):C(CN(CC(=O)O)CC(=O)O):C:1,416.68638360741426,27.177039547375625
5276,27,16,17,25,19,8632,44,8,7,5,COC1:C:C(Cl):C:N(C(=N)C2C(=N)C(C(F)(F)F)NN2CN(CC(=O)O)CC(=O)O):S:1N=O,416.6228894213665,18.380173480159726
2577,13,25,5,12,7,2106,11,23,19,18,CCNC1(N=CC2:C:C(=N):C(Cl):S:C:2O):C:C:C:N(C(=O)OCC):C:1C(=O)[O][Na],416.5749980929697,22.905709328162303
2117,11,7,8,16,12,3131,16,25,9,14,CCN(CC)N1:C:C(=N):N(C#CC#CC2:C:C(OC):N(N=O):C:C:2CN(CC(=O)O)CC(=O)O):C:C:1C(=O)O,416.54751300721017,19.97488680150983
9164,46,6,6,3,5,6513,33,11,20,12,CC1:C(N=C2C(O)C[SH]([O][Na])C2N):O:C:N([N+](=O)O):C:1[N+](=O)O,416.52232589218386,15.997235242370724
819,5,24,3,10,12,2090,11,13,4,13,CCC1:C(NC(C)=O):C:C(C#CC#CC2:C:C:C(S(=O)(=O)[O][Na]):C(C):S:2C(C)C):C:N:1NC(C)=O,416.5202185496979,16.34533640257175
5161,26,6,14,3,14,1826,10,5,20,22,CC1(OC2(Cl):C:C(S(=O)(=O)O):N:C:C:2[O][Na])CC(C(=O)O)C[SH]1[N+](=O)O,416.47644469114147,34.060285374223874
8440,43,11,6,3,15,8675,44,3,3,1,CC1:C:S(C):N(CC=CC=CC2:C(C):C([N+](=O)O):C:N:N:2N):C:C:1N(C)C,416.47150265586663,30.88283769200662
2749,14,3,5,16,18,7087,36,2,14,3,CC1:C(NCC2([SH](=O)=O)OCC(C(=O)O)C2C):C:C(CN(CC(=O)O)CC(=O)O):S:C:1Cl,416.4426893837743,21.60341677610602
6130,31,19,4,6,13,1832,10,24,4,12,CCC1:C(C(C)C):C(C=CC=CC2([N+](=O)O)OCN(C(=O)[O][Na])C2CC):C:C:N:1O,416.40532932020267,31.279127295180267
4612,24,13,12,17,5,8955,45,10,4,25,CCC1:C(S(=O)(=O)[O][Na]):S:S(=NC2(C(F)(F)F)NC(NC(C)=O)CC2O):C:C:1=N,416.3378895440201,24.150177062387446
1422,8,18,21,7,9,2994,15,17,16,14,CCOC(=O)C1:C:C(C2(C(F)(F)F):C:C:C(C(=O)O):C:S:2CN(CC(=O)O)CC(=O)O):C(OC):C(Br):O:1,416.3220456645287,11.281232569158545
630,4,8,12,3,15,7111,36,1,14,2,CC1:C(C=CC=CCC2(N(C)C)OCC(C(=O)O)C2[SH](=O)=O):O:C:C(N=O):C:1O,416.2929136416732,34.67295378237498
3433,18,4,1,1,14,4404,23,11,16,2,CCN1:C(N(C)C):C:S:C(N(C)C):C:1OC1(N)C(CN(CC(=O)O)CC(=O)O)CCC1[SH](=O)=O,416.2833829886191,5.270345185576089
3036,16,16,5,14,1,1183,6,17,24,14,CC(C)C1:C:C(C(=O)O):C:B(N=NC2:C:N:C(C(=O)O):C(Cl):N:2CN(CC(=O)O)CC(=O)O):C:1C(F)(F)F,416.23604768379965,27.032000885011907
2502,13,3,25,22,19,2989,15,11,19,12,CC1:C(C(=N)C2(N):C:C(O):C:C:S:2C(=O)[O][Na]):C:S:C(S(=O)(=O)O):C:1=N,416.1503684906631,24.47593963588944
6336,32,9,12,17,19,5307,27,9,26,26,CCN(CC)N1C(=O)C(=O)CN1C(=N)C1(C(F)(F)F)CNC(O)[SH]1N(CC)CC,416.0429353104306,12.300971097875557
5369,27,2,15,1,12,6368,32,8,4,14,CCC1NC(C(=O)O)CS1(C#CC#CC1(N(C)C)CC(=C(C#N)C#N)NN1[SH](=O)=O)N=O,416.02284457861094,19.34996023395846
8690,44,15,9,2,10,4133,21,6,12,26,CCN(CC)C1:C:S(=C(C#N)C#N):N:C(=S2([N+](=O)O):C:C:S(=O):C(O):C:2):C:1[SH](=O)=O,416.022518554598,16.578926455297605
8621,44,21,7,21,7,5108,26,11,3,4,CCC1C(C)C(N)C[SH]1N=CC1:C:C(Br):C:S(OC):N:1Br,415.9989412346357,11.592257722822795
6064,31,4,6,13,18,4788,24,1,1,17,CCN1COC(NCN2CC(C(F)(F)F)C(N(C)C)C2N(C)C)(NC(C)=O)C1[N+](=O)O,415.94691146450606,20.740625221664633
4465,23,17,12,1,4,1890,10,22,17,15,CN(C)C1(C=CC2:C:C(S(=O)(=O)O):N(C(F)(F)F):C(=C(C#N)C#N):C:2)CC(O)CC1C(F)(F)F,415.938689591578,12.101819947472936
1188,6,22,7,4,4,5036,26,23,5,4,CCNS1(C=CC2:B(S(=O)(=O)O):C:C:C(OC):C:2CC)CCC(CC)C1Cl,415.91315267106603,15.128361545304067
242,2,26,15,4,2,8487,43,23,24,14,CCNN1:C(C(C)C):C:C(C(=O)O):C:N:1C(=O)C=CC1:C:C(CC):C(=C(C#N)C#N):C:C:1=O,415.84561177200595,10.042294535879941
4784,24,16,14,24,9,8520,43,24,12,17,CC(C)C1CC(C(=O)O)N(CN(CC(=O)O)CC(=O)O)C1N1:C:C(C(F)(F)F):C(O):C:N:1C(C)C,415.80075871135034,20.07072533245009
6833,35,11,22,21,11,4100,21,18,7,1,CCOC(=O)C1:C(OC):S(N(C)C):C:C:S:1C#CC1C(N)CN(S(=O)(=O)O)C1Br,415.7696224693476,23.081701464740128
1857,10,11,16,7,7,6566,33,22,1,22,COC1:C(C=NC2(S(=O)(=O)O)CC(S(=O)(=O)O)SC2N(C)C):C(N):C:C:N:1CN(CC(=O)O)CC(=O)O,415.7509522879618,18.40530986515303
2183,11,18,12,10,9,2591,13,20,26,13,CCOC(=O)C1:C(O):N:C:C(S(=O)(=O)[O][Na]):C:1C1:C:C(NC(C)=O):S(=O):C([O][Na]):C:1,415.74415838471634,25.549717921833132
2589,13,4,21,23,14,5180,26,1,5,25,CCNC1:C(O[SH]2C(=N)CC(Cl)C2N(C)C):C:C(CC):C:S:1Br,415.7374744562024,19.745211058663646
5928,30,18,17,24,13,5109,26,3,13,1,CCOC(=O)N1CNC(C=CC=CS2(C)CCC(N(C)C)C2NC(C)=O)(C(C)C)C1C(F)(F)F,415.70254651824445,20.14127973258339
5614,29,18,3,14,7,2465,13,17,22,2,CCOC(=O)[SH]1N(C)CCC1(C=NC1(C(F)(F)F):C:C:S:C([SH](=O)=O):C:1S(=O)(=O)O)C(=O)O,415.66857249857674,9.497053398555295
4189,21,21,9,25,14,2143,11,24,21,3,CCN(CC)C1:C(Br):S:C(OC2(C(C)C):C:N:C(Br):C(C):C:2):C:S:1=N,415.6037218982233,26.290480697094072
6641,34,15,6,18,18,4475,23,2,2,7,CCOC(=O)C1CC(NCC2([SH](=O)=O)CC(OC)C([SH](=O)=O)C2)C(=C(C#N)C#N)N1[N+](=O)O,415.60039665557423,20.828934284491737
6655,34,9,26,7,18,6301,32,18,24,22,CCOC(=O)C1N(C(C)C)CC(S(=O)(=O)O)[SH]1CNC1(OC)C(=O)CNC1N(CC)CC,415.5818998689674,14.649705696009216
7451,38,4,17,4,12,374,2,21,8,21,CCC1C[SH](C(F)(F)F)C(CC)C1C#CC#CC1(Br):C:C:C(N=O):C(Br):C:1,415.5668020549418,21.908350432322585
6163,31,12,1,7,1,8674,44,22,10,1,COC1(N=NN2:C:C:C(N(C)C):C(S(=O)(=O)[O][Na]):S:2S(=O)(=O)O)CN(N(C)C)C(O)O1,415.5664379950804,27.709492015757384
5373,27,7,16,7,19,1591,8,3,1,9,CCN(CC)C1:C:C(C(=N)C2(OC)NN(OC)CC2CN(CC(=O)O)CC(=O)O):C(C):O:C:1N(C)C,415.5140091304612,22.457503646686842
7454,38,25,11,4,12,4154,21,21,6,19,CCC1C(N)SC(=N)C1C#CC#CS1(Br):C:C:S([N+](=O)O):C(C(=O)[O][Na]):C:1,415.48800746205114,27.29375932192201
2634,14,16,5,1,1,8710,44,3,24,22,CC(C)C1:C:C(S(=O)(=O)O):C:N(N=NC2:C:C:S(CN(CC(=O)O)CC(=O)O):C(Cl):C:2N(C)C):S:1C,415.44334826463347,26.91812918198249
4629,24,11,13,9,5,4161,21,7,25,1,CCN(CC)C1(N=S2(OC):C:C:S(N(C)C):C(=N):C:2)CCC(NC(C)=O)N1N,415.40791021361986,15.916056014195178
9492,48,7,11,9,11,6299,32,14,25,9,CCN(CC)N1CCS(C#CC2(N(CC)CC)SC(OC)SC2N)(C(=O)O)C1=N,415.3792349641893,22.6276908850505
5119,26,14,12,23,12,7556,38,16,23,5,CCNC1C(Cl)CC(C#CC#CC2(NCC)SCC(C(=O)O)C2O)[SH]1CN(CC(=O)O)CC(=O)O,415.35683344032896,14.856272905876036
6782,34,9,13,16,19,8468,43,11,14,9,CCN(CC)C1:C:N(C(=N)C2(CN(CC(=O)O)CC(=O)O)CCN(NC(C)=O)C2N(CC)CC):N:C(N):C:1C(=O)O,415.3371929022909,29.33966591054265
1814,10,26,22,5,18,9566,48,7,24,19,COS1(CNC2:C:C:C(=O):N(S(=O)(=O)O):C:2Cl)CSC(C(C)C)C1C(=O)[O][Na],415.2533437693328,17.020797543853057
1982,10,26,17,24,14,938,5,23,21,9,CCNC1:C(Br):C(N(CC)CC):C:C:S:1OC1:C:N:C(C(C)C):C(C(F)(F)F):C:1=O,415.22343097232795,13.136121874651352
9738,49,18,14,17,12,6838,35,21,3,23,CCNC1CC(Br)(C#CC#CC2(C(F)(F)F)NON(C(=O)OCC)C2C(=O)O)CN1C,415.22126387662695,17.06059173943981
5398,27,1,2,22,19,5180,26,1,5,25,CN(C)C1C(Cl)CC(=N)[SH]1C(=N)C1(S(=O)(=O)O)NN(N(C)C)CC1[SH](=O)=O,415.2072859304697,13.818050627599414
5150,26,2,22,22,12,451,3,6,6,3,CC1:C:C([N+](=O)O):C([N+](=O)O):N(C#CC#CC2(S(=O)(=O)O)SCC([SH](=O)=O)C2S(=O)(=O)O):C:1,415.1313799202051,25.051478603157644
1056,6,12,22,19,12,9430,48,1,14,2,CN(C)C1SC(C(=O)O)C([SH](=O)=O)[SH]1C#CC#CC1:B:C(O):C(S(=O)(=O)O):C(C(=O)[O][Na]):C:1,415.1198826800422,20.817542713832207
6373,32,20,11,12,1,2469,13,25,22,11,N=C1:C(N=NC2SC([O][Na])N(N)C2O):C:C(N):S:C:1S(=O)(=O)O,415.1026844328418,29.362804255128196
9125,46,11,18,5,9,6998,35,20,14,6,CCOC(=O)C1:C(Cl):C(C2([O][Na])C(C(=O)O)NCC2[N+](=O)O):O:C:N:1N,415.09559559608834,24.453577715899662
5567,28,26,26,9,1,6808,35,16,1,3,CCN(CC)C1(N=NC2CN(CN(CC(=O)O)CC(=O)O)C(N(C)C)C2C)ONC(=O)C1=O,415.0941727499329,7.8640775259619184
5820,30,23,12,9,12,6318,32,16,11,7,CCNC1NC(O)C(C#CC#CS2(CN(CC(=O)O)CC(=O)O)CC(OC)NC2N)(N(CC)CC)N1,415.06443831364516,17.10693358466896
5188,26,9,6,8,13,6708,34,12,3,26,CCN(CC)C1CSC(C=CC=CC2C(=O)CC(C)N2O)(N=O)C1[N+](=O)O,415.01045709264616,16.543874163995415
5249,27,14,13,9,5,2434,13,7,1,21,CCN(CC)C1CN(NC(C)=O)N(C(=O)O)C1N=C1:C:C:S(Br):C(N(C)C):C:1OC,414.97264251193593,18.370723161829527
1016,6,7,3,2,14,2048,11,14,10,7,COB1:C(OC2(C(=O)O):C:N:C(S(=O)(=O)[O][Na]):C(OC):C:2):C:C:C([SH](=O)=O):C:1C,414.96519334465466,23.47903273728003
5254,27,25,25,24,19,832,5,25,8,11,CC(C)C1(C(=N)S2:C:C(N):C(N=O):C:C:2=N)NNC(=N)C1=N,414.95104326926304,22.71863887329658
277,2,14,11,4,4,6630,34,9,22,17,CCC1:C:C(N):C:C(C(=O)O):C:1C=CC1(N(CC)CC)CCC(C(F)(F)F)N1S(=O)(=O)O,414.92245585061784,13.862099972594313
9348,47,19,12,5,14,7153,36,21,25,20,N=C1COC(Br)(OC2:O:C:S(C(=O)[O][Na]):C(O):C:2Cl)C1[O][Na],414.9212930606467,30.497738829220232
2313,12,19,8,25,6,9462,48,3,10,13,CC(=O)NC1CS(=CC2:C:C(=N):C(N=O):N:C:2C(=O)[O][Na])C(C)[SH]1S(=O)(=O)[O][Na],414.8990910687079,13.748495134896533
9575,48,24,9,14,1,2002,11,9,5,11,CCN(CC)[SH]1CC(N=NC2(N(CC)CC):C:C:C(N):N:C:2Cl)(C(=O)O)SC1C(C)C,414.8873468283344,28.565621161662694
4992,25,12,26,11,20,8477,43,11,16,18,CCOC(=O)C1:C:N(C=CC(C)=CC2(N)OCC(O)C2=O):N:C(N):C:1CN(CC(=O)O)CC(=O)O,414.8819748324289,16.730925683283772
6446,33,5,1,8,12,6290,32,5,7,14,CON1CS(Cl)(C#CC#CC2(N=O)CSC(N(C)C)C2Cl)CC1C(=O)O,414.8499600102597,51.16414480011707
2103,11,8,18,8,7,1907,10,21,14,5,CCOC(=O)C1:N:C(N=O):C:C(C=NC2(Br):C:C:N(Cl):C:C:2C(=O)O):C:1N=O,414.8106428861449,11.234022975902736
3541,18,17,6,12,11,6304,32,14,20,26,O=C(O)C1N([O][Na])C(=O)C[SH]1C#CC1:N:C(C(F)(F)F):C([N+](=O)O):S:C:1O,414.79029713991986,25.394301187482174
5323,27,10,6,3,11,2992,15,2,5,5,CC1(C#CC2:C:C(Cl):C(Cl):C([SH](=O)=O):S:2)NNC(S(=O)(=O)[O][Na])C1[N+](=O)O,414.7668033306891,21.70194796520041
1539,8,6,13,20,18,2376,12,12,5,5,CC(=O)NC1:O:C:C([O][Na]):C(NCC2(O):C:C:C(Cl):C:N:2Cl):C:1[N+](=O)O,414.75843347584595,18.103969431905448
1584,8,21,24,22,1,1898,10,14,20,5,CC(C)C1:O:C(Br):C:C(N=NC2(C(=O)O):C:C:N(Cl):C:C:2[O][Na]):C:1S(=O)(=O)O,414.73545953669225,35.15905493858055
691,4,2,4,8,2,2592,13,17,5,3,CCC1:C:C([SH](=O)=O):O:C(C=CC(=O)C2:C:C(C):S(Cl):C(C(F)(F)F):C:2):C:1N=O,414.6606101423952,14.16897867779769
5942,30,24,18,21,6,5624,29,11,22,8,CCOC(=O)C1N(C(C)C)CNC1(Br)C=S1NC(N)C(S(=O)(=O)O)C1N=O,414.6350858664697,18.408553976353524
8894,45,3,25,12,1,5342,27,6,19,18,CCOC(=O)C1C(C(=O)[O][Na])CN([N+](=O)O)N1N=NC1:C(O):C:C:S(=N):S:1C,414.5808389969855,32.55436919868099
2234,12,20,24,6,6,7456,38,25,17,26,CC(C)C1:C:C([N+](=O)O):C(C=C2C(=O)CC(C(F)(F)F)S2=N):C:N:1[O][Na],414.5734928414939,16.41147791757878
481,3,24,23,24,19,4409,23,4,23,21,CCNC1:C:C(C(C)C):N:C(C(=N)C2(CC)CC(Br)CC2NCC):C:1C(C)C,414.57306681853413,18.210123678568124
6314,32,24,23,6,19,5789,29,9,12,26,CCNC1N([N+](=O)O)CC(C(=N)[SH]2CC(=O)C(O)N2N(CC)CC)[SH]1C(C)C,414.553262587454,10.449328632789602
2767,14,2,16,9,1,4159,21,2,11,2,CCN(CC)C1:C(CN(CC(=O)O)CC(=O)O):S:C:C([SH](=O)=O):C:1N=NS1:C:C:S([SH](=O)=O):C(N):C:1[SH](=O)=O,414.50011797795696,28.182652597594075
1541,8,4,25,5,7,7022,36,12,1,10,CCC1:C:O:C(=N):C(Cl):C:1C=NC1(O)OCC(N(C)C)C1S(=O)(=O)[O][Na],414.3818885225763,11.076996661015665
8625,44,26,24,11,1,5198,26,22,22,9,CCN(CC)C1CCS(N=NC2:C:C(N):C(C(C)C):S(=O):N:2)(S(=O)(=O)O)C1S(=O)(=O)O,414.350896682235,27.22958146560675
5722,29,2,2,18,20,4599,23,3,18,23,CCNC1CCC(C(=O)OCC)C1(C)C=CC(C)=CC1(C(=O)OCC)C([SH](=O)=O)CN[SH]1[SH](=O)=O,414.3109326597311,15.804167983882767
8644,44,15,2,26,1,2468,13,7,1,12,COC1:C(N=NC2:N:S(=C(C#N)C#N):C:C([SH](=O)=O):C:2=O):C:C(O):S:C:1N(C)C,414.28388347889995,21.389690863890497
3012,16,4,19,7,11,5960,30,21,12,8,CCN1:C(C(=O)[O][Na]):C:N:C(OC):C:1C#CN1CN(Br)C(O)C1N=O,414.27646606503515,23.606099726416925
9238,47,22,14,26,7,6746,34,22,8,22,O=NN1CC(S(=O)(=O)O)CC1(N=CC1:O:C(S(=O)(=O)O):S(C(=O)O):C:C:1=O)S(=O)(=O)O,414.2664329088493,27.36003273236427
9303,47,16,21,6,14,5143,26,25,22,26,N=[SH]1(OC2:C:C([N+](=O)O):S(Br):C(CN(CC(=O)O)CC(=O)O):O:2)CCC(S(=O)(=O)O)C1=O,414.261949209805,26.991938048535555
2557,13,12,14,21,7,5796,29,3,12,21,CS1(N=CC2:C:C(O):C:S(C(=O)O):C:2Br)CCC(Br)N1O,414.21994040308016,18.880931709476744
5217,27,4,1,12,2,963,5,18,3,11,CCOC(=O)C1:C:C(C):C(N):C:S:1C(=O)C=CC1(O)NNC(CC)C1N(C)C,414.19609862705346,10.000673253161063
6952,35,17,1,7,11,7072,36,18,9,9,CCOC(=O)C1OC(C#CC2(OC)CN(N(C)C)CC2C(F)(F)F)C(N(CC)CC)C1N(CC)CC,414.1752221489461,9.921503834322186
4628,24,23,2,2,12,4644,24,1,25,5,CCNN1C([SH](=O)=O)CCC1(C#CC#CN1CC(Cl)C(=N)C1N(C)C)[SH](=O)=O,414.12271020886567,20.93375991604404
5058,26,14,12,6,11,1952,10,1,10,2,CN(C)C1(C#CC2([N+](=O)O)CC(O)C[SH]2C(=O)O):C:C:N:C([SH](=O)=O):C:1S(=O)(=O)[O][Na],414.11556467140025,31.27280078858637
821,5,21,7,26,9,6512,33,10,19,4,CCC1C(C2:S:C(Br):C(OC):C:C:2=O)C[SH](S(=O)(=O)[O][Na])C1C(=O)[O][Na],413.99071132881,24.69116133536333
4081,21,21,5,19,12,9457,48,5,14,24,CC(C)C1C[SH](C#CC#CC2:C(C(=O)[O][Na]):S:C(Cl):C:S:2Br)C(Cl)[SH]1C(=O)O,413.9890652301054,26.350363804377594
5118,26,17,3,12,13,6845,35,18,7,13,CCOC(=O)C1(C=CC=CC2(O)SCC(C(F)(F)F)C2C)CCN(NC(C)=O)C1OC,413.98677585240983,11.961041350732666
4448,23,25,1,4,4,7441,38,9,22,14,CCN(CC)C1(C=CC2(CC)CC(=N)C(N(C)C)C2)SCC(S(=O)(=O)O)C1C(=O)O,413.94599303701614,14.740550322289497
4044,21,17,13,11,14,891,5,2,25,23,CCNC1:C:C(=N):C([SH](=O)=O):S(OC2:S:C:C(C(F)(F)F):S(NC(C)=O):C:2N):C:1,413.8613859533193,10.283941215521846
1165,6,23,3,24,15,7145,36,23,12,12,CCNB1:C:C:C(C):C(C(C)C):C:1C=CC=CCC1(NCC)CC(O)C(O)O1,413.82647474936783,19.913274732160446
968,5,16,6,6,18,4446,23,2,12,23,CCNC1C(CNC2:S:C:C(CN(CC(=O)O)CC(=O)O):C([N+](=O)O):C:2[N+](=O)O)CC([SH](=O)=O)C1O,413.7037677196116,19.186849064074195
2072,11,8,6,13,1,7017,36,12,15,23,CCNC1C(=C(C#N)C#N)C(O)OC1N=NC1:C:C(N=O):N:C([N+](=O)O):C:1NC(C)=O,413.6775263153869,11.42878656850581
266,2,22,22,13,1,8455,43,6,25,12,CC(=O)NC1:C:C(N=NN2:C:C(O):C(=N):C:N:2[N+](=O)O):C(S(=O)(=O)O):C(S(=O)(=O)O):C:1,413.6514764747355,28.990614317325626
4626,24,12,24,14,12,6565,33,5,18,25,CCOC(=O)[SH]1CC(=N)C(C#CC#CC2(C(=O)O)NCC(O)C2C(C)C)C1Cl,413.51428191479135,21.47378329163807
430,3,8,8,5,12,7222,37,20,13,11,CC(=O)NC1OCC(C#CC#CC2:C:C(Cl):C:C(N=O):N:2N=O)([O][Na])C1N,413.48161233000667,23.21399401118963
8409,43,17,12,9,19,3492,18,16,3,1,CCN(CC)C1:C(O):C:N:N(C(F)(F)F):C:1C(=N)N1:C:C(N(C)C):S:C(C):C:1CN(CC(=O)O)CC(=O)O,413.38204016768407,14.886114323226858
6442,33,7,13,18,12,6282,32,22,24,1,CCOC(=O)C1(C#CC#CS2(S(=O)(=O)O)CC(N(C)C)N(C(C)C)C2)C(OC)CSC1NC(C)=O,413.37412583066015,16.097285034447573
4669,24,8,17,5,1,6632,34,17,17,4,CCC1C(N=NC2(Cl)NC(N=O)CC2C(F)(F)F)N(C(F)(F)F)CC1C(F)(F)F,413.3421600814592,19.90476187100606
1932,10,2,7,4,5,9420,48,19,12,11,CCC1:N:C:C(OC):C([SH](=O)=O):C:1N=[SH]1(C(=O)[O][Na])CC(N)SC1O,413.34214373392507,15.42090143986313
6429,33,21,6,3,12,2055,11,3,23,2,CCNC1:N:C(C):C(C#CC#CC2(C)CC(Br)SC2[N+](=O)O):C:C:1[SH](=O)=O,413.2993980684346,14.013438247814678
6538,33,1,20,5,7,2509,13,7,26,13,COC1(N=CC2(Cl)C([O][Na])SCC2N(C)C):C:C:S(NC(C)=O):C(=O):C:1,413.27584168412596,28.744336045267076
1142,6,23,26,17,1,1884,10,18,22,16,CCNB1:C(N=NC2(C(=O)OCC):C:C(CN(CC(=O)O)CC(=O)O):N:C(S(=O)(=O)O):C:2):C:C:C(C(F)(F)F):C:1=O,413.24920596953086,31.47230767196806
4599,23,3,18,23,11,2582,13,25,1,24,CCNC1(C#CC2:C:C(C(C)C):S(N(C)C):C(=N):C:2)CCC(C(=O)OCC)C1C,413.22430147811394,23.888496960763593
8500,43,12,22,11,11,8544,43,8,4,9,CCC1:C:N(N=O):N(C#CC2:C:C(N):C:N(S(=O)(=O)O):N:2O):C:C:1N(CC)CC,413.17906045703313,17.90861898805196
3605,19,23,15,9,5,1945,10,24,7,26,CCNC1:O:C(N=C2:C:C(=O):N:C(OC):C:2C(C)C):C(N(CC)CC):O:C:1=C(C#N)C#N,413.1694613582761,25.705462489086926
7510,38,5,7,7,9,7400,37,26,16,9,CCN(CC)C1C(CN(CC(=O)O)CC(=O)O)OC(=O)C1C1(OC)CC[SH](OC)C1Cl,413.10764092027483,4.49612296385072
4664,24,24,17,15,4,7050,36,14,13,12,CC(=O)NC1OC(C=CC2C(=C(C#N)C#N)CC(C(F)(F)F)N2C(C)C)(C(=O)O)CC1O,413.07899939862,25.22428447462033
1292,7,17,4,5,2,1309,7,17,1,25,CCC1:C(Cl):O:C:C(C=CC(=O)C2(C(F)(F)F):C:C(=N):O:C:C:2N(C)C):C:1C(F)(F)F,412.99500966267306,15.657458235106146
4551,23,12,9,16,11,2530,13,18,13,14,CCOC(=O)C1(C#CC2(CN(CC(=O)O)CC(=O)O)C(O)CCC2N(CC)CC):C:C:S(NC(C)=O):C(C(=O)O):C:1,412.9934312123135,40.006572158258685
8788,44,22,26,24,7,2583,13,1,6,14,CC(C)C1:C(C=NC2(N(C)C):C:C(C(=O)O):S:C([N+](=O)O):C:2):N:S(S(=O)(=O)O):C:C:1=O,412.98080126786243,21.08200069086952
3445,18,8,9,12,6,898,5,13,9,6,CCN(CC)C1:C:C([N+](=O)O):C:S(=CC2:C(O):S(N(CC)CC):C:C:N:2N=O):C:1NC(C)=O,412.96741298315885,26.231799209299464
1019,6,23,18,6,7,950,5,23,12,17,CCNC1:B:C(C=NS2(NCC):C:C(O):C:C(C(F)(F)F):C:2):C([N+](=O)O):C(C(=O)OCC):C:1,412.95664109065603,13.251224182938172
4716,24,11,8,6,1,6212,32,22,2,11,NC1C([SH](=O)=O)NCS1(N=NC1CC([N+](=O)O)C(N=O)N1N)S(=O)(=O)O,412.91058525547726,10.99718349951208
7631,39,10,8,14,1,5960,30,21,12,8,O=NC1:O:C(S(=O)(=O)[O][Na]):O:C(N=NN2CN(Br)C(O)C2N=O):C:1C(=O)O,412.8417802434319,33.094932340856516
466,3,6,5,13,9,952,5,16,7,22,COC1:C:S(CN(CC(=O)O)CC(=O)O)(C2:N:C:C([N+](=O)O):C(Cl):C:2NC(C)=O):C:C:C:1S(=O)(=O)O,412.8312574454245,19.39761076692876
3082,16,23,12,16,7,1810,10,2,22,17,CCNC1:N:C(C=NC2([SH](=O)=O):C:C(C(F)(F)F):N:C(S(=O)(=O)O):C:2):C(CN(CC(=O)O)CC(=O)O):N:C:1O,412.8194575796785,17.260538744960368
6080,31,17,5,18,13,7170,36,17,8,17,CCOC(=O)C1(C=CC=CC2(C(F)(F)F)OC(N=O)CC2C(F)(F)F)OC(C(F)(F)F)NC1Cl,412.79498179856876,16.41582327834484
6366,32,25,18,13,9,5287,27,8,8,16,CCOC(=O)C1NCC(NC(C)=O)(N2NC(N=O)C(N=O)C2CN(CC(=O)O)CC(=O)O)S1=N,412.7549146411904,7.28205112511715
465,3,11,18,4,19,2390,12,1,3,23,CCNC1:C:C:N(C):C(C(=N)C2:N:C:C(N):C(C(=O)OCC):C:2CC)(N(C)C):C:1,412.74820029609447,18.346899433971856
6541,33,25,23,4,18,2215,12,4,22,21,CCNC1C(=N)C(NCC2(CC):C:C(Br):C(S(=O)(=O)O):C:N:2)C[SH]1CC,412.70418748894724,13.79247857751922
448,3,13,9,7,7,5213,27,2,13,4,CCC1C(NC(C)=O)C([SH](=O)=O)NN1N=CC1:N:C:C(NC(C)=O):C(N(CC)CC):C:1OC,412.6924593303759,7.257507315002361
7366,37,14,2,18,14,1123,6,5,15,4,CCOC(=O)C1(OB2:C:C(CC):C:C(=C(C#N)C#N):C:2Cl)COC([SH](=O)=O)C1C(=O)O,412.6855066377293,27.67718375420387
4921,25,5,24,17,20,3491,18,13,7,12,COC1:S:C(O):C:N(C=CC(C)=CC2(C(F)(F)F)OC(Cl)CC2C(C)C):C:1NC(C)=O,412.6665018927183,19.00351422097569
8895,45,13,14,24,6,9506,48,20,8,17,CC(=O)NS1:S:C(C(=O)O):C:C(C(C)C):C:1C=[SH]1([O][Na])C(N=O)SCC1C(F)(F)F,412.6636120237052,15.315407998459975
397,2,12,1,23,19,2208,12,21,1,17,CCNC1:C:C(C(=N)C2:C:C:C(C(F)(F)F):C(N(C)C):N:2Br):C(O):C:C:1N(C)C,412.65677008382556,17.07103000129022
817,5,13,8,2,7,8903,45,11,5,23,CCNC1:C:C:S(Cl):S(N)(N=CC2:C:C([SH](=O)=O):C:C(N=O):S:2NC(C)=O):C:1,412.63916553258895,10.936817120178357
1208,7,12,2,25,9,1839,10,23,15,3,CCNC1(C2:C(O):C:C([SH](=O)=O):O:C:2=N):C:C:N(C):C:C:1=C(C#N)C#N,412.62437081955994,34.14850056890939
6156,31,18,25,17,18,5393,27,1,4,11,CCOC(=O)C1NC(=N)C(NCN2C(N)CC(CC)N2N(C)C)(C(F)(F)F)O1,412.60643523147866,29.437774626418424
518,3,18,16,1,19,8470,43,8,6,8,CCOC(=O)N1:C(CN(CC(=O)O)CC(=O)O):C:C(N(C)C):C:C:1C(=N)N1:C:C(N=O):C:C([N+](=O)O):N:1N=O,412.59515782327605,26.0904312586931
4013,21,24,17,7,1,2509,13,7,26,13,COC1:C(N=NC2(OC):C:C:S(NC(C)=O):C(=O):C:2):S:C:C(C(C)C):S:1C(F)(F)F,412.58636234516035,21.301995280820467
2983,15,2,1,13,9,219,2,21,7,19,COC1:C:C:C(C(=O)[O][Na]):C:C:1(Br)C1:C(NC(C)=O):C:C(N(C)C):S:C:1[SH](=O)=O,412.5623396683146,29.440446198368342
3552,18,4,7,8,9,4409,23,4,23,21,CCNC1CC(Br)CC1(CC)C1:C:S(N=O):C(OC):C(CC):N:1,412.5549236830895,8.58528918695589
2587,13,23,23,4,8,2714,14,3,26,12,CCNC1:C:C(=CC=C2:C:C(O):C(=O):S:C:2C):C(CC):S(NCC):C:1,412.43153667226215,18.372528646048206
5041,26,17,9,8,14,9535,48,24,24,24,CCN(CC)C1C(N=O)C(OS2(C(C)C)CC(C(C)C)[SH](C(C)C)C2)SC1C(F)(F)F,412.3950984538225,17.975204835815816
7432,38,10,26,11,4,3469,18,8,3,11,CC1:C(N=O):N(C=CC2C[SH](S(=O)(=O)[O][Na])C(=O)C2N):C:C:S:1N,412.29685499669705,24.903917965786942
5803,30,4,22,18,2,6370,32,15,4,5,CCOC(=O)C1(C=CC(=O)[SH]2(=C(C#N)C#N)CCN(Cl)C2CC)CNC(S(=O)(=O)O)N1CC,412.2472763703787,16.333735072575696
2201,12,11,26,9,12,6336,32,9,12,17,CCN(CC)C1:C:C(C#CC#CS2(N(CC)CC)C(O)NCC2C(F)(F)F):C(N):N:C:1=O,412.1942910201939,23.60597529121844
203,2,13,16,2,19,7551,38,1,23,2,CCNC1CC([SH](=O)=O)C(C(=N)C2:C:C(NC(C)=O):C(CN(CC(=O)O)CC(=O)O):C([SH](=O)=O):C:2)(N(C)C)S1,412.14018746447584,12.099340661315678
9337,47,1,21,2,1,6758,34,7,19,13,COC1(N=NC2:O:C(N(C)C):S(Br):C:C:2[SH](=O)=O)C(NC(C)=O)CCN1C(=O)[O][Na],412.0640849214627,35.83598622393574
1471,8,8,23,1,4,2407,13,8,23,2,CCNC1:C:C(C=CC2:C:C(N(C)C):O:C(NCC):C:2N=O)(N=O):C:C([SH](=O)=O):S:1,412.05564042032603,17.583744469186698
1740,9,5,12,14,5,5051,26,20,3,5,CC1C[SH](=NC2:C:C(C(=O)O):C(O):O:C:2Cl)([O][Na])CC1Cl,411.9988566702643,36.48707455853608
5516,28,16,23,17,6,4046,21,12,25,23,CCNC1:C:S(=CC2ON(CN(CC(=O)O)CC(=O)O)C(NCC)C2C(F)(F)F):C(O):C(=N):S:1,411.9983665092791,27.354684457174073
7055,36,16,24,10,12,2907,15,15,22,3,CC1:C:C(C#CC#CC2(S(=O)(=O)[O][Na])COC(CN(CC(=O)O)CC(=O)O)C2C(C)C):S(=C(C#N)C#N):C:C:1S(=O)(=O)O,411.98786140774916,36.42689040989735
4557,23,16,1,7,1,9483,48,26,24,4,CCC1C(C(C)C)SC[SH]1(=O)N=NC1(OC)CC(CN(CC(=O)O)CC(=O)O)CC1N(C)C,411.91443126341966,11.416226778943019
578,3,11,17,11,16,6697,34,3,21,5,CC1(C=CC=CC=CC2:C(N):C(C(F)(F)F):C:C:N:2N)NC(Br)CC1Cl,411.9049916770829,25.540625963311474
1335,7,11,17,3,6,2631,14,9,23,2,CCNC1:S:C(N(CC)CC):C(=CC2:C:O:C(C):C(C(F)(F)F):C:2N):C:C:1[SH](=O)=O,411.8947050732271,13.65978177354031
4072,21,1,16,16,12,4022,21,2,3,14,CC1:C:S(C#CC#CC2:C:S(CN(CC(=O)O)CC(=O)O):C:C(CN(CC(=O)O)CC(=O)O):S:2N(C)C)([SH](=O)=O):C:C:S:1C(=O)O,411.8677186974661,27.282492190970835
5130,26,24,24,11,11,831,5,2,2,26,CC(C)C1C[SH](C(C)C)C(N)(C#CS2:C:C(=O):C:C([SH](=O)=O):C:2[SH](=O)=O)C1,411.84161747342796,23.560236100000512
2684,14,21,12,16,18,8985,45,4,4,4,CCC1:C:C:S(CC)(CNC2:C:C(CN(CC(=O)O)CC(=O)O):S:C(O):C:2Br):S:C:1CC,411.83635961815224,12.554558206809524
2087,11,14,8,15,13,64,1,26,6,12,N#CC(C#N)=C1:C:N:C(N=O):C(C(=O)O):C:1C=CC=CC1=CC(O)=C([N+](=O)O)C1=O,411.8258241597702,24.481837346464772
2505,13,2,6,22,19,1067,6,3,16,12,CC1:B(C(=N)C2:C:C([SH](=O)=O):C([N+](=O)O):S(S(=O)(=O)O):C:2):C:C:C(O):C:1CN(CC(=O)O)CC(=O)O,411.80027075783056,23.197566873726704
9149,46,11,21,24,19,1821,10,14,13,17,CC(=O)NN1:C:C(C(=O)O):C(C(=N)C2:C:C(C(C)C):N(Br):C(N):O:2):C:C:1C(F)(F)F,411.66043694511166,18.684551954656527
1375,7,6,6,6,20,2292,12,8,5,23,CCNC1:C:C(Cl):N:C(C=CC(C)=CC2:C([N+](=O)O):O:C:C([N+](=O)O):C:2[N+](=O)O)(N=O):C:1,411.62669585024224,13.731596299308304
6757,34,7,2,5,1,249,2,19,12,11,COC1NCC(Cl)(N=NC2(C(=O)[O][Na]):C:C:C:C(N):C:2O)C1[SH](=O)=O,411.6252854770461,34.976044145081175
287,2,15,6,8,18,4066,21,1,24,1,CC(C)C1:C:S(N(C)C):C:C:S:1(CNC1:C:C(N=O):C([N+](=O)O):C(=C(C#N)C#N):C:1)N(C)C,411.59757252906246,17.080426326840414
5990,30,16,23,4,9,6476,33,13,11,4,CCNN1CN(CN(CC(=O)O)CC(=O)O)C(C2(NC(C)=O)C[SH](N)CC2CC)C1CC,411.5887114837909,13.06920106188421
6251,32,8,3,4,13,8612,44,8,1,25,CCC1(C=CC=CN2:C:C(=N):C:C(N(C)C):S:2N=O)CN(C)C[SH]1N=O,411.5475360207241,26.316703528669493
2177,11,5,17,17,16,6755,34,6,3,26,CC1C(=O)C(C=CC=CC=CC2:C:C(Cl):N(C(F)(F)F):C:C:2C(F)(F)F)NC1[N+](=O)O,411.44637197767327,18.196432053059244
7518,38,12,25,9,4,5908,30,18,3,16,CCOC(=O)C1N(C)CC(CN(CC(=O)O)CC(=O)O)N1C=CC1(N(CC)CC)C(=N)CSC1O,411.42892064075875,11.537926735554526
6858,35,23,12,7,13,2127,11,18,26,18,CCNC1C(O)NCC1(C=CC=CC1(C(=O)OCC):C:C:C(C(=O)OCC):N:C:1=O)OC,411.34597371406755,15.182012326433625
2727,14,5,23,6,11,4521,23,14,26,12,CCNS1:C:C(Cl):C(C#CC2C(O)C(=O)CC2C(=O)O):C:C:1[N+](=O)O,411.32732265461175,27.23472574388503
1068,6,12,24,6,6,2103,11,8,18,8,CCOC(=O)C1:N:C(N=O):C(=CC2:B:C(O):C(C(C)C):C([N+](=O)O):C:2):C:C:1N=O,411.26807577899547,25.7898563196078
2100,11,8,24,3,2,6695,34,7,18,5,CCOC(=O)N1CC(Cl)CC1(OC)C(=O)C=CC1:C:C(C):N(C(C)C):C:C:1N=O,411.2249820888304,15.604024012937147
1723,9,26,21,11,8,4109,21,5,18,2,CCOC(=O)S1:C:C:S(Cl)(=CC=C2:C:C(N):C(Br):O:C:2=O):C:C:1[SH](=O)=O,411.2007553417061,19.011641140966933
2174,11,20,12,7,18,5304,27,20,4,14,CCC1CN([O][Na])N(CNC2:C:C([O][Na]):N(O):C:C:2OC)C1C(=O)O,411.1535552300903,23.513954502995762
5672,29,18,4,2,14,1876,10,13,24,16,CCOC(=O)[SH]1N(CC)CCC1(OC1(NC(C)=O):C:C:N:C(CN(CC(=O)O)CC(=O)O):C:1C(C)C)[SH](=O)=O,411.1252549553577,24.614318180564737
9533,48,22,12,15,19,1555,8,17,2,21,N#CC(C#N)=S1CC(C(=N)C2(C(F)(F)F):C:C(Br):C:O:C:2[SH](=O)=O)[SH](S(=O)(=O)O)C1O,411.0772625250487,32.95574182733326
726,4,12,10,13,9,1654,9,19,26,3,CC(=O)NC1:C:C(C2(C(=O)[O][Na]):C:C(C):C:C(=O):O:2):O:C(O):C:1S(=O)(=O)[O][Na],411.06816017307284,30.959423991981563
3023,16,7,10,11,11,9553,48,6,13,7,COC1C(NC(C)=O)[SH]([N+](=O)O)C[SH]1C#CC1:C(N):N:C:C(S(=O)(=O)[O][Na]):N:1OC,411.0621898626159,26.23689100186973
3043,16,8,26,17,20,290,2,7,18,5,CCOC(=O)C1:C:C(Cl):C:C:C:1(C=CC(C)=CC1:C:N(C(F)(F)F):C:C(=O):N:1N=O)OC,410.9155269364912,14.91982541371704
6611,34,17,22,1,20,3181,16,11,25,8,CC(C=CN1:C:C:N(N=O):C(=N):C:1N)=CC1C(N(C)C)CN(S(=O)(=O)O)C1C(F)(F)F,410.87816872270685,35.2491981489078
4716,24,11,8,6,19,9587,48,22,1,5,CN(C)[SH]1CC(Cl)[SH](C(=N)C2CC([N+](=O)O)C(N=O)N2N)C1S(=O)(=O)O,410.8619729943255,18.02955381629317
7336,37,9,7,9,14,5059,26,4,16,24,CCN(CC)C1C(OC)OCC1(OS1(CC)CC(CN(CC(=O)O)CC(=O)O)CC1C(C)C)N(CC)CC,410.85808021335504,9.729389690038364
462,3,3,6,25,2,5945,30,16,3,9,CCN(CC)C1CN(C)C(CN(CC(=O)O)CC(=O)O)N1C(=O)C=CC1:C(=N):C([N+](=O)O):C:C:N:1C,410.84786779520493,15.415902495172991
247,2,2,1,1,2,6759,34,1,26,26,CN(C)C1:C:C(C=CC(=O)C2NC(N(C)C)C(=O)C2=O):C([SH](=O)=O):C(N(C)C):C:1,410.8307232579306,14.772307618540827
1806,10,2,1,15,4,7386,37,4,21,22,CCC1(C=CC2:C([SH](=O)=O):C(N(C)C):C:N:C:2=C(C#N)C#N)CC(S(=O)(=O)O)OC1Br,410.82970285443633,29.93319639178657
3148,16,12,5,4,8,4043,21,26,13,24,CCC1:C(=CC=S2(=O):C:C:S(C(C)C):C(NC(C)=O):C:2):N:C:C(O):N:1Cl,410.8121390595208,22.57618712352139
2061,11,11,1,12,4,8999,45,8,13,12,CC(=O)NC1:C:C(O):C:S(C=CC2:C(N):C:N:C(N(C)C):C:2O)(N=O):S:1,410.8113047210785,11.261161287495092
5795,29,6,14,20,1,8506,43,23,21,26,CCNN1:C(Br):C(=O):C:C:N:1N=NC1([O][Na])CC(C(=O)O)N([N+](=O)O)S1,410.7914935259288,29.713280195293226
6589,33,24,18,13,12,2014,11,25,26,26,CCOC(=O)C1SCC(C(C)C)C1(C#CC#CC1:C:C(=O):C(=O):N:C:1=N)NC(C)=O,410.78072810778013,16.94606763114334
1215,7,7,22,25,6,6578,33,1,22,10,COC1:C(S(=O)(=O)O):C:O:C(=N):C:1C=C1C(N(C)C)SC(S(=O)(=O)O)C1S(=O)(=O)[O][Na],410.73192221077016,14.511879015089454
3268,17,1,11,13,4,6467,33,14,22,5,CC(=O)NC1:O:C:C(C=CC2C[SH](C(=O)O)C(S(=O)(=O)O)C2Cl):N(N(C)C):C:1N,410.7211127495499,13.449565049174065
9554,48,5,24,18,7,2364,12,22,25,3,CCOC(=O)C1SC(C(C)C)[SH](Cl)C1C=NC1:C:C(C):C(=N):C:N:1S(=O)(=O)O,410.5799949968403,21.20736521730918
4198,21,23,21,5,19,2360,12,18,8,12,CCNS1:C(Br):C:S:C(Cl):C:1C(=N)C1:C:C(O):C:C(N=O):N:1C(=O)OCC,410.5615896197779,12.13708242684317
9527,48,12,21,1,7,6841,35,5,23,4,CCNN1CC(Cl)(N=CC2(N(C)C)C(Br)SC[SH]2O)CC1CC,410.5468488881368,10.977187114539753
6876,35,13,17,18,4,3065,16,26,23,9,CCNC1:C(=O):N(C=CC2(C(=O)OCC)CN(C(F)(F)F)CC2NC(C)=O):C:C:N:1N(CC)CC,410.5354706858857,17.81641580530344
4598,23,4,15,12,9,2242,12,13,2,18,CCOC(=O)C1:C:C:C:C(NC(C)=O)(C2(O)CC(=C(C#N)C#N)CC2CC):N:1[SH](=O)=O,410.4935129125018,22.594890326172724
3830,20,2,8,4,9,3543,18,2,11,21,CCC1:C(N2:C:C:S(Br):C(N):C:2[SH](=O)=O):O:C:C([SH](=O)=O):S:1N=O,410.46413553996337,27.345850464159096
2042,11,18,16,26,19,2317,12,13,11,3,CCOC(=O)C1:C(C(=N)C2:C:C(C):C(N):C(NC(C)=O):N:2):C:C(=O):N:C:1CN(CC(=O)O)CC(=O)O,410.2587364739228,15.961550248876787
8125,41,12,3,12,10,5738,29,19,6,19,CC1:C:C(O):C(=[SH]2(C(=O)[O][Na])CC(C(=O)[O][Na])C([N+](=O)O)N2):O:N:1O,410.1742162394171,24.70759614891246
5648,29,2,1,5,2,6305,32,3,3,8,CC1C(N=O)[SH](C(=O)C=CC2C(Cl)C(N(C)C)N[SH]2[SH](=O)=O)CN1C,410.1717752700714,27.54913944897427
2583,13,1,6,14,1,358,2,16,7,8,COC1:C(N=O):C:C:C(N=NC2:C(N(C)C):C:C([N+](=O)O):S:C:2C(=O)O):C:1CN(CC(=O)O)CC(=O)O,410.1194617058849,20.638880287226073
3591,18,5,16,7,1,1807,10,5,21,21,COC1:S:C(CN(CC(=O)O)CC(=O)O):C(Cl):N:C:1N=NC1(Cl):C:C:N:C(Br):C:1Br,410.1019102241039,22.92270132303206
4782,24,17,12,8,13,5139,26,26,8,25,N=C1C(N=O)C(=O)C[SH]1C=CC=CC1(N=O)CC(O)CN1C(F)(F)F,410.07211020038085,18.765250303987166
8764,44,19,3,26,9,5133,26,26,22,22,CS1:C(=O):C:C:C([SH]2(=O)CC(S(=O)(=O)O)CC2S(=O)(=O)O):N:1C(=O)[O][Na],410.0575456760586,36.559263425896305
1187,6,12,17,11,12,1125,6,17,4,26,CCC1:C:C(=O):C:B(C#CC#CC2:B:C(O):C(C(F)(F)F):C:C:2N):C:1C(F)(F)F,410.0470236910654,18.084898939163644
2885,15,6,3,22,14,8883,45,22,26,18,CCOC(=O)C1:C:S(OC2:C:S([N+](=O)O):C(C):C:C:2S(=O)(=O)O)(S(=O)(=O)O):S:C:C:1=O,410.03492358127204,29.42735015055331
9530,48,17,2,23,8,1699,9,12,12,3,CCNC1SC([SH](=O)=O)[SH](C(F)(F)F)C1=CC=C1:C:C(C):C(O):C(O):O:1,410.0295197845109,13.279437633350156
7441,38,9,22,14,11,5326,27,12,3,7,CCN(CC)C1SCC(S(=O)(=O)O)C1(C#CN1C(OC)C(C)CN1O)C(=O)O,409.9853077886936,10.405235319087764
4506,23,1,24,22,18,6800,34,16,22,23,CCNC1CC(CNC2(S(=O)(=O)O)CCC(C(C)C)C2N(C)C)(CN(CC(=O)O)CC(=O)O)NC1S(=O)(=O)O,409.985132755033,7.770979357011513
2597,13,6,26,12,2,7523,38,17,7,22,COC1CC(S(=O)(=O)O)C(C(=O)C=CC2:C:C([N+](=O)O):C(=O):S(O):C:2)(C(F)(F)F)S1,409.94746381971,25.912460883086805
2986,15,21,4,7,9,5644,29,26,20,5,CCC1:S:C(Br):C([SH]2(=O)NC([O][Na])CC2Cl):C:C:1OC,409.91671642975655,33.78973723021072
6240,32,1,4,12,7,6754,34,21,3,3,CCC1NCC(O)(C=NC2NC(Br)C(C)C2C)[SH]1N(C)C,409.9078619701957,13.846362924262205
1032,6,6,16,18,4,9698,49,8,8,1,CCOC(=O)C1:C:C(C=CN2ON(N=O)C(N=O)C2N(C)C):B:C([N+](=O)O):C:1CN(CC(=O)O)CC(=O)O,409.87296664384394,9.966068785618141
438,3,7,22,13,12,6425,33,7,9,16,CCN(CC)[SH]1CC(C#CC#CC2:N:C(OC):C(S(=O)(=O)O):C:C:2NC(C)=O)(OC)CC1CN(CC(=O)O)CC(=O)O,409.81352744234266,12.390238348148824
5592,28,1,11,11,9,1179,6,19,12,20,CN(C)N1CC(N)C(N)(B2:C:C([O][Na]):C(O):C:C:2C(=O)[O][Na])O1,409.7005877988572,23.081318469969542
8408,43,22,12,9,11,4594,23,16,2,14,CCN(CC)C1:C(O):C:N(S(=O)(=O)O):N:C:1C#CC1C(CN(CC(=O)O)CC(=O)O)CC([SH](=O)=O)C1C(=O)O,409.69544169212304,21.35713757344778
1120,6,26,9,5,12,5399,27,17,6,5,CCN(CC)C1:C:C(Cl):C(C#CC#CN2NC(C(F)(F)F)C([N+](=O)O)C2Cl):B:C:1=O,409.64424220723487,22.810178923385326
1282,7,14,18,16,10,1881,10,9,2,14,CCOC(=O)C1:C:O:C(CN(CC(=O)O)CC(=O)O):C(=C2:C:C:N(C(=O)O):C([SH](=O)=O):C:2N(CC)CC):C:1C(=O)O,409.6427671298419,25.80298908393883
5960,30,21,12,8,13,5146,26,26,7,24,COC1CCC(C(C)C)[SH]1(=O)C=CC=CC1(N=O)NCN(Br)C1O,409.62927333499067,20.119120019882885
7887,40,7,21,18,11,6688,34,4,3,1,CCOC(=O)C1:C(C#CC2C(N(C)C)CC(C)N2CC):O:O:C(OC):C:1Br,409.61102700843077,21.624502596683342
8712,44,6,26,15,9,367,2,24,5,21,CC(C)C1(C2:N:S([N+](=O)O):C(=O):C:C:2=C(C#N)C#N):C:C:C(Br):C:C:1Cl,409.56516570958064,22.534319047166356
4542,23,13,17,23,18,2811,15,23,18,23,CCNC1:C:C:C(CNC2(NCC)C(NC(C)=O)CCC2C(F)(F)F)(NCC):S(C(=O)OCC):C:1,409.53818289137007,13.70061247012079
9004,46,26,16,14,5,6821,35,25,8,8,N=C1C(=NC2:O:C(=O):N(CN(CC(=O)O)CC(=O)O):C:C:2C(=O)O)C(N=O)CN1N=O,409.52627367708567,25.800067778802603
3545,18,1,25,18,12,2755,14,23,2,26,CCNC1(C#CC#CC2:C:S(C(=O)OCC):C(=N):C(N(C)C):N:2):C:S:C([SH](=O)=O):C(=O):C:1,409.4767173007834,13.922052323270574
4969,25,5,19,5,14,2483,13,24,25,5,CC(C)C1(OC2(Cl)OC(Cl)CC2C(=O)[O][Na]):C:C:S:C(Cl):C:1=N,409.38365241921605,35.65120222042088
6757,34,7,2,5,19,4115,21,7,4,8,CCC1:C(N=O):S:C:C:S:1(OC)C(=N)C1(Cl)CNC(OC)C1[SH](=O)=O,409.3518422486394,9.612705461731442
6520,33,11,25,2,1,3442,18,20,26,25,N=C1SC(N)CC1(N=NN1:C:C([O][Na]):S(=O):C(=N):C:1)[SH](=O)=O,409.3486442389909,34.75998949651742
399,2,4,17,17,6,1863,10,4,18,8,CCOC(=O)C1:N:C(N=O):C:C(=CC2:C:C:C(CC):C(C(F)(F)F):C:2C(F)(F)F):C:1CC,409.2929430426983,21.71138653208761
387,2,5,22,12,12,1282,7,14,18,16,CCOC(=O)C1:C:O:C(CN(CC(=O)O)CC(=O)O):C:C:1(C#CC#CC1:C:C(O):C(S(=O)(=O)O):C:C:1Cl)C(=O)O,409.1443621219402,10.25791771327674
2213,12,5,5,8,9,6350,32,26,10,6,O=NC1:C:C([SH]2CC([N+](=O)O)N(S(=O)(=O)[O][Na])C2=O):C(Cl):N(Cl):C:1,409.14253457385973,30.90409811825441
1651,9,25,22,17,4,6976,35,9,9,25,CCN(CC)C1NC(=N)CC1(C=CC1:C:O:C(=N):C(S(=O)(=O)O):C:1C(F)(F)F)N(CC)CC,409.10996684325653,12.960661466103959
4701,24,16,24,21,1,1844,10,11,17,6,CC(C)C1CN(CN(CC(=O)O)CC(=O)O)C(Br)(N=NC2(N):C:C:N:C([N+](=O)O):C:2C(F)(F)F)C1,409.1066064518218,19.39017457073839
2664,14,9,22,26,5,4072,21,1,16,16,CCN(CC)C1:C(N=S2(N(C)C):C:C:S(CN(CC(=O)O)CC(=O)O):C:C:2CN(CC(=O)O)CC(=O)O):C:C:S(=O):C:1S(=O)(=O)O,409.02038997907454,30.412893207689432
8664,44,24,11,21,9,4166,21,11,11,3,CC(C)S1:C:C(N):C(Br):C(S2(N):C:C:S(C):C(N):C:2):N:1,409.00301286973854,18.673990946329056
6975,35,1,17,8,7,6597,33,3,14,8,CN(C)C1CC(C=NC2(C)C[SH](C(=O)O)CC2N=O)(N=O)C(C(F)(F)F)N1,408.95724240952734,15.16032270734654
1068,6,12,24,6,6,2758,14,4,7,13,CCC1:C(=CC2:B:C(O):C(C(C)C):C([N+](=O)O):C:2):C:C:C(NC(C)=O):S:1OC,408.8682414743788,23.08485214248658
2100,11,8,24,3,18,6992,35,4,14,21,CCN1CC(CNC2:C:C(C):N(C(C)C):C:C:2N=O)C(Br)C1C(=O)O,408.8378057825727,17.65321519274809
4599,23,3,18,23,20,5683,29,14,12,26,CCNC1(C=C(C)C=CS2(C(=O)O)NC(O)CC2=O)CCC(C(=O)OCC)C1C,408.83256775289186,18.328307699736424
2867,15,25,12,6,4,2424,13,23,5,25,CCNC1:C:C(C=CC2:C([N+](=O)O):C:C(O):S:C:2=N):C:C(=N):S:1Cl,408.8296757462625,7.6451712409774295
5912,30,7,7,9,6,9557,48,6,22,24,CCN(CC)C1(C=[SH]2([N+](=O)O)CC[SH](C(C)C)C2S(=O)(=O)O)CN(OC)C(OC)N1,408.82358458953973,9.50118584639585
2045,11,17,3,23,4,1894,10,23,2,18,CCNC1:C(C):N:C:C(C(F)(F)F):C:1C=CC1(NCC):C:C(C(=O)OCC):N:C:C:1[SH](=O)=O,408.79368894663605,9.648950405762628
3493,18,4,8,12,12,4706,24,22,5,2,CCN1:C:C(N=O):S:C(O):C:1C#CC#CN1CC(S(=O)(=O)O)C(Cl)C1[SH](=O)=O,408.7812743908246,21.416697273177054
4523,23,13,5,12,15,6983,35,26,7,5,COC1NC(=O)C(CC=CC=CC2(O)CC(Cl)C(NC(C)=O)C2)C1Cl,408.71541593672544,19.573682510979637
9457,48,5,14,24,11,830,5,25,10,16,CC(C)C1C(C#CS2:C:C(CN(CC(=O)O)CC(=O)O):C(S(=O)(=O)[O][Na]):C(=N):C:2)SC(Cl)[SH]1C(=O)O,408.7058894625407,33.40944188262002
7067,36,7,8,25,13,1014,6,1,24,6,COC1OC(N=O)C(=N)C1C=CC=CB1:C:C(N(C)C):C(C(C)C):C([N+](=O)O):C:1,408.59546065658014,25.0697233748842
1081,6,1,26,5,11,9470,48,2,12,5,CN(C)B1:C:C:C(=O):C(Cl):C:1C#CS1([SH](=O)=O)CC(Cl)SC1O,408.5495450428852,31.0021815971016
630,4,8,12,3,7,2693,14,16,16,17,CC1:C(C=NC2(CN(CC(=O)O)CC(=O)O):C:C(C(F)(F)F):C:S(CN(CC(=O)O)CC(=O)O):C:2):O:C:C(N=O):C:1O,408.4805508725677,30.530306775911217
9190,46,25,17,13,10,978,5,17,12,24,CC(=O)NC1:C:N(C(F)(F)F):C(=N):O:C:1=S1(C(F)(F)F):C:C:C:C(C(C)C):C:1O,408.41826571195946,10.856344799601152
1366,7,7,8,21,1,5150,26,2,22,22,COC1:C:C(N=O):O:C(Br):C:1N=N[SH]1CC([SH](=O)=O)C(S(=O)(=O)O)C1S(=O)(=O)O,408.32310240928587,20.913946813618367
8560,43,2,13,13,19,1572,8,14,2,24,CC(=O)NC1:C:C(C(=N)C2(C(=O)O):C:C:C(C(C)C):O:C:2[SH](=O)=O):N:N([SH](=O)=O):C:1NC(C)=O,408.30809922319816,22.35136105049181
8989,45,17,9,14,14,1403,8,16,23,11,CCNC1:O:C:C(CN(CC(=O)O)CC(=O)O)(OC2:C:C(C(=O)O):C:S(N(CC)CC):S:2C(F)(F)F):C:C:1N,408.28982314056054,21.015517670638772
9360,47,23,6,14,8,950,5,23,12,17,CCNC1:O:C(=CC=S2(NCC):C:C(O):C:C(C(F)(F)F):C:2):C(C(=O)O):C([N+](=O)O):S:1,408.2078664938497,21.524730778749188
371,2,8,17,1,14,5876,30,25,6,25,CN(C)C1:C:C:C(ON2CC(=N)N([N+](=O)O)C2=N):C(N=O):C:1C(F)(F)F,408.176804709566,12.871435545692856
6649,34,14,2,19,5,1753,9,25,11,5,N=C1:O:C(=NC2C(C(=O)[O][Na])CN([SH](=O)=O)C2C(=O)O):C:C(Cl):C:1N,408.15710393933944,37.74333453120604
3502,18,8,3,25,11,1872,10,5,6,20,CC1:C:S(=N):C:C(C#CC2:C:C(Cl):N([N+](=O)O):C([O][Na]):C:2):N:1N=O,408.07861958717825,21.532688633422786
5820,30,23,12,9,19,4507,23,8,17,18,CCNC1NC(O)C(C(=N)C2(N=O)CC(C(=O)OCC)C(C(F)(F)F)C2)(N(CC)CC)N1,408.0116626272413,13.920132992778594
8823,45,22,7,3,7,3532,18,5,11,22,COC1:S:S(S(=O)(=O)O):C(C=NN2:C:C(S(=O)(=O)O):S(N):C:C:2Cl):C:C:1C,407.92358997771817,28.247312722454243
948,5,26,4,16,9,6355,32,13,1,25,CCC1:C:C(CN(CC(=O)O)CC(=O)O):C:C(S2(NC(C)=O)CC(=N)NC2N(C)C):S:1=O,407.8911900429123,20.639906271444467
5476,28,2,3,2,11,9446,48,4,1,21,CCS1(C#CC2([SH](=O)=O)ON([SH](=O)=O)CC2C)CC(Br)[SH](N(C)C)C1,407.88353261815155,13.837152642783407
3107,16,25,5,23,18,2560,13,12,25,15,CCNC1:N:C(Cl):C(=N):N:C:1NCC1(O):C:C:S(=C(C#N)C#N):C:C:1=N,407.84146400940574,11.020702601910973
9662,49,11,20,21,9,2135,11,8,21,15,N#CC(C#N)=C1:C:C(N=O)(C2(Br)C([O][Na])NON2N):C:N:C:1Br,407.7564520073929,21.441252422691214
6358,32,9,25,11,19,5633,29,5,4,11,CCN(CC)[SH]1C(=N)NC(N)C1C(=N)S1(Cl)CCC(N)N1CC,407.6938200279742,13.477993251751776
5042,26,7,7,5,7,6919,35,21,5,17,COC1CCC(Cl)(C=NC2C(Br)NC(Cl)C2C(F)(F)F)[SH]1OC,407.636790381127,23.96056668865006
8683,44,18,25,22,10,5109,26,3,13,1,CCOC(=O)N1:C(=[SH]2(C)CCC(N(C)C)C2NC(C)=O):C:C:C(S(=O)(=O)O):S:1=N,407.6229079768871,21.84413408512478
1095,6,21,13,4,18,352,2,6,23,4,CCNC1:C:C(CC):C:C:C:1(CNC1:B(Br):C:C:C(NC(C)=O):C:1CC)[N+](=O)O,407.56961682290955,13.969140524974286
3470,18,15,21,14,12,1416,8,1,1,2,CN(C)C1:O:C([SH](=O)=O):C:C:C:1(C#CC#CC1:C:S(C(=O)O):C(Br):C(=C(C#N)C#N):N:1)N(C)C,407.54719866711173,9.816856821776174
5793,29,22,21,19,18,1578,8,14,20,3,CC1:C:C:C(CNC2(C(=O)[O][Na])CC(Br)N[SH]2S(=O)(=O)O)(C(=O)O):C([O][Na]):O:1,407.5270313281593,26.08766957619984
2598,13,4,7,5,10,8996,45,13,5,25,CCC1:C(OC):C:S(Cl):C:C:1=S1:C:C:C(=N):C(Cl):S:1NC(C)=O,407.48178525895315,17.856248671168526
4037,21,25,1,16,18,2779,14,7,1,3,COC1(CNC2:C(CN(CC(=O)O)CC(=O)O):S:C:C(N(C)C):S:2=N):C:C:C:S(C):C:1N(C)C,407.45200802756995,12.075492997023877
8632,44,8,7,5,18,1913,10,24,15,8,COC1:C:C(Cl):C(NCC2(C(C)C):C:C:N(N=O):C:C:2=C(C#N)C#N):N:S:1N=O,407.4325652030584,28.45785654135235
4687,24,13,3,2,5,801,5,1,16,17,CC(=O)NN1C(C)CC([SH](=O)=O)C1N=S1:C:C:C(C(F)(F)F):C(CN(CC(=O)O)CC(=O)O):C:1N(C)C,407.4287817059068,23.581064222235636
308,2,6,13,26,13,5197,26,6,12,26,CC(=O)NC1:C:C([N+](=O)O):C(C=CC=CS2([N+](=O)O)CCC(O)C2=O):C(=O):C:1,407.40475408336795,21.661216212892455
2584,13,21,7,23,7,5957,30,9,1,22,CCNC1:S:C:C(OC):C(Br):C:1C=NN1CN(N(CC)CC)C(N(C)C)C1S(=O)(=O)O,407.35953800255487,13.536719178810573
2315,12,3,6,26,13,2436,13,4,8,25,CCC1(C=CC=CC2:C:N(C):C([N+](=O)O):C:C:2=O):C:C(N=O):S:C(=N):C:1,407.3319120966248,18.91457886117446
1921,10,8,22,21,13,1429,8,3,11,7,COC1:C:O:C(N):C(C)(C=CC=CC2:C(N=O):C:C(S(=O)(=O)O):N:C:2Br):C:1,407.1726480174985,23.25713840016563
2571,13,5,7,6,16,7582,38,17,12,11,COC1:S:C([N+](=O)O):C(C=CC=CC=CC2(C(F)(F)F)SC(O)CC2N):C:C:1Cl,407.1210851457217,19.96390615615759
7714,39,14,24,26,5,5095,26,16,8,9,CCN(CC)C1C(N=O)C(CN(CC(=O)O)CC(=O)O)CS1=NC1:O:C(C(=O)O):O:C(C(C)C):C:1=O,407.0917756012849,17.049246280721025
1312,7,21,11,21,9,6309,32,21,7,1,CON1CC(N(C)C)S(Br)(C2:C:O:C(Br):C(N):C:2Br)C1,406.9956320163994,15.554724962042584
9427,48,14,2,25,9,7270,37,9,8,22,CCN(CC)C1OC(N=O)C(S(=O)(=O)O)C1C1CS(=N)C([SH](=O)=O)[SH]1C(=O)O,406.99145204022994,17.259067249411935
1629,9,18,9,12,18,6652,34,24,17,2,CCOC(=O)C1:O:C(N(CC)CC):C:C(O):C:1NCC1C([SH](=O)=O)CC(C(F)(F)F)N1C(C)C,406.9758303200641,13.701592057999356
493,3,21,9,24,12,4523,23,13,5,12,CCN(CC)C1:C:C(Br):N:C(C#CC#CC2C(O)CC(Cl)C2NC(C)=O):C:1C(C)C,406.9608005316348,14.902292023066956
9542,48,7,2,7,1,5049,26,24,1,14,CO[SH]1CC(N=NS2(C(C)C)CCC(N(C)C)C2C(=O)O)[SH](OC)C1[SH](=O)=O,406.9016951875646,8.013880346191343
8503,43,9,9,2,7,5752,29,17,6,6,CCN(CC)C1:C:C([SH](=O)=O):C(C=N[SH]2C([N+](=O)O)C([N+](=O)O)CN2C(F)(F)F):N:N:1N(CC)CC,406.8959449438315,18.22807285660558
3532,18,5,11,22,7,8945,45,3,9,7,CCN(CC)S1:C:C(OC):C:C:S:1(C)N=CC1:N:C(Cl):C:S(N):C:1S(=O)(=O)O,406.7505597877406,26.250851745036112
3108,16,26,5,10,4,9402,48,25,19,11,N=[SH]1(C=CC2:N:C:C(=O):N(Cl):C:2S(=O)(=O)[O][Na])CC(N)[SH](C(=O)[O][Na])C1,406.7107173618741,12.598562975330937
2201,12,11,26,9,10,4153,21,9,14,17,CCN(CC)C1:C:C(=S2:C:C(N(CC)CC):S(C(=O)O):C(C(F)(F)F):C:2):C(N):N:C:1=O,406.6210278722792,23.305324827595573
4541,23,2,2,6,9,6545,33,1,18,14,CCOC(=O)[SH]1CC(C(=O)O)C(C2C([N+](=O)O)C([SH](=O)=O)CC2[SH](=O)=O)(N(C)C)C1,406.61602502494526,19.158579724822243
1529,8,5,7,3,12,2552,13,15,12,24,COC1:O:C:C(Cl):C(C#CC#CC2:C:C(C(C)C):S:C(O):C:2=C(C#N)C#N):C:1C,406.5232926878851,14.731826179296082
8629,44,7,3,18,19,810,5,9,18,17,CCOC(=O)C1:C:C(C(=N)S2(N(CC)CC):C:C(C(F)(F)F):C:C:C:2C(=O)OCC):N:S(OC):C:1C,406.5134141461106,25.59390473705881
6670,34,2,25,24,4,2172,11,25,8,24,CC(C)C1:C:C(C=CC2CN([SH](=O)=O)C(=N)C2C(C)C):C(=N):N(N=O):C:1,406.49603616601576,11.898469149033234
7631,39,10,8,14,12,6295,32,5,3,17,CC1C(C(F)(F)F)[SH](C#CC#CC2:O:C(S(=O)(=O)[O][Na]):O:C(N=O):C:2C(=O)O)CN1Cl,406.46280935350705,17.929651365756527
2254,12,5,21,26,8,953,5,6,25,8,N=C1:C(N=O):C:C:S(=CC=C2:C:C:C(=O):N(Br):C:2Cl):C:1[N+](=O)O,406.45047367685356,24.65801454636866
9584,48,1,8,24,12,2366,12,9,9,2,CCN(CC)C1:C:C([SH](=O)=O):C:C(C#CC#CC2(C(C)C)SC[SH](N(C)C)C2N=O):N:1N(CC)CC,406.39781947640734,15.057167048707393
8767,44,12,12,16,5,5662,29,24,12,17,CC(C)[SH]1(=NC2:C(CN(CC(=O)O)CC(=O)O):C(O):C:S:N:2O)CCC(C(F)(F)F)N1O,406.3476934708796,18.08237540779008
854,5,8,22,4,10,6463,33,3,6,6,CCC1:C(S(=O)(=O)O):C:C(N=O):S:C:1=C1C([N+](=O)O)C[SH]([N+](=O)O)C1C,406.3414244420076,24.57989496156314
4677,24,2,8,17,5,2474,13,4,3,25,CCC1:C(C):S(=N):C:C:C:1=NC1(C(F)(F)F)CCC(N=O)N1[SH](=O)=O,406.3310597598618,12.390158797827377
6959,35,17,12,13,4,1954,10,26,5,19,CC(=O)NC1(C=CC2:C:C(C(=O)[O][Na]):N(Cl):C(=O):C:2)CCN(C(F)(F)F)C1O,406.32784106724483,8.452123888948687
6130,31,19,4,6,11,1929,10,26,2,3,CCC1N(C(=O)[O][Na])COC1(C#CC1:C:C(C):N:C([SH](=O)=O):C:1=O)[N+](=O)O,406.32043329857606,28.02198112606692
6850,35,7,22,11,12,1738,9,18,16,11,CCOC(=O)C1(C#CC#CC2(N)CC(OC)NC2S(=O)(=O)O):C:C:C(N):C(CN(CC(=O)O)CC(=O)O):O:1,406.2557449123959,16.402055396117646
6696,34,2,23,2,18,1258,7,22,14,22,CCNC1CNC([SH](=O)=O)C1(NCC1(S(=O)(=O)O):C:C:O:C(S(=O)(=O)O):C:1C(=O)O)[SH](=O)=O,406.1950428496838,10.459096659622684
1385,7,5,3,4,11,2907,15,15,22,3,CCC1:O:C(C):C(Cl):C:C:1C#CC1:C:C(C):C(S(=O)(=O)O):C:S:1=C(C#N)C#N,406.1375409460751,28.195366025285495
5119,26,14,12,23,1,7270,37,9,8,22,CCNC1(N=NC2C(N(CC)CC)OC(N=O)C2S(=O)(=O)O)SCC(C(=O)O)C1O,406.1121260919927,12.682710983682883
8506,43,23,21,26,7,1112,6,18,7,1,CCNN1:N:C(C=NB2:C:C(C(=O)OCC):C(OC):C(N(C)C):C:2):C:C(=O):C:1Br,405.99790492856135,18.151110139125297
7299,37,26,16,2,1,5092,26,12,14,1,CN(C)C1CC(C(=O)O)S(O)(N=NC2C(=O)C(CN(CC(=O)O)CC(=O)O)OC2[SH](=O)=O)C1,405.98800643039436,20.813141585897835
4012,21,22,24,4,14,6381,32,22,14,23,CCNC1C(C(=O)O)NC(S(=O)(=O)O)[SH]1OC1:C(CC):S:C(C(C)C):C:S:1S(=O)(=O)O,405.98732361690577,21.693505807447625
8508,43,5,24,17,12,4149,21,4,2,24,CCS1(C#CC#CC2:N:N(Cl):C:C(C(C)C):C:2C(F)(F)F):C:C(C(C)C):S:C:C:1[SH](=O)=O,405.9404534003615,29.82813592809727
2827,15,2,10,25,9,6936,35,8,25,13,CC(=O)NC1C(=N)N(N=O)CC1C1:C:S:C([SH](=O)=O):C(S(=O)(=O)[O][Na]):C:1=N,405.914068345859,20.120462029449
3858,20,19,1,22,1,7093,36,5,12,13,CC(=O)NC1CC(Cl)(N=NC2:O:C:C(C(=O)[O][Na]):S(N(C)C):C:2S(=O)(=O)O)OC1O,405.870276106352,37.86712505860228
5135,26,4,5,2,18,1956,10,2,23,5,CCNC1:C(Cl):N:C:C:C:1(CNC1C([SH](=O)=O)CC(Cl)[SH]1CC)[SH](=O)=O,405.8333966428433,21.739000241798866
931,5,17,25,9,19,2563,13,8,8,14,CCN(CC)C1:C(C(=N)C2(N=O):C:C:S(C(=O)O):C(N=O):C:2):S:C(C(F)(F)F):C:C:1=N,405.79212347736086,19.582223430597885
1582,8,23,6,14,5,2480,13,22,2,21,CCNC1:C:O:C([N+](=O)O):C(C(=O)O):C:1N=C1:C:C:S(Br):C([SH](=O)=O):C:1S(=O)(=O)O,405.7756976917964,18.456070164673935
1095,6,21,13,4,14,4515,23,10,17,26,CCC1:C(NC(C)=O):C:C:B(Br):C:1OC1(S(=O)(=O)[O][Na])CC(C(F)(F)F)CC1=O,405.76369612925157,28.889902167604593
5411,28,11,2,22,11,363,2,6,2,15,N#CC(C#N)=C1:C:C(C#CC2ON(N)C([SH](=O)=O)C2S(=O)(=O)O):C([N+](=O)O):C([SH](=O)=O):C:1,405.73501833398905,28.027869543035738
2177,11,5,17,17,18,2968,15,2,26,20,O=S1:C([O][Na]):C:C:C:C:1(CNC1:C:C(Cl):N(C(F)(F)F):C:C:1C(F)(F)F)[SH](=O)=O,405.6947162457328,26.13086777286742
3107,16,25,5,23,18,2833,15,25,18,11,CCNC1:N:C(Cl):C(=N):N:C:1NCC1:C:C(N):C:C(C(=O)OCC):S:1=N,405.6680688831226,7.131618258708084
6312,32,9,18,12,5,1906,10,22,2,24,CCOC(=O)N1C(O)C(N=C2:C:C(C(C)C):N:C([SH](=O)=O):C:2S(=O)(=O)O)SC1N(CC)CC,405.5066756977275,20.89044028723056
2257,12,16,12,13,11,2769,14,1,13,1,CC(=O)NC1:C:C(C#CC2:C:C(N(C)C):C(NC(C)=O):S:C:2N(C)C):C(CN(CC(=O)O)CC(=O)O):N:C:1O,405.378792206141,13.389721559720787
6246,32,13,3,1,14,545,3,9,12,13,CCN(CC)C1:C(O):C:C(NC(C)=O):C:N:1OC1(N(C)C)CNC(C)[SH]1NC(C)=O,405.3261136979976,24.952438096302895
8887,45,6,1,11,18,4650,24,9,13,26,CCN(CC)C1C(NC(C)=O)CC(=O)N1CNC1:S:S([N+](=O)O):C(N(C)C):C:C:1N,405.0965226079692,11.230322212700022
8689,44,12,12,13,12,8928,45,25,3,7,COC1:C:S(C#CC#CC2:N:S:C(O):C(O):C:2NC(C)=O):S(=N):C:C:1C,405.091917673426,10.867587006233082
9009,46,11,9,24,14,247,2,2,1,1,CCN(CC)N1:C(C(C)C):C:C(OC2([SH](=O)=O):C:C:C(N(C)C):C:C:2N(C)C):O:C:1N,404.9909100572303,20.365767084911575
2783,14,22,6,23,12,4504,23,26,20,22,CCNC1:C(C#CC#CC2C(=O)CC([O][Na])C2S(=O)(=O)O):C:C(S(=O)(=O)O):S:C:1[N+](=O)O,404.98706329703396,29.564124824697842
6538,33,1,20,5,9,1837,10,13,11,26,CC(=O)NC1:C(C2(Cl)C([O][Na])SCC2N(C)C):C:C(=O):N:C:1N,404.9792839393972,25.35963415753593
4475,23,2,2,7,12,3564,18,8,23,18,CCNS1:C:C(N=O):N(C#CC#CC2C(OC)C([SH](=O)=O)CC2[SH](=O)=O):C:C:1C(=O)OCC,404.9440671573426,24.98662866534733
4765,24,1,21,12,9,7523,38,17,7,22,COC1CC(S(=O)(=O)O)C(C2C(O)CC(Br)N2N(C)C)(C(F)(F)F)S1,404.91160917639223,20.958344364629234
9379,47,26,16,3,14,8830,45,13,13,12,CC(=O)NC1:S:S(OC2:C:C(C):S(CN(CC(=O)O)CC(=O)O):C(=O):O:2):C:C(O):C:1NC(C)=O,404.85645530279237,19.1174799116139
8995,45,13,25,14,11,2512,13,11,9,22,CCN(CC)S1:C:C:C(N)(C#CC2:C(C(=O)O):C:C:S(=N):S:2NC(C)=O):C:C:1S(=O)(=O)O,404.7687718127921,10.480464118364681
3564,18,8,23,18,9,937,5,6,25,16,CCNS1:C:C(N=O):N:C(S2:C:C:C(CN(CC(=O)O)CC(=O)O):C(=N):C:2[N+](=O)O):C:1C(=O)OCC,404.76041033365146,19.597555638068062
3790,19,12,2,22,8,5164,26,1,5,12,CN(C)[SH]1(=CC=C2:O:C(O):C([SH](=O)=O):O:C:2S(=O)(=O)O)CC(O)C(Cl)C1,404.64712989837005,10.521517079184795
1857,10,11,16,7,18,5376,27,18,15,7,CCOC(=O)N1CC(=C(C#N)C#N)C(OC)N1CNC1:C(N):C:C:N(CN(CC(=O)O)CC(=O)O):C:1OC,404.63678320297134,17.13765883348239
6439,33,7,9,11,14,6642,34,4,1,7,CCC1NC(OC2C(N)SC(N(CC)CC)C2OC)C(OC)C1N(C)C,404.56676990990167,25.87813276315461
261,2,13,11,24,7,6264,32,7,23,23,CCNC1CN(NCC)C(OC)[SH]1N=CC1:C:C:C(C(C)C):C(N):C:1NC(C)=O,404.56229966045487,18.356345936749946
2308,12,13,3,7,15,8530,43,3,14,12,COC1:C:C:C(C=CC=CCN2:C:C(O):C:C(C(=O)O):N:2C):C(NC(C)=O):N:1C,404.5471954270582,16.082265810005715
1961,10,18,26,14,14,6566,33,22,1,22,CCOC(=O)C1:C:C(=O):N:C(C(=O)O):C:1OC1(S(=O)(=O)O)CC(S(=O)(=O)O)SC1N(C)C,404.4658287723938,25.892115271372898
5242,27,21,23,18,13,511,3,11,25,17,CCNC1CNN(Br)C1(C=CC=CN1:C:C:C(C(F)(F)F):C(=N):C:1N)C(=O)OCC,404.4393430081012,13.019985011670755
6676,34,5,6,13,13,4564,23,1,8,6,CC(=O)NC1C(C=CC=CC2(N(C)C)CC([N+](=O)O)CC2N=O)C(Cl)NC1[N+](=O)O,404.3910245752678,17.200378713436017
2802,15,7,13,7,7,3090,16,1,12,9,CCN(CC)C1:C:N(N=CC2:C(OC):S:C:C(NC(C)=O):C:2OC):C:C(N(C)C):N:1O,404.3577285539815,14.08341115971309
318,2,26,16,12,1,571,3,1,21,13,CC(=O)NC1:C:C:N(N=NC2:C:C:C(=O):C(CN(CC(=O)O)CC(=O)O):C:2O):C(N(C)C):C:1Br,404.3542437111769,21.368825111216925
6261,32,13,23,16,14,8479,43,21,25,2,CCNC1NCC(CN(CC(=O)O)CC(=O)O)(ON2:C:C:C([SH](=O)=O):C(=N):N:2Br)[SH]1NC(C)=O,404.32070957344115,26.62839659078945
7885,40,16,16,23,5,1696,9,7,23,12,CCNC1:C(O):C:C(=NC2:O:O:C(CN(CC(=O)O)CC(=O)O):C(CN(CC(=O)O)CC(=O)O):C:2NCC):O:C:1OC,404.2439257320448,10.203010608329464
2425,13,7,8,7,2,5652,29,7,8,7,COC1:S:C:C(N=O):C(OC):C:1C=CC(=O)S1(OC)CCC(OC)N1N=O,404.20705829931757,16.141914029715903
6090,31,7,26,21,11,8892,45,9,16,5,CCN(CC)S1(C#CC2(Br)OC(OC)NC2=O):C:C(Cl):C:C:S:1CN(CC(=O)O)CC(=O)O,404.20006339682425,23.299037115098624
5236,27,23,25,6,19,5661,29,21,3,6,CCNN1NC(C(=N)S2(Br)C([N+](=O)O)CCN2C)C([N+](=O)O)C1=N,404.1738017962129,19.747309746471842
5711,29,10,20,2,12,3543,18,2,11,21,NC1:C([SH](=O)=O):N(C#CC#CC2C([SH](=O)=O)C([O][Na])N[SH]2S(=O)(=O)[O][Na]):C:C:S:1Br,404.15666043211485,16.772347173666116
8598,43,24,16,1,9,6329,32,9,12,1,CCN(CC)C1N(O)CC(N(C)C)[SH]1C1:C:C(N(C)C):C(CN(CC(=O)O)CC(=O)O):N:N:1C(C)C,404.1397878322741,16.068609302382722
420,3,21,9,7,9,964,5,13,24,2,CCN(CC)C1:C:N(Br):C(S2(NC(C)=O):C:C:C:C([SH](=O)=O):C:2C(C)C):C:C:1OC,404.09383155923405,14.188888885674022
5084,26,8,16,24,14,2124,11,22,14,7,COC1:C:C:C(OC2CC(C(C)C)C(CN(CC(=O)O)CC(=O)O)[SH]2N=O)(S(=O)(=O)O):C(C(=O)O):N:1,404.0495481478814,18.9239357342453
1708,9,22,11,25,5,6236,32,17,19,11,N=C1:C:C(N=S2C(N)CN(C(=O)[O][Na])C2C(F)(F)F):C(S(=O)(=O)O):O:C:1N,404.01242785337905,32.23161921082669
1678,9,18,5,23,1,428,3,1,22,1,CCNC1:C(Cl):C:O:C(C(=O)OCC):C:1N=NN1:C:C:C(N(C)C):C(S(=O)(=O)O):C:1N(C)C,403.9808904708343,17.26336482259234
1802,10,1,18,11,14,1785,9,21,11,17,CCOC(=O)N1:C:C:C(N(C)C):C(OC2(Br):C:C:C(C(F)(F)F):C(N):O:2):C:1N,403.8742349129137,24.75811067933202
5946,30,16,5,22,9,8909,45,12,2,25,N=C1:C:C([SH](=O)=O):S(O):S(C2C(S(=O)(=O)O)N(Cl)CN2CN(CC(=O)O)CC(=O)O):C:1,403.8591301706157,21.862126469152102
254,2,17,23,13,1,7277,37,5,13,1,CCNC1:C:C(NC(C)=O):C:C(N=NC2(Cl)C(NC(C)=O)OCC2N(C)C):C:1C(F)(F)F,403.8496589509813,5.174033464822444
678,4,12,3,14,20,6672,34,13,14,14,CC(=O)NN1C(C=CC(C)=CC2:O:C:C(O):C(C):C:2C(=O)O)CC(C(=O)O)C1C(=O)O,403.764234036694,35.95933787107967
1835,10,25,24,5,7,3518,18,25,13,12,CC(=O)NS1:C:C(=N):N(N=CC2:C:C(=N):C:N(C(C)C):C:2Cl):C:C:1O,403.73489021820615,19.227975784797408
5236,27,23,25,6,12,1056,6,12,22,19,CCNN1NC(C#CC#CB2:C:C:C(C(=O)[O][Na]):C(S(=O)(=O)O):C:2O)C([N+](=O)O)C1=N,403.7139288229567,16.264473996223
6464,33,21,18,9,10,2951,15,4,3,1,CCOC(=O)[SH]1C(Br)CC(=C2:C:C(N(C)C):C:C(C):S:2CC)C1N(CC)CC,403.6521687364474,16.789706625806353
4687,24,13,3,2,1,7544,38,5,11,11,CC(=O)NN1C(C)CC([SH](=O)=O)C1N=NC1CC(N)C(N)[SH]1Cl,403.58856920876195,15.82247349966661
7954,40,13,12,14,6,6290,32,5,7,14,CON1C[SH](Cl)(=CC2:O:O:C(NC(C)=O):C(O):C:2C(=O)O)CC1C(=O)O,403.58702915532353,12.956944322559874
1807,10,5,21,21,20,6462,33,11,25,21,CC(C=CC1(N)C(=N)SCC1Br)=CC1:C:N:C(Br):C(Br):C:1Cl,403.5520534920554,22.297598563245586
302,2,13,4,22,7,946,5,26,15,4,CCC1:C:C:C(S(=O)(=O)O):C(C=NS2(=O):C:C:C(CC):C(=C(C#N)C#N):C:2):C:1NC(C)=O,403.4849875516577,17.442168848771274
5373,27,7,16,7,7,1133,6,17,26,24,CON1CC(CN(CC(=O)O)CC(=O)O)C(C=NB2:C:C:C(C(C)C):C(=O):C:2C(F)(F)F)(OC)N1,403.45105518439135,20.91315413335178
1366,7,7,8,21,20,1859,10,11,23,12,CCNC1:C(O):N:C:C:C:1(N)C=CC(C)=CC1:C(OC):C:C(N=O):O:C:1Br,403.40110534275965,26.32751603516331
3396,17,4,7,25,11,2621,14,21,20,2,CCC1:N:C(C#CC2:C:C([SH](=O)=O):C([O][Na]):S:C:2Br):C(=N):O:C:1OC,403.3055762087601,14.21195626229249
1692,9,24,22,22,11,1385,7,5,3,4,CCC1:C:C(C#CC2:C(C(C)C):O:C:C(S(=O)(=O)O):C:2S(=O)(=O)O):C(Cl):C(C):O:1,403.22846893094334,24.78820300918927
4438,23,24,11,22,12,1501,8,9,7,22,CCN(CC)C1:O:C(OC):C(S(=O)(=O)O):C:C:1C#CC#CC1(S(=O)(=O)O)CC(N)CC1C(C)C,403.2265627874951,33.16732955775839
6844,35,13,22,3,18,2707,14,6,4,3,CCS1:C:C(C):C:C(CNC2C(NC(C)=O)CN(S(=O)(=O)O)C2C)([N+](=O)O):C:1,403.18108283592323,15.992324141599221
8818,45,18,22,14,18,1457,8,7,14,1,CCOC(=O)S1:S:C:C(S(=O)(=O)O):C(C(=O)O):C:1NCC1(OC):C:C:C(N(C)C):O:C:1C(=O)O,403.17272840538453,13.010052112981649
6761,34,22,24,2,5,6393,32,26,11,14,CC(C)C1CC(N=S2(=O)CCN(C(=O)O)C2N)([SH](=O)=O)CN1S(=O)(=O)O,403.12248417474063,21.60266664543403
4644,24,1,25,5,19,359,2,26,20,12,CN(C)C1NC(C(=N)C2:C:C(O):C:C([O][Na]):C:2=O)C(Cl)C1=N,403.09457773487037,28.10247764556933
6814,35,11,22,13,11,6957,35,2,18,25,CCOC(=O)N1CC(=N)C(C#CC2C(N)CN(S(=O)(=O)O)C2NC(C)=O)([SH](=O)=O)C1,403.07282848425956,14.225975036798372
5905,30,7,2,7,3,4506,23,1,24,22,CON1CNC(C=CC(=O)CC(=O)C=CC2(N(C)C)C(C(C)C)CCC2S(=O)(=O)O)(OC)C1[SH](=O)=O,403.0708144292365,9.791717684821084
2042,11,18,16,26,14,7000,35,21,12,23,CCNC1CNC(O)C1(Br)OC1:C:C(=O):N:C(CN(CC(=O)O)CC(=O)O):C:1C(=O)OCC,402.9379100705918,14.183791659675931
3532,18,5,11,22,10,6375,32,26,16,12,NS1:C:C(Cl):N:C(=S2C(=O)NC(CN(CC(=O)O)CC(=O)O)C2O):C:1S(=O)(=O)O,402.886854705924,29.854669294809252
5983,30,3,3,20,9,397,2,12,1,23,CCNC1:C:C:C(O)(C2([O][Na])CNC(C)N2C):C:C:1N(C)C,402.8839514339694,29.57077382378748
2017,11,10,11,14,1,6942,35,12,4,11,CCC1NC(O)C(N=NC2:C:C(C(=O)O):N(N):C:C:2S(=O)(=O)[O][Na])C1N,402.7554532106547,21.268643633670425
5357,27,17,9,22,6,8805,45,25,25,17,CCN(CC)C1CC(C=S2(=N):C:C(C(F)(F)F):C(=N):C:S:2)(S(=O)(=O)O)NN1C(F)(F)F,402.71821831678915,16.644517858182283
5951,30,7,2,22,11,9435,48,2,25,14,CON1CN([SH](=O)=O)C(S(=O)(=O)O)C1C#C[SH]1C(C(=O)O)C(=N)SC1[SH](=O)=O,402.71401637192713,6.1912314442896434
2573,13,17,17,17,9,3335,17,24,13,14,CC(=O)NC1:O:C(C(=O)O):C:N(C2:C:S(C(F)(F)F):C:C(C(F)(F)F):C:2C(F)(F)F):C:1C(C)C,402.65758869713824,27.680802694951012
9600,48,5,13,2,19,1555,8,17,2,21,CC(=O)N[SH]1C[SH](Cl)C(C(=N)C2(C(F)(F)F):C:C(Br):C:O:C:2[SH](=O)=O)C1[SH](=O)=O,402.54861036700356,18.23382843206196
3130,16,23,23,6,14,6597,33,3,14,8,CCNC1:C:N(NCC):C(OC2(C)C[SH](C(=O)O)CC2N=O):C:N:1[N+](=O)O,402.5353789854112,12.486149586434504
9450,48,4,9,13,4,2301,12,14,12,21,CCN(CC)C1SCC(C=CC2(C(=O)O):C:C(Br):C:C(O):N:2)(NC(C)=O)[SH]1CC,402.525295849123,15.237945296965856
4521,23,14,26,12,14,313,2,16,25,18,CCOC(=O)C1:C:C(OC2(O)CC(C(=O)O)CC2=O):C(CN(CC(=O)O)CC(=O)O):C:C:1=N,402.47789167368103,23.48118102357055
4530,23,16,24,24,5,5191,26,16,3,24,CC(C)C1CC(C)C(CN(CC(=O)O)CC(=O)O)S1=NC1(C(C)C)CC(CN(CC(=O)O)CC(=O)O)CC1C(C)C,402.4228538935944,12.537966903142738
3100,16,11,7,5,11,3139,16,9,1,14,CCN(CC)C1:C(N(C)C):N:C(C(=O)O):C:N:1C#CC1:C(Cl):N:C:C(OC):N:1N,402.27750580116805,16.509874191756875
8471,43,4,9,22,5,6203,32,9,16,5,CCN(CC)C1:C:N:N(CC):C(N=S2CC(Cl)N(CN(CC(=O)O)CC(=O)O)C2N(CC)CC):C:1S(=O)(=O)O,402.27352470553336,22.671327681200314
1705,9,26,9,12,11,2537,13,21,18,7,CCOC(=O)C1:C:S:C(OC):C:C:1(Br)C#CC1:C(O):C:C(N(CC)CC):O:C:1=O,402.2521588846776,10.684396619697798
6917,35,13,22,12,14,7429,38,24,15,17,CC(=O)NC1C(OC2(C(C)C)SCC(=C(C#N)C#N)C2C(F)(F)F)CN(O)C1S(=O)(=O)O,402.2085442960275,17.53893174984383
6732,34,18,7,3,4,2785,14,5,22,2,CCOC(=O)C1NC(OC)C(C)C1C=CC1(Cl):C:C:C([SH](=O)=O):S:C:1S(=O)(=O)O,402.10415117026173,27.38758448957852
6289,32,11,8,24,9,4430,23,16,6,11,CC(C)C1C(C2(CN(CC(=O)O)CC(=O)O)C(N)CCC2[N+](=O)O)SC(N)N1N=O,401.94009587375024,18.233015861898703
3819,20,13,9,5,7,382,2,7,12,1,CCN(CC)C1:S:C(Cl):C(C=NC2(OC):C:C:C(N(C)C):C:C:2O):O:C:1NC(C)=O,401.92466217904234,23.243005049084537
4524,23,5,13,13,5,6410,33,5,12,17,CC(=O)NC1CCC(N=C2CC(C(F)(F)F)[SH](O)C2Cl)(NC(C)=O)C1Cl,401.8852415028503,12.961049333116096
1025,6,22,15,25,14,7182,36,4,26,23,CCNC1CC(CC)(OC2:B(S(=O)(=O)O):C:C(=C(C#N)C#N):C:C:2=N)OC1=O,401.85228201763204,27.14940123641681
8529,43,11,19,5,14,2189,11,22,3,11,CC1:N:C:C(N):C:C:1(OC1:N:N(N):C:C(C(=O)[O][Na]):C:1Cl)S(=O)(=O)O,401.829578296165,25.02976833171913
7128,36,26,3,1,2,7537,38,17,23,9,CCNC1CC(N(CC)CC)C(C(=O)C=CC2C(=O)OC(C)C2N(C)C)[SH]1C(F)(F)F,401.80823115006524,17.16756349428709
5112,26,25,25,11,5,4057,21,14,17,2,N=C1CCS(=N)C1(N)N=S1(C(=O)O):C:C:S:C([SH](=O)=O):C:1C(F)(F)F,401.7855554485419,23.878448724681302
4046,21,12,25,23,11,6391,32,18,7,25,CCNC1:S:C(=N):C(O):S:C:1C#CS1(C(=O)OCC)CNC(OC)C1=N,401.7570264286027,11.69374595211348
3934,20,14,23,18,14,6242,32,25,25,9,CCNS1:C:C(C(=O)O):O:C(O[SH]2(=N)CNC(=N)C2N(CC)CC):C:1C(=O)OCC,401.6891063186654,10.885782522340875
8576,43,23,7,18,4,945,5,11,25,13,CCNN1:N:C(C=CS2(N):C:C:C(NC(C)=O):C:C:2=N):C(C(=O)OCC):C:C:1OC,401.6091578323153,14.3764013805485
5708,29,23,7,3,12,5708,29,23,7,3,CCN[SH]1N(OC)CCC1(C)C#CC#CS1(NCC)C(C)CCN1OC,401.5902432893853,19.380772392838473
4438,23,24,11,22,13,3257,17,22,25,8,CC(C)C1CC(N)CC1(C=CC=CN1:C:C(N=O):O:C(=N):C:1S(=O)(=O)O)S(=O)(=O)O,401.5440819594899,42.257014040583094
260,2,25,8,2,1,7224,37,24,26,23,CCNC1C(=O)OCC1(N=NC1:C:C:C([SH](=O)=O):C(N=O):C:1=N)C(C)C,401.5383843273992,9.491344613445921
4063,21,12,8,17,18,1912,10,1,9,5,CCN(CC)C1:C:C(CNC2:C(C(F)(F)F):S:C(N=O):C:S:2O)(N(C)C):C:C(Cl):N:1,401.5336125808265,19.625202328642317
6801,35,11,7,4,9,6774,34,6,24,3,CCC1NC(OC)C(N)C1C1([N+](=O)O)CCC(C)N1C(C)C,401.50799371148867,18.07429586954544
6520,33,11,25,2,4,868,5,25,13,9,CCN(CC)C1:C:S(C=CC2([SH](=O)=O)CC(N)SC2=N):C(=N):C:C:1NC(C)=O,401.4946146743536,10.513173469328477
6286,32,2,11,1,2,5613,29,21,6,11,CN(C)C1(C=CC(=O)S2(Br)CC(N)C([N+](=O)O)N2)CN(N)C[SH]1[SH](=O)=O,401.483910294612,19.556815862460866
1691,9,26,18,7,7,326,2,11,13,22,CCOC(=O)C1:C:C(OC):C(C=NC2:C:C(S(=O)(=O)O):C(NC(C)=O):C:C:2N):C(=O):O:1,401.44428945623326,12.015130696185686
1777,9,26,24,26,12,3091,16,17,18,24,CCOC(=O)C1:C(C(F)(F)F):N(C#CC#CC2:C(=O):O:C:C(C(C)C):C:2=O):C:C:N:1C(C)C,401.41206715803327,14.665111277780376
6752,34,14,2,12,9,8551,43,17,1,2,CN(C)C1:C([SH](=O)=O):C:C:N(C2(O)CN(C(=O)O)CC2[SH](=O)=O):N:1C(F)(F)F,401.40811707768165,13.944880309289918
436,3,18,18,7,7,4457,23,7,11,24,CCOC(=O)C1:C:C(OC):C:C(C=NC2(OC)CCC(C(C)C)C2N):N:1C(=O)OCC,401.32344323166114,27.626392039922838
5406,28,17,1,3,11,9595,48,11,25,22,CC1C(C#C[SH]2C(N)SC(=N)C2S(=O)(=O)O)ON(C(F)(F)F)C1N(C)C,401.21329665255536,21.701714645355747
4673,24,17,17,11,6,5742,29,3,13,7,COC1CN(NC(C)=O)[SH](C)(=CC2(N)CCC(C(F)(F)F)N2C(F)(F)F)C1,401.1019231853877,15.687192843373142
5359,27,2,11,18,11,6539,33,7,2,7,CCOC(=O)C1CN(N)N([SH](=O)=O)C1C#CC1(OC)CC(OC)SC1[SH](=O)=O,401.1006570325806,14.322564477550737
9238,47,22,14,26,18,6411,33,4,6,1,CCC1(CNC2:O:C(S(=O)(=O)O):S(C(=O)O):C:C:2=O)CC[SH](N(C)C)C1[N+](=O)O,401.0501696910948,13.56306022582286
9568,48,2,7,15,18,210,2,9,4,3,CCC1:C:C:C(C):C:C:1(CNC1C(=C(C#N)C#N)SC(OC)[SH]1[SH](=O)=O)N(CC)CC,401.0150367433943,18.56755008854935
562,3,18,5,23,4,6462,33,11,25,21,CCNC1:C:C:C(C=CC2(N)C(=N)SCC2Br):N(C(=O)OCC):C:1Cl,400.99383498110785,28.566775037168252
9535,48,24,24,24,4,4197,21,2,5,11,CC(C)C1C(C=CS2([SH](=O)=O):C:C(N):S:C(Cl):C:2)[SH](C(C)C)C[SH]1C(C)C,400.97113622876657,9.012546487033566
1051,6,17,12,13,1,6944,35,18,12,13,CCOC(=O)C1C(N=NC2:B:C(C(F)(F)F):C(O):C(NC(C)=O):C:2)C(NC(C)=O)CN1O,400.9545249846175,15.600836774378092
9429,48,7,12,5,1,2142,11,21,18,23,CCNC1:C:C(N=NC2(Cl)CSC(O)[SH]2OC):C:N(Br):C:1C(=O)OCC,400.89135016643024,13.1572003232878
2083,11,6,14,1,7,2270,12,11,1,25,CN(C)C1:C:C(=N):C:C(N=CC2:C:C(N(C)C):N(C(=O)O):C([N+](=O)O):C:2):N:1N,400.768282641388,21.542335356270826
8288,42,17,17,18,18,2639,14,18,11,10,CCOC(=O)C1:C:C(NCC2:C:C(S(=O)(=O)[O][Na]):C(N):S(C(=O)OCC):C:2):O:S(C(F)(F)F):C:1C(F)(F)F,400.71367388174855,25.614324158759644
3163,16,18,9,1,9,3335,17,24,13,14,CCOC(=O)N1:C(N2:C:C(C(=O)O):O:C(NC(C)=O):C:2C(C)C):C:N:C(N(C)C):C:1N(CC)CC,400.71188868775096,19.240385996746646
2090,11,13,4,13,6,942,5,1,1,23,CCNC1:C:C:C(N(C)C):S(=CC2:C:C:N(NC(C)=O):C(CC):C:2NC(C)=O)(N(C)C):C:1,400.6944294653916,15.605928677061721
2308,12,13,3,7,13,3120,16,12,12,3,COC1:C:C:C(C=CC=CN2:C:C:N(C):C(O):C:2O):C(NC(C)=O):N:1C,400.6700481556651,27.787718151448942
6773,34,3,23,12,5,6296,32,13,1,6,CCNC1C(C)NCC1(O)N=S1CN(NC(C)=O)C(N(C)C)C1[N+](=O)O,400.6547300172545,28.40112837347161
8633,44,5,22,7,4,4577,23,2,26,24,COC1:C:C(S(=O)(=O)O):S(Cl):N:C:1C=CC1([SH](=O)=O)CCC(C(C)C)C1=O,400.6096942557336,10.407786412736707
8578,43,4,20,26,14,6209,32,8,3,8,CCC1:N:N:C(OS2(N=O)CN(C)CC2N=O):C(=O):C:1[O][Na],400.5849509331505,27.958216188729935
9535,48,24,24,24,4,4150,21,5,12,26,CC(C)C1C(C=CS2(Cl):C:C:S(=O):C(O):C:2)[SH](C(C)C)C[SH]1C(C)C,400.5332798440331,6.67976897988202
8408,43,22,12,9,5,4418,23,6,5,18,CCOC(=O)C1C(=NC2:N:N(S(=O)(=O)O):C:C(O):C:2N(CC)CC)C([N+](=O)O)CC1Cl,400.39388160006723,24.74318187486711
468,3,2,24,20,19,2061,11,11,1,12,CC(C)C1:C:C:C([O][Na]):C(C(=N)C2(N):C:N:C(N(C)C):C(O):C:2):N:1[SH](=O)=O,400.2748659560334,19.216433033158694
2845,15,14,2,8,12,2669,14,16,18,25,CCOC(=O)S1:C(CN(CC(=O)O)CC(=O)O):C(C#CC#CC2:C:C:C(N=O):S([SH](=O)=O):C:2C(=O)O):C:C:C:1=N,400.261748067374,30.81901115059413
2634,14,16,5,1,14,1471,8,8,23,1,CCNC1:O:C(N(C)C):C:C:C:1(N=O)OC1:C:C:S(CN(CC(=O)O)CC(=O)O):C(Cl):C:1N(C)C,400.219363782646,20.55953013165969
97,1,25,2,24,19,2181,11,6,13,11,CC(=O)NN1:C:C(C(=N)C2=C(C(C)C)C=C([SH](=O)=O)C2=N)([N+](=O)O):C:C:C:1N,400.21684501738775,22.620801027807826
4510,23,11,7,21,6,5082,26,9,14,7,CCN(CC)[SH]1(=CC2(Br)CCC(N)C2OC)CC(OC)C(C(=O)O)C1,400.20318792676215,14.914407254447724
4026,21,21,8,17,14,822,5,7,22,23,CCNC1:C:C:S(OC)(OC2:S:C(Br):C:S(N=O):C:2C(F)(F)F):C:C:1S(=O)(=O)O,400.1849533369122,23.449196655139836
8942,45,3,6,17,4,4462,23,6,7,11,COC1CCC(C=CC2:C:C(C(F)(F)F):C([N+](=O)O):S:S:2C)([N+](=O)O)C1N,400.18010841970045,20.995987225377792
8562,43,21,14,3,6,2203,12,18,26,2,CCOC(=O)N1:C:C(=O):C([SH](=O)=O):C:C:1=CC1:C:C(C):C(C(=O)O):N(Br):N:1,400.1701813684041,22.61726054846094
5366,27,3,13,4,4,1973,10,2,14,21,CCC1(C=CC2([SH](=O)=O):C:C:N(C(=O)O):C(Br):C:2)NN(C)CC1NC(C)=O,400.1678273523993,7.873139663092216
1636,9,13,9,9,6,6325,32,1,16,22,CCN(CC)C1:C:C(N(CC)CC):C(C=S2C(N(C)C)N(CN(CC(=O)O)CC(=O)O)CC2S(=O)(=O)O):C(NC(C)=O):O:1,400.03252847556945,20.675789041848486
2081,11,9,11,12,7,5610,29,7,12,4,CCC1CCS(N=CC2:C:C(O):N(N):C:C:2N(CC)CC)(OC)N1O,399.943412179089,15.359580894505807
2308,12,13,3,7,7,2420,13,24,21,11,COC1:C:C:C(C=NC2(C(C)C):C:C:S(N):C:C:2Br):C(NC(C)=O):N:1C,399.8535156149534,16.095105967544786
5362,27,23,13,13,9,1131,6,9,17,6,CCNN1NC(B2:C:C([N+](=O)O):C(C(F)(F)F):C:C:2N(CC)CC)C(NC(C)=O)C1NC(C)=O,399.8455582487733,14.135127811373367
7172,36,5,25,4,2,3131,16,25,9,14,CCN(CC)N1:C:C(=N):N(C(=O)C=CC2(CC)C(=N)COC2Cl):C:C:1C(=O)O,399.79489068882583,12.74347162241209
4183,21,12,5,9,10,4096,21,16,12,12,CCN(CC)C1:S:C:C(=S2:C:C(O):S(O):C(CN(CC(=O)O)CC(=O)O):C:2):S(O):C:1Cl,399.7429495407467,15.613548500316801
5880,30,21,1,3,7,6714,34,2,11,15,CN(C)C1NC(Br)NC1(C)C=NC1([SH](=O)=O)CC(=C(C#N)C#N)CN1N,399.72873103427366,23.844092610378528
4582,23,14,21,3,1,5736,29,24,7,8,COC1CN(C(C)C)[SH](N=NC2(C)CCC(Br)C2C(=O)O)C1N=O,399.689049339108,11.437439396849822
8932,45,7,16,7,10,5621,29,13,11,14,COC1:C:C:C(=[SH]2(NC(C)=O)CC(C(=O)O)C(N)N2):S(OC):S:1CN(CC(=O)O)CC(=O)O,399.6824877183757,28.843376444970968
3395,17,11,22,23,6,6944,35,18,12,13,CCNC1:O:C:C(C=C2C(NC(C)=O)CN(O)C2C(=O)OCC):N(N):C:1S(=O)(=O)O,399.6020702084022,10.584631256978879
8695,44,18,7,11,2,4465,23,17,12,1,CCOC(=O)C1:S:N:C(C=CC(=O)C2(C(F)(F)F)CC(O)CC2N(C)C):C(N):C:1OC,399.4782074788042,22.44030026574023
4707,24,19,26,4,12,2839,15,21,21,22,CCC1C(=O)CN(C(=O)[O][Na])C1C#CC#CC1(Br):C:C(S(=O)(=O)O):C:C:S:1Br,399.4674312212792,34.87846134379303
5372,27,16,17,18,14,6250,32,4,3,18,CCOC(=O)C1C(O[SH]2C(C(=O)OCC)CN(C)C2CC)NN(CN(CC(=O)O)CC(=O)O)C1C(F)(F)F,399.43357216005967,13.73623055093527
3197,16,17,11,21,18,966,5,22,26,8,NN1:C(C(F)(F)F):C:N:C(NCS2(S(=O)(=O)O):C:C(N=O):C:C(=O):C:2):C:1Br,399.36966251091246,16.296514696724117
4149,21,4,2,24,11,2231,12,13,23,6,CCNC1:N:C(C#CC2:C(C(C)C):S:C:C([SH](=O)=O):S:2CC)(NC(C)=O):C:C:C:1[N+](=O)O,399.3596926721809,18.049908159705794
9776,49,3,26,21,1,4161,21,7,25,1,COS1(N=NC2(Br)NON(C)C2=O):C:C:S(N(C)C):C(=N):C:1,399.35502343162295,18.264584217205535
2025,11,4,1,16,7,4626,24,12,24,14,CCC1:C(C=NN2CC(O)C(C(C)C)C2C(=O)O):C:C(CN(CC(=O)O)CC(=O)O):N:C:1N(C)C,399.297017163799,15.464438143407184
5871,30,11,1,18,6,8901,45,8,22,1,CCOC(=O)C1(C=S2(N=O):C:C(N(C)C):C:C(S(=O)(=O)O):S:2)C(N(C)C)NCN1N,399.2191017606299,14.342848891121077
6467,33,14,22,5,11,2930,15,6,13,22,CC(=O)NS1:C(S(=O)(=O)O):C:C:C:C:1(C#CC1(Cl)CC[SH](C(=O)O)C1S(=O)(=O)O)[N+](=O)O,399.21006821959753,23.361168154384732
4828,25,25,23,23,6,2640,14,23,7,17,CCNC1:S:C(OC):C(C(F)(F)F):C:C:1=CC1(NCC)CC(NCC)C(=N)O1,399.2098093362496,16.702266367351342
6505,33,21,25,13,4,1802,10,1,18,11,CCOC(=O)N1:C:C:C(C=CC2(NC(C)=O)C(=N)SCC2Br)(N(C)C):C:C:1N,399.20342460283086,11.831184047050208
154,1,8,2,26,4,1709,9,8,11,2,NC1:C:O:C(C=CC2=CC(N=O)=C([SH](=O)=O)C2=O)(N=O):C:C:1[SH](=O)=O,398.93590858273484,12.52896874101966
5504,28,22,26,21,7,5022,26,21,24,14,CC(C)C1CC(Br)[SH](N=CC2(Br)ONC(S(=O)(=O)O)C2=O)C1C(=O)O,398.7770030890068,6.908123323754642
2342,12,22,8,9,19,8510,43,8,2,22,CCN(CC)C1:C:C:C(C(=N)N2:C:C(S(=O)(=O)O):C:C([SH](=O)=O):N:2N=O):C(S(=O)(=O)O):N:1N=O,398.70673072496527,25.45319762300328
5304,27,20,4,14,13,415,3,12,7,1,CCC1CN([O][Na])NC1(C=CC=CN1:C:C(O):C(OC):C(N(C)C):C:1)C(=O)O,398.68355774192906,25.24984456714448
5794,29,15,8,6,18,7352,37,18,23,12,CCNC1OCC(O)C1(CNC1CC([N+](=O)O)N(N=O)S1=C(C#N)C#N)C(=O)OCC,398.68241116474053,13.69841521115558
5767,29,13,16,23,1,2117,11,7,8,16,CCNC1CN(CN(CC(=O)O)CC(=O)O)[SH](NC(C)=O)C1N=NC1:C:C(CN(CC(=O)O)CC(=O)O):C:N(N=O):C:1OC,398.5649531920475,32.57502439000716
8738,44,1,15,7,18,4123,21,22,2,3,COC1:C:C:S(=C(C#N)C#N):N(N(C)C):C:1NCS1(S(=O)(=O)O):C:C:S(C):C([SH](=O)=O):C:1,398.3627454705609,22.952336125646788
8920,45,6,8,20,12,5899,30,9,2,5,CCN(CC)C1N(C#CC#CC2:C:C([O][Na]):C(N=O):S:S:2[N+](=O)O)C(Cl)CN1[SH](=O)=O,398.3302078316758,18.701613661596124
5420,28,8,23,17,8,4103,21,17,23,25,CCNC1:C:S(=CC=C2ON(N=O)C(NCC)C2C(F)(F)F)(C(F)(F)F):C:C:S:1=N,398.2236974105462,17.942540296355364
3082,16,23,12,16,7,5825,30,9,6,5,CCNC1:N:C(C=NN2C(Cl)CN([N+](=O)O)C2N(CC)CC):C(CN(CC(=O)O)CC(=O)O):N:C:1O,398.2106768839492,12.720294125504802
5112,26,25,25,11,18,3474,18,22,26,8,N=C1CCS(=N)C1(N)NCN1:C:C(N=O):S(=O):C(S(=O)(=O)O):C:1,397.9979039756237,22.750209533680707
9119,46,25,18,12,1,2173,11,9,2,12,CCOC(=O)N1:C(O):C:C(N=NC2:C:C(O):C([SH](=O)=O):N:C:2N(CC)CC):O:C:1=N,397.91766481087006,20.091332461483994
1834,10,1,6,4,14,4699,24,25,15,26,CCC1:C(ON2C(=N)CC(=C(C#N)C#N)C2=O):C:C:C(N(C)C):N:1[N+](=O)O,397.9084618308537,44.457865568879484
560,3,13,17,7,18,3562,18,15,26,2,COC1:C:C:C(C(F)(F)F):N(NC(C)=O):C:1NCN1:C:C([SH](=O)=O):S:C(=O):C:1=C(C#N)C#N,397.81894259125147,13.656226016923524
4816,25,8,26,9,1,2813,15,17,11,7,CCN(CC)C1(N=NC2:C:C:C(OC):C(N):S:2C(F)(F)F)OC(N=O)CC1=O,397.8079717998943,6.606665080688449
4518,23,8,2,26,1,4726,24,24,6,17,CC(C)C1CN(N=NC2CC(=O)C([SH](=O)=O)C2N=O)C(C(F)(F)F)C1[N+](=O)O,397.76473696125623,19.562740419386426
9222,47,25,7,1,11,2818,15,14,13,22,COC1:S:C(=N):O:C(C#CC2:C:C:C(S(=O)(=O)O):C(NC(C)=O):S:2C(=O)O):C:1N(C)C,397.6930707778176,19.161378516975507
5864,30,3,7,17,10,941,5,5,17,17,COC1NC(C(F)(F)F)C(=S2(Cl):C:C:C(C(F)(F)F):C(C(F)(F)F):C:2)N1C,397.5761465917265,13.841235229369063
3061,16,24,26,3,13,2084,11,12,3,6,CC1:N:C(O):C(C=CC=CC2:C(C):N:C:C(=O):N:2C(C)C):C:C:1[N+](=O)O,397.532475026836,3.584346933851363
5991,30,5,23,12,6,5774,29,1,15,8,CCNN1CN(Cl)C(C=S2C(N=O)CC(=C(C#N)C#N)N2N(C)C)C1O,397.53012786441883,22.015261449171202
598,3,21,1,8,7,989,5,3,8,14,CC1:C:S(N=CC2:C(N=O):C:C(N(C)C):C:N:2Br):C:C(C(=O)O):C:1N=O,397.4962364891028,17.772891446751604
8443,43,2,18,15,10,7270,37,9,8,22,CCOC(=O)C1:C:N:N([SH](=O)=O):C(=C2C(N(CC)CC)OC(N=O)C2S(=O)(=O)O):C:1=C(C#N)C#N,397.4822062500988,18.615018169308758
1973,10,2,14,21,10,8902,45,1,24,25,CC(C)C1:C(N(C)C):S:S(=C2:C([SH](=O)=O):C:C:N(C(=O)O):C:2Br):C:C:1=N,397.4292261355337,16.39306663632085
403,3,14,13,6,6,8877,45,3,5,13,CC(=O)NC1:C:S(C)(=CC2:C:C([N+](=O)O):C(NC(C)=O):C(C(=O)O):N:2):S:C:C:1Cl,397.33302546756425,16.09186176003216
306,2,14,14,17,14,1579,8,6,3,16,CC1:O:C([N+](=O)O):C(OC2:C:C:C(C(F)(F)F):C(C(=O)O):C:2C(=O)O):C:C:1CN(CC(=O)O)CC(=O)O,397.267038045622,15.175576880353582
3552,18,4,7,8,7,4104,21,21,5,14,CCC1:N:C(C=NS2(Br):C:C:S(C(=O)O):C(Cl):C:2):C:S(N=O):C:1OC,397.2456910414886,25.944129953972627
5351,27,9,7,13,12,6755,34,6,3,26,CCN(CC)N1C(C#CC#CC2NC([N+](=O)O)C(C)C2=O)C(NC(C)=O)CN1OC,397.222593962107,13.677467023784084
9727,49,11,17,6,7,9519,48,25,13,25,CC(=O)NC1SC(=N)C[SH]1(=N)N=CC1([N+](=O)O)C(C(F)(F)F)NON1N,397.2125928152257,19.2210965716858
8615,44,24,2,16,19,7351,37,2,1,6,CC(C)C1:S:N:C(C(=N)C2([SH](=O)=O)C(N(C)C)OCC2[N+](=O)O):C(CN(CC(=O)O)CC(=O)O):C:1[SH](=O)=O,397.20208417229327,24.967403118611166
7933,40,26,26,20,9,9432,48,8,6,21,O=NS1(C2:O:O:C(=O):C(=O):C:2[O][Na])C(Br)CSC1[N+](=O)O,397.14445483894514,14.63432652746422
3081,16,6,6,6,1,7536,38,23,7,13,CCNC1(N=NC2:C([N+](=O)O):N:C([N+](=O)O):C:N:2[N+](=O)O)CCC(NC(C)=O)[SH]1OC,397.1417304447699,26.147266722244442
8325,42,22,18,26,7,2220,12,2,22,2,CCOC(=O)C1:C(S(=O)(=O)O):S:O:C(C=NC2([SH](=O)=O):C:C:C([SH](=O)=O):C(S(=O)(=O)O):N:2):C:1=O,397.1326575252239,36.09720064102221
8431,43,13,2,6,10,2640,14,23,7,17,CCNC1:S:C(OC):C(C(F)(F)F):C:C:1=C1:N:N(NC(C)=O):C([SH](=O)=O):C:C:1[N+](=O)O,397.1117896325635,18.3786500134387
2336,12,20,12,12,12,2732,14,26,2,4,CCC1:C:C(C#CC#CC2:C:N([O][Na]):C(O):C:C:2O):C(=O):S([SH](=O)=O):C:1,396.92883151000314,21.617094422948853
450,3,22,1,4,18,6354,32,6,18,17,CCOC(=O)C1N(C(F)(F)F)CCS1(CNC1:C:C(CC):C:C(N(C)C):N:1S(=O)(=O)O)[N+](=O)O,396.92507922461783,23.98097432224248
1710,9,14,25,17,2,5196,26,8,21,6,N=C1:C:O:C(C(=O)O):C(C=CC(=O)S2(N=O)CCC([N+](=O)O)C2Br):C:1C(F)(F)F,396.8844139776783,29.242341245916823
4140,21,13,7,14,19,2707,14,6,4,3,CCS1:C:C(C):C:C(C(=N)C2:C:S(C(=O)O):C(OC):C(NC(C)=O):S:2)([N+](=O)O):C:1,396.8804429094309,20.204090529124564
4713,24,23,17,1,18,6243,32,26,6,23,CCNC1C[SH](=O)(CNC2(N(C)C)CC(C(F)(F)F)C(NCC)N2)C([N+](=O)O)N1,396.7904071958715,10.40488849187457
1723,9,26,21,11,14,5636,29,5,19,7,COC1C(C(=O)[O][Na])C(Cl)N[SH]1OC1:C:C(N):C(Br):O:C:1=O,396.78322430545734,24.38164412468573
7061,36,11,3,22,2,9557,48,6,22,24,CC(C)[SH]1CCS(C(=O)C=CC2(S(=O)(=O)O)C(C)COC2N)([N+](=O)O)C1S(=O)(=O)O,396.75252475005243,18.200758170426095
8604,44,21,17,4,4,7483,38,22,7,12,CCC1:C(C=CC2C(O)CC(OC)[SH]2S(=O)(=O)O):N:S:C(Br):C:1C(F)(F)F,396.68243029125495,27.24078993465424
8791,44,4,13,6,12,4453,23,21,1,9,CCN(CC)C1C(C#CC#CC2:C:C([N+](=O)O):C:S(NC(C)=O):N:2CC)CC(Br)C1N(C)C,396.6795765228725,18.623201792972132
348,2,10,21,12,6,6271,32,21,21,12,O=S(=O)([O][Na])C1:C:C:C(C=S2CC(O)N(Br)C2Br):C(O):C:1Br,396.6413798683991,19.809661592519255
2311,12,22,6,14,1,367,2,24,5,21,CC(C)C1(N=NC2:C(C(=O)O):C:C:N([N+](=O)O):C:2S(=O)(=O)O):C:C:C(Br):C:C:1Cl,396.64055154782903,22.854385393745908
2502,13,3,25,22,9,6760,34,21,26,16,CC1:C(C2C(CN(CC(=O)O)CC(=O)O)CC(=O)N2Br):C:S:C(S(=O)(=O)O):C:1=N,396.56108964871237,35.180855167757485
6946,35,16,12,14,4,335,2,6,25,3,CC1:C:C(C=CC2(C(=O)O)CC(CN(CC(=O)O)CC(=O)O)NC2O):C([N+](=O)O):C(=N):C:1,396.52650791506477,27.255233155593437
397,2,12,1,23,10,8985,45,4,4,4,CCNC1:C:C(=S2(CC):C:C:C(CC):C(CC):S:2):C(O):C:C:1N(C)C,396.52498453779697,11.748354528317462
8222,42,1,7,21,7,514,3,22,13,21,COC1:C:S(N(C)C):O:C(C=NN2:C:C:C(Br):C(NC(C)=O):C:2S(=O)(=O)O):C:1Br,396.40840794097096,18.214835577455233
7308,37,26,9,24,14,8818,45,18,22,14,CCOC(=O)S1(OC2(C(C)C)C(=O)COC2N(CC)CC):C:C(C(=O)O):C(S(=O)(=O)O):C:S:1,396.3784974914414,13.606898818396218
4722,24,6,23,22,2,6206,32,1,1,8,CCNC1CCC(C=CC(=O)S2(N(C)C)CC(N=O)NC2N(C)C)(S(=O)(=O)O)N1[N+](=O)O,396.3714542228885,9.635060943546316
2694,14,24,7,26,11,6348,32,2,16,3,COS1:C(C(C)C):C:C(C#CS2([SH](=O)=O)C(C)CNC2CN(CC(=O)O)CC(=O)O):C:C:1=O,396.2873007723643,24.465525668317298
816,5,12,23,7,7,1859,10,11,23,12,CCNC1:C:C(OC):C:C(C=NC2(N):C:C:N:C(O):C:2NCC):S:1O,396.23710566281454,12.796757945391931
9081,46,16,1,12,18,3457,18,7,16,24,COC1:C(CN(CC(=O)O)CC(=O)O):S:C(C(C)C):C:N:1CNC1:O:C(CN(CC(=O)O)CC(=O)O):N:C(N(C)C):C:1O,396.15968188115914,29.70229659238733
8884,45,5,23,25,12,2047,11,2,26,4,CCNS1:C:C:C(=N):C(C#CC#CC2([SH](=O)=O):C:C:C:N(CC):C:2=O):S:1Cl,396.140713544016,7.276177806257452
7458,38,5,22,23,2,2509,13,7,26,13,CCNC1(C=CC(=O)C2(OC):C:C:S(NC(C)=O):C(=O):C:2)CC[SH](S(=O)(=O)O)C1Cl,396.1270143978876,16.32835777557186
3969,20,16,17,6,1,220,2,4,3,11,CCC1(N=NC2:O:C(CN(CC(=O)O)CC(=O)O):C:S(C(F)(F)F):C:2[N+](=O)O):C:C:C(N):C(C):C:1,396.1105772173878,20.29072387278092
3473,18,8,6,14,9,6414,33,1,25,1,CN(C)C1C(=N)SCC1(C1:C(C(=O)O):S:C([N+](=O)O):C:N:1N=O)N(C)C,396.03497019313676,21.10920765390464
5905,30,7,2,7,19,313,2,16,25,18,CCOC(=O)C1:C:C(C(=N)C2(OC)NCN(OC)C2[SH](=O)=O):C(CN(CC(=O)O)CC(=O)O):C:C:1=N,395.99415246629496,20.03246783385205
426,3,3,8,25,19,2348,12,5,18,6,CCOC(=O)C1:C:C([N+](=O)O):C:C(C(=N)C2:C:C:C(=N):C(N=O):N:2C):N:1Cl,395.98290887043305,8.234291200577893
2385,12,25,23,12,19,933,5,17,23,6,CCNC1:C:C([N+](=O)O):C:S(C(=N)C2:C:C(O):C(NCC):N:C:2=N):C:1C(F)(F)F,395.89201522461866,15.882699740872917
6569,33,13,18,9,11,464,3,18,8,2,CCOC(=O)C1:C(N=O):C([SH](=O)=O):C:C:N:1C#CC1CC(NC(C)=O)[SH](C(=O)OCC)C1N(CC)CC,395.8061149588728,14.444694353695608
2788,14,23,12,5,1,8514,43,5,18,6,CCNC1:C(O):S:C:C(Cl):C:1N=NN1:C:C:C([N+](=O)O):C(C(=O)OCC):N:1Cl,395.66911963815085,20.423815384630327
1117,6,5,25,23,6,5752,29,17,6,6,CCNC1:C:C(=N):C(Cl):B:C:1C=S1C([N+](=O)O)C([N+](=O)O)CN1C(F)(F)F,395.60035443581205,18.635761951586716
7466,38,3,22,21,5,9511,48,3,13,1,CC(=O)N[SH]1C(N(C)C)CS(=NC2C[SH](C)C(S(=O)(=O)O)C2Br)C1C,395.5282659297535,23.168844744890098
7518,38,12,25,9,20,8672,44,12,6,11,CCN(CC)C1(C=C(C)C=CN2:C:C:C(N):C([N+](=O)O):S:2O)C(=N)CSC1O,395.40429136941214,12.183869312152419
3582,18,12,2,12,9,7524,38,6,16,11,NC1C[SH](CN(CC(=O)O)CC(=O)O)C(C2:N:C(O):C([SH](=O)=O):S:C:2O)([N+](=O)O)C1,395.24209835267885,27.85118878045245
6409,33,21,23,18,19,6697,34,3,21,5,CCNC1SCC(C(=N)C2(C)NC(Br)CC2Cl)(C(=O)OCC)C1Br,395.23183104574315,23.29769524564135
5839,30,13,22,6,12,6434,33,7,12,18,CCOC(=O)C1CC(C#CC#CC2C([N+](=O)O)N(S(=O)(=O)O)CN2NC(C)=O)(OC)C(O)S1,395.14302015132523,12.283857958294451
5992,30,14,15,14,2,4563,23,11,4,7,CCC1C(N)CC(C(=O)C=CC2(C(=O)O)CNC(=C(C#N)C#N)N2C(=O)O)C1OC,395.1428557529197,22.783903228137834
8957,45,13,11,14,14,2749,14,3,5,16,CC(=O)NS1:S:C:C(N):C(C(=O)O):C:1OC1(C):C:C:C(CN(CC(=O)O)CC(=O)O):S:C:1Cl,395.1318991584314,22.025315111923543
5652,29,7,8,7,2,9698,49,8,8,1,COC1CC(C=CC(=O)N2ON(N=O)C(N=O)C2N(C)C)[SH](OC)N1N=O,395.1289808274775,21.266546269470854
906,5,7,17,14,11,2097,11,21,17,23,CCNC1:C:N(C(F)(F)F):C:C(Br)(C#CC2:C:C(C(=O)O):C(C(F)(F)F):C(OC):S:2):C:1,394.91669522675085,7.782419256837532
8454,43,6,8,13,4,4448,23,25,1,4,CCC1CC(N(C)C)C(=N)C1C=CC1:C(NC(C)=O):C:C(N=O):N:N:1[N+](=O)O,394.8388299692509,24.61987721655518
5978,30,3,18,9,20,2043,11,7,26,12,CCOC(=O)N1CN(C)C(C=C(C)C=CC2(OC):C:C:C(O):N:C:2=O)C1N(CC)CC,394.7917100988783,16.01080016532438
5781,29,5,18,16,9,5726,29,14,13,3,CCOC(=O)C1CC(CN(CC(=O)O)CC(=O)O)([SH]2C(C)CC(NC(C)=O)N2C(=O)O)SN1Cl,394.7484804146942,18.100393554783466
1151,6,22,23,26,12,4730,24,6,5,21,CCNC1:C:B(S(=O)(=O)O):C(C#CC#CN2CC(Br)C(Cl)C2[N+](=O)O):C(=O):C:1,394.71806065385783,15.622194110520741
2789,14,16,13,12,9,1131,6,9,17,6,CCN(CC)C1:C:C(C(F)(F)F):C([N+](=O)O):C:B:1C1:C:C(CN(CC(=O)O)CC(=O)O):S(NC(C)=O):C:C:1O,394.6987486651986,11.549424262454371
2980,15,7,12,1,10,6390,32,16,6,7,COC1:S:C(O):C(N(C)C):C:C:1=[SH]1(CN(CC(=O)O)CC(=O)O)CC(OC)NC1[N+](=O)O,394.5805072686701,11.889871737139563
8143,41,1,22,9,12,2391,12,4,23,3,CCNC1:C:N(CC):C(C#CC#CC2:O:N(N(C)C):C:C(S(=O)(=O)O):C:2N(CC)CC):C:C:1C,394.5789660491856,17.30026508786242
1095,6,21,13,4,9,5656,29,2,3,17,CCC1:C(NC(C)=O):C:C:B(Br):C:1S1([SH](=O)=O)CC(C(F)(F)F)CN1C,394.5170783144701,20.75271043624012
5136,26,22,3,7,14,5083,26,25,16,14,COC1(O[SH]2C(=N)C(CN(CC(=O)O)CC(=O)O)CC2C(=O)O)CC(C)C[SH]1S(=O)(=O)O,394.4512153157809,4.726015194481151
7061,36,11,3,22,4,4194,21,26,24,25,CC(C)C1:C:S(=O)(C=CC2(S(=O)(=O)O)C(C)COC2N):C:C(=N):S:1,394.1898384506759,15.651658742720128
7563,38,3,5,14,4,9590,48,17,24,14,CC(C)C1SCC(C(=O)O)S1(C=CC1(C(=O)O)CC[SH](Cl)C1C)C(F)(F)F,394.15145661993154,5.799882591150329
1850,10,12,25,21,2,2659,14,5,12,11,N=C1:C:N:C(Br):C(C=CC(=O)C2:C:C:C(N):S(O):C:2Cl):C:1O,394.12474161067416,18.739141200040613
3751,19,23,7,21,4,9439,48,26,14,22,CCNC1:O:C(C=C[SH]2(=O)C[SH](C(=O)O)CC2S(=O)(=O)O):C(Br):O:C:1OC,394.10262989309706,19.513172915569715
5133,26,26,22,22,1,1917,10,4,1,23,CCNC1:C:C(CC)(N=NC2C(S(=O)(=O)O)CC(S(=O)(=O)O)S2=O):C(N(C)C):C:N:1,394.090889420967,22.276529197381052
7068,36,4,12,1,14,4726,24,24,6,17,CCC1OCC(ON2CC(C(C)C)C([N+](=O)O)C2C(F)(F)F)(N(C)C)C1O,394.0622458473582,16.71488046898212
6784,34,1,18,3,4,5250,27,21,25,9,CCOC(=O)N1C(C)CC(C=CN2NC(Br)C(=N)C2N(CC)CC)C1N(C)C,393.97357992460763,14.690319949758498
708,4,25,18,25,9,4007,21,14,8,2,CCOC(=O)C1:C:C(=N):C(S2(C(=O)O):C:C:S([SH](=O)=O):C(N=O):C:2):O:C:1=N,393.96304725532156,23.086218407412158
7378,37,22,21,22,11,2704,14,13,26,24,CC(=O)NC1(C#CC2C(S(=O)(=O)O)OC(Br)C2S(=O)(=O)O):C:C(C(C)C):C:S:C:1=O,393.86818756426567,36.08428969296868
2223,12,7,9,7,19,5757,29,11,24,12,CCN(CC)C1:N:C(OC):C(C(=N)[SH]2C(O)CC(C(C)C)N2N):C:C:1OC,393.8091994042383,6.857402576215208
9464,48,12,5,1,8,4123,21,22,2,3,CN(C)C1C(=CC=S2(S(=O)(=O)O):C:C:S(C):C([SH](=O)=O):C:2)SC(O)[SH]1Cl,393.7810133623604,18.3568623784088
1579,8,6,3,16,9,7129,36,21,4,22,CCC1COC(Br)(C2:C:C([N+](=O)O):O:C(C):C:2CN(CC(=O)O)CC(=O)O)C1S(=O)(=O)O,393.78031494131017,23.39575046030095
856,5,6,4,3,18,4600,23,3,14,13,CCC1:C([N+](=O)O):C:S:C(NCC2(C)CCC(NC(C)=O)C2C(=O)O):C:1C,393.6957592470591,23.330469404113305
7266,37,25,7,2,13,4409,23,4,23,21,CCNC1CC(Br)CC1(C=CC=CC1C(=N)C(OC)OC1[SH](=O)=O)CC,393.69326945810974,13.362735848407414
5624,29,11,22,8,12,4710,24,24,22,17,CC(C)C1C(S(=O)(=O)O)CC(C(F)(F)F)N1C#CC#CC1(N=O)SNC(N)C1S(=O)(=O)O,393.6916694245425,12.518563332629954
1940,10,17,25,9,9,1823,10,4,17,16,CCC1:C(C2:C:N(N(CC)CC):C(=N):C:C:2C(F)(F)F):C:C:N(CN(CC(=O)O)CC(=O)O):C:1C(F)(F)F,393.6696268735235,11.862198232449794
396,2,5,1,26,7,2602,14,7,14,13,COC1:C(N=CC2:C(Cl):C:C:C(N(C)C):C:2=O):C:C:C(NC(C)=O):S:1C(=O)O,393.46992881108656,11.12161028658046
8968,45,26,26,21,2,4424,23,6,7,12,COC1CC(O)CC1(C(=O)C=CC1:C(Br):C:C(=O):S:S:1=O)[N+](=O)O,393.4664762641717,7.103598072722897
4475,23,2,2,7,18,6273,32,1,22,25,COC1C(NC[SH]2C(=N)C(S(=O)(=O)O)NC2N(C)C)C([SH](=O)=O)CC1[SH](=O)=O,393.44556885490874,18.75436227709075
2389,12,24,14,21,4,7369,37,1,8,24,CC(C)C1:N:C(C(=O)O):C:C(Br):C:1C=CC1(N(C)C)COC(N=O)C1C(C)C,393.422128292361,19.18887202878473
6739,34,4,13,24,18,5136,26,22,3,7,CCC1NC(NC(C)=O)CC1(NCS1(S(=O)(=O)O)CC(C)CC1OC)C(C)C,393.31379453863553,9.393036439422671
6090,31,7,26,21,16,2714,14,3,26,12,COC1NC(=O)C(Br)(C=CC=CC=CC2:C:C(O):C(=O):S:C:2C)O1,393.2902101934875,5.359158358755559
157,1,2,17,15,14,6942,35,12,4,11,CCC1NC(O)C(OC2=CC([SH](=O)=O)=C(C(F)(F)F)C2=C(C#N)C#N)C1N,393.27038560982385,14.042654518060385
1016,6,7,3,2,19,867,5,24,24,2,COB1:C(C(=N)S2:C:C:C([SH](=O)=O):C(C(C)C):C:2C(C)C):C:C:C([SH](=O)=O):C:1C,393.1963582337229,19.93146392159941
6735,34,9,1,5,4,5733,29,12,13,1,CCN(CC)C1NCC(N(C)C)C1(Cl)C=CS1(O)CCC(N(C)C)N1NC(C)=O,393.1324816969958,14.168590018731853
9119,46,25,18,12,4,2232,12,12,16,11,CCOC(=O)N1:C(O):C:C(C=CC2(O):C:C:C(N):C(CN(CC(=O)O)CC(=O)O):N:2):O:C:1=N,393.04287452692927,32.4726890172762
1947,10,6,18,26,9,8945,45,3,9,7,CCOC(=O)C1:C:C([N+](=O)O):C(S2(C):C:C:C(OC):C:S:2N(CC)CC):C(=O):N:1,393.03508800746926,10.493338594614329
4527,23,6,26,21,2,2995,15,12,11,4,CCC1:C:C:C(O)(C(=O)C=CC2CC([N+](=O)O)C(=O)C2Br):S(N):C:1,393.03403363946717,11.071747128427097
263,2,12,20,26,14,4585,23,5,12,13,CC(=O)NC1C(O)CCC1(Cl)OC1:C:C(O):C([O][Na]):C(=O):C:1,393.0338993616504,24.78814856220554
2753,14,6,3,23,14,6470,33,13,5,3,CCNC1:C:C(OC2(NC(C)=O)CC(C)[SH](Cl)C2):C([N+](=O)O):C(C):S:1,392.93661459887596,14.265227901504174
464,3,18,8,2,1,9571,48,3,3,5,CCOC(=O)C1:N:C(N=N[SH]2C(Cl)C[SH](C)C2C):C:C([SH](=O)=O):C:1N=O,392.8375131632107,24.457057554744573
1507,8,7,6,25,5,2715,14,5,17,5,COC1:C:C(N=C2:C:C(Cl):C(C(F)(F)F):S(Cl):C:2):C(=N):C([N+](=O)O):O:1,392.79166743527804,19.210558919502912
6349,32,17,5,5,19,7000,35,21,12,23,CCNC1CNC(O)C1(Br)C(=N)C1C(Cl)N(Cl)C[SH]1C(F)(F)F,392.77959541498274,15.460167261255584
3131,16,25,9,14,14,5685,29,21,6,7,CCN(CC)N1:C:C(=N):N:C(OS2(Br)C(OC)CCN2[N+](=O)O):C:1C(=O)O,392.77208297654795,11.266382912368723
1875,10,17,4,1,1,6920,35,7,1,16,CCC1:C:C(C(F)(F)F):C(N=NC2C(OC)NC(N(C)C)C2CN(CC(=O)O)CC(=O)O):C(N(C)C):N:1,392.7601205398908,11.804104393946838
5119,26,14,12,23,12,9452,48,1,13,11,CCNC1(C#CC#CS2(N(C)C)CC(N)SC2NC(C)=O)SCC(C(=O)O)C1O,392.7591796759626,17.067345258877438
1846,10,24,3,12,9,6932,35,13,22,14,CC(=O)NN1CC(C2:C:N(O):C(C):C:C:2C(C)C)C(C(=O)O)C1S(=O)(=O)O,392.7561601303781,31.05876987732242
8387,42,6,15,17,11,6960,35,26,1,23,CCNC1C(C#CC2:O:S:C([N+](=O)O):C(=C(C#N)C#N):C:2C(F)(F)F)C(=O)NC1N(C)C,392.7460471259372,29.30903752361833
2254,12,5,21,26,12,6297,32,16,11,8,NN1CS(C#CC#CC2:C:C:C(=O):N(Br):C:2Cl)(CN(CC(=O)O)CC(=O)O)CC1N=O,392.67481818437955,21.276102571826343
7117,36,11,25,4,7,2722,14,6,18,4,CCOC(=O)C1:S:C([N+](=O)O):C(N=CC2C(N)OC(=N)C2CC):C:C:1CC,392.4899221081567,7.179240777252178
3912,20,12,6,8,7,345,2,8,15,3,CC1:C:C(N=CC2:C:S(N=O):C([N+](=O)O):C(O):O:2):C:C(N=O):C:1=C(C#N)C#N,392.46399762024157,21.350189865195556
1951,10,24,24,5,9,4155,21,3,25,14,CC(C)C1:C:C(S2(C):C:C:S(C(=O)O):C(=N):C:2):C(Cl):N:C:1C(C)C,392.39204329525757,17.855900614506716
5438,28,3,7,23,6,6251,32,8,3,4,CCNC1(C=[SH]2(N=O)CN(C)CC2CC)ONC(C)C1OC,392.38014532741056,18.476827659179442
3705,19,6,4,8,8,5023,26,1,11,26,CCC1:O:C(N=O):C(=CC=[SH]2(N(C)C)CCC(=O)C2N):O:C:1[N+](=O)O,392.2998203159149,15.242254596362319
4013,21,24,17,7,10,841,5,24,4,25,CCC1:C:C(=N):C:C:S:1(=C1:S:C:C(C(C)C):S(C(F)(F)F):C:1OC)C(C)C,392.2384427033802,15.104143864679498
6550,33,14,14,7,7,4166,21,11,11,3,CO[SH]1CC(C=NS2(N):C:C:S(C):C(N):C:2)C(C(=O)O)C1C(=O)O,392.1969502915482,16.404603067582762
9358,47,12,19,22,12,6939,35,4,26,1,CCC1(C#CC#CC2:O:C(O):S(C(=O)[O][Na]):C:C:2S(=O)(=O)O)CNC(=O)C1N(C)C,392.1735001006722,22.3014213480997
4026,21,21,8,17,18,2579,13,5,12,7,COS1:C:C:C(Cl)(CNC2:S:C(Br):C:S(N=O):C:2C(F)(F)F):C(O):C:1,392.0213167593012,14.682831296835362
2047,11,2,26,4,2,4600,23,3,14,13,CCN1:C:C:C(C=CC(=O)C2(C)CCC(NC(C)=O)C2C(=O)O):C([SH](=O)=O):C:1=O,392.0138884435429,16.65012907050561
4779,24,21,26,18,7,2193,11,11,9,11,CCOC(=O)C1(C=NC2(N):C:C:C(N):N:C:2N(CC)CC)CC(=O)C(Br)N1,391.9879929899389,11.38741132639918
2130,11,12,22,1,12,5357,27,17,9,22,CCN(CC)C1CC(S(=O)(=O)O)N(C#CC#CC2:C(O):C:N(S(=O)(=O)O):C:C:2N(C)C)N1C(F)(F)F,391.9711816933379,17.325031037921974
9603,49,8,8,11,6,6336,32,9,12,17,CCN(CC)[SH]1(=CC2(N)C(N=O)NON2N=O)C(O)NCC1C(F)(F)F,391.96499218435594,17.016733651166042
6422,33,22,18,8,18,6209,32,8,3,8,CCOC(=O)[SH]1CC(S(=O)(=O)O)C(N=O)(NCS2(N=O)CN(C)CC2N=O)C1,391.88927481151893,32.77912120411938
355,2,13,13,8,7,1045,6,2,14,6,CC(=O)NC1:C:C:C(NC(C)=O):C(N=O):C:1C=NB1:C:C:C([N+](=O)O):C(C(=O)O):C:1[SH](=O)=O,391.7735294821221,24.680242009836405
5389,27,9,22,24,2,8696,44,22,4,4,CCC1:C:C:N(C(=O)C=CC2(C(C)C)NN(N(CC)CC)CC2S(=O)(=O)O):S(S(=O)(=O)O):C:1CC,391.760514145977,24.276876181779457
2546,13,25,1,25,1,6653,34,22,26,18,CCOC(=O)C1C(=O)CN(S(=O)(=O)O)C1N=NC1:C(=N):C:C(N(C)C):S:C:1=N,391.71836382586355,6.223169285062968
8562,43,21,14,3,9,7386,37,4,21,22,CCC1(C2:C:C(C):C(C(=O)O):N(Br):N:2)CC(S(=O)(=O)O)OC1Br,391.60307892199955,18.343966574728988
4439,23,4,16,14,9,6486,33,18,14,3,CCOC(=O)C1SC(C(=O)O)C(C)C1C1(C(=O)O)C(CC)CCC1CN(CC(=O)O)CC(=O)O,391.5973863600767,18.82059517628689
6703,34,2,19,11,14,396,2,5,1,26,CN(C)C1:C:C:C(Cl)(OC2(N)CC(C(=O)[O][Na])NC2[SH](=O)=O):C:C:1=O,391.49930667087193,25.947825388877252
9441,48,17,17,5,5,2475,13,7,2,24,COC1:C:C(=NC2(Cl)CSC(C(F)(F)F)[SH]2C(F)(F)F):C:C(C(C)C):S:1[SH](=O)=O,391.4614549906164,35.94138727063569
9643,49,16,12,6,5,6289,32,11,8,24,CC(C)C1CS(=NC2([N+](=O)O)NON(CN(CC(=O)O)CC(=O)O)C2O)C(N)N1N=O,391.38262156947445,26.77054712833926
2139,11,2,19,11,1,5326,27,12,3,7,COC1C(C)CN(O)N1N=NC1:C(N):C:N(C(=O)[O][Na]):C:C:1[SH](=O)=O,391.3739918154933,30.234147773290864
2741,14,13,12,11,9,2992,15,2,5,5,CC(=O)NC1:C:S(O):C:C(N):C:1C1:C:C(Cl):C(Cl):C([SH](=O)=O):S:1,391.2830565701558,11.848758326294865
579,3,17,15,3,5,5148,26,5,23,21,CCNC1CCC(Br)[SH]1(Cl)=NC1:C:C(C):C(=C(C#N)C#N):C(C(F)(F)F):N:1,391.2344576770843,29.751450599699552
1769,9,14,23,14,1,4438,23,24,11,22,CCNC1:C(C(=O)O):O:C:C(N=NC2(C(C)C)CC(N)CC2S(=O)(=O)O):C:1C(=O)O,391.14021289888694,28.088412134977172
729,4,21,26,22,19,9518,48,13,13,12,CC(=O)NC1SC(O)CS1(NC(C)=O)C(=N)C1:O:C(Br):C(=O):C:C:1S(=O)(=O)O,391.1172278369766,16.447556271369056
899,5,21,26,7,12,1688,9,5,18,22,CCOC(=O)C1:C(S(=O)(=O)O):C:C(C#CC#CC2:C:C(OC):C(=O):C:S:2Br):O:C:1Cl,391.1151858758989,5.586422536143115
2448,13,1,4,3,11,4696,24,4,8,8,CCC1:C:C(N(C)C):C(C#CN2C(CC)CC(N=O)C2N=O):C(C):S:1,391.11376039301405,16.97707628100665
4745,24,3,19,22,12,845,5,2,22,13,CC(=O)NC1:C:C:S(C#CC#CC2C(S(=O)(=O)O)CC(C(=O)[O][Na])N2C)([SH](=O)=O):C(S(=O)(=O)O):C:1,391.1050215697261,30.283859135769838
531,3,4,11,4,19,1771,9,6,11,7,CCC1:C:C(N):C:N(CC):C:1C(=N)C1:C:C(OC):C(N):C([N+](=O)O):O:1,391.06946252013233,17.056331401302792
1530,8,1,26,25,12,2500,13,16,7,14,COC1:C:C(C#CC#CC2:C(N(C)C):C(=O):O:C:C:2=N)(CN(CC(=O)O)CC(=O)O):C:C(C(=O)O):S:1,390.9641160946039,11.512599443970476
2086,11,3,17,4,19,1579,8,6,3,16,CCC1:C(C(F)(F)F):N:C:C(C):C:1C(=N)C1:C:C(CN(CC(=O)O)CC(=O)O):C(C):O:C:1[N+](=O)O,390.94703356128764,14.49819387388337
6669,34,3,22,13,9,1841,10,12,11,24,CC(=O)NC1(C2(O):C:C:N(C(C)C):C:C:2N)CCN(S(=O)(=O)O)C1C,390.9417414354634,14.333604082235055
6967,35,11,14,17,20,1245,7,14,9,26,CCN(CC)C1:C(=O):O:C:C:C:1(C=CC(C)=CC1(C(F)(F)F)CC(N)NC1C(=O)O)C(=O)O,390.9124517182444,26.493403385791975
931,5,17,25,9,9,3120,16,12,12,3,CCN(CC)C1:C(N2:C:C:N(C):C(O):C:2O):S:C(C(F)(F)F):C:C:1=N,390.890622863974,7.03337917738924
5898,30,1,18,24,6,5641,29,4,5,2,CCOC(=O)N1C(C(C)C)C(C=S2C([SH](=O)=O)CC(Cl)N2CC)NC1N(C)C,390.84006879088395,10.809967259551623
1309,7,17,1,25,12,2856,15,12,24,1,CC(C)C1:C(N(C)C):C:C(C#CC#CC2:C(C(F)(F)F):C(N(C)C):C:O:C:2=N):S:C:1O,390.8191176801563,14.861948108246912
691,4,2,4,8,9,8772,44,4,4,14,CCC1:C:C([SH](=O)=O):O:C(N2:C:C(C(=O)O):C(CC):C(CC):S:2):C:1N=O,390.8118350796015,19.65897530864454
8723,44,12,4,25,20,6837,35,1,18,6,CCOC(=O)N1CC(C=CC(C)=CC2:N:S:C(O):C(CC):C:2=N)(N(C)C)CC1[N+](=O)O,390.7801578228373,5.425474628455261
6654,34,23,14,14,2,1274,7,12,3,3,CCNN1CC(C(=O)O)C(C=CC(=O)C2(O):C:C(C):O:C(C):C:2)(C(=O)O)C1,390.76899353695535,7.2478289863897825
1888,10,1,26,13,1,7284,37,8,26,6,CC(=O)NN1:C:C(N=NC2(N=O)CC([N+](=O)O)OC2=O):C(N(C)C):C:C:1=O,390.58937073734205,30.12364913461013
1947,10,6,18,26,9,2958,15,18,7,26,CCOC(=O)C1:C:C([N+](=O)O):C(C2:C:C(=O):C(OC):C(C(=O)OCC):S:2):C(=O):N:1,390.5796843594875,17.503700174596627
9112,46,14,1,17,18,6942,35,12,4,11,CCC1NC(O)C(CNC2:C:C(C(F)(F)F):N(N(C)C):C(C(=O)O):O:2)C1N,390.4551890463857,17.517308401763028
751,4,22,1,26,14,4276,22,25,7,13,COC1=CC(NC(C)=O)=C(OC2:O:C(S(=O)(=O)O):C(N(C)C):C:C:2=O)C1=N,390.3676242491163,15.504445578372067
4918,25,18,11,7,7,3584,18,5,18,4,CCOC(=O)C1COC(C=NN2:C:C(CC):S(C(=O)OCC):C:C:2Cl)(OC)C1N,390.3560308728223,18.887819905102017
1261,7,12,7,21,8,1000,5,8,6,2,COC1:O:C(Br):C(=CC=S2:C:C([SH](=O)=O):C([N+](=O)O):C:C:2N=O):C:C:1O,390.3172130974848,13.052384378880909
3445,18,8,9,12,9,7004,36,9,14,1,CCN(CC)S1:C:C:N(N=O):C(C2(N(CC)CC)OCC(C(=O)O)C2N(C)C):C:1O,390.31106551462324,19.01656180224688
6784,34,1,18,3,1,4434,23,4,7,7,CCOC(=O)N1C(C)CC(N=NC2CC(OC)C(OC)C2CC)C1N(C)C,390.28114872138383,11.247093689983839
5116,26,24,4,6,19,2240,12,6,21,26,CCC1CCC(C(=N)C2([N+](=O)O):C:C(=O):C:C:N:2Br)([N+](=O)O)[SH]1C(C)C,390.2731542395748,11.541075019122859
2543,13,18,24,6,12,1064,6,3,23,2,CCNC1:C:C([SH](=O)=O):C:B(C#CC#CC2:C:C(C(=O)OCC):C:S(C(C)C):C:2[N+](=O)O):C:1C,390.2689013024869,4.916557370373558
9341,47,24,2,12,9,6375,32,26,16,12,CC(C)C1:O:C([SH]2C(=O)NC(CN(CC(=O)O)CC(=O)O)C2O):C(O):C:S:1[SH](=O)=O,390.1582182905917,23.85335900547473
2265,12,24,24,24,19,4155,21,3,25,14,CC(C)C1:C:N(C(C)C):C:C(C(=N)S2(C):C:C:S(C(=O)O):C(=N):C:2):C:1C(C)C,390.1188126211311,9.07200843804571
6437,33,8,12,3,19,9489,48,24,2,2,CC(C)C1[SH](C(=N)C2(C)CC(N=O)[SH](O)C2)CC([SH](=O)=O)[SH]1[SH](=O)=O,389.89406484674316,21.57013841028209
2188,11,26,21,2,12,2374,12,7,5,24,COC1(C#CC#CC2:C:C([SH](=O)=O):N:C(Br):C:2=O):C:C:C(C(C)C):C:N:1Cl,389.74923636941503,21.96828617069337
7308,37,26,9,24,13,4563,23,11,4,7,CCC1C(N)CC(C=CC=CC2(C(C)C)C(=O)COC2N(CC)CC)C1OC,389.62729374598905,12.150382522671576
919,5,14,24,6,11,7155,36,24,25,23,CCNC1CC(C#CC2:S:C(C(=O)O):C:C(C(C)C):C:2[N+](=O)O)(C(C)C)OC1=N,389.60456135834477,10.413509452286464
7421,38,2,8,7,4,6279,32,1,11,5,COC1(C=C[SH]2C(Cl)CN(N)C2N(C)C)CC(N=O)SC1[SH](=O)=O,389.5820633006373,20.040996132321485
4660,24,4,18,7,7,9452,48,1,13,11,CCOC(=O)C1CCN(CC)C1(C=NS1(N(C)C)CC(N)SC1NC(C)=O)OC,389.5140861990891,6.208123619934286
4115,21,7,4,8,9,6264,32,7,23,23,CCNC1CN(NCC)C(OC)[SH]1C1:C:S:C(N=O):C(CC):S:1OC,389.38706413820535,6.9998126774053535
6568,33,22,7,22,10,864,5,13,11,7,COC1:C:S(=C2C(S(=O)(=O)O)C[SH](OC)C2S(=O)(=O)O):C(NC(C)=O):C:C:1N,389.3704602804054,23.55275691541498
1204,7,11,11,24,9,1119,6,2,13,13,CC(=O)NC1:C:C:B(C2:C(N):C:C(N):O:C:2C(C)C):C([SH](=O)=O):C:1NC(C)=O,389.3537947602912,20.524648065942305
6315,32,14,7,17,4,4442,23,13,26,2,COC1NC(C(=O)O)SC1(C=CC1C(NC(C)=O)CC(=O)C1[SH](=O)=O)C(F)(F)F,389.29914558065303,10.041879118672105
2978,15,8,26,18,1,999,5,5,24,4,CCOC(=O)C1:C:C:S(=O):C(N=O):C:1N=NS1(Cl):C:C:C(CC):C:C:1C(C)C,389.1907931880497,21.552312273314524
3980,20,12,17,13,1,3518,18,25,13,12,CC(=O)NC1:C(N=NN2:C:C(O):S(NC(C)=O):C:C:2=N):O:C:C(O):S:1C(F)(F)F,389.1270162368834,12.313701144609416
6047,31,3,12,23,14,7119,36,1,1,15,CCNC1C(OC2(N(C)C)CC(=C(C#N)C#N)C(N(C)C)O2)OC(C)N1O,389.0720068916604,13.78765416551286
6822,35,5,11,5,19,877,5,8,6,23,CCNC1:C:C([N+](=O)O):C:S(N=O)(C(=N)C2(Cl)CC(Cl)N(N)C2):C:1,389.02269800400825,14.748997179140046
1735,9,26,24,21,4,7404,38,16,18,22,CCOC(=O)C1CC(S(=O)(=O)O)C(C=CC2:C:O:C(=O):C(C(C)C):C:2Br)[SH]1CN(CC(=O)O)CC(=O)O,388.8770727314068,17.185117099845147
567,3,7,25,26,12,8974,45,2,9,24,CCN(CC)S1:C(C(C)C):C:C:C:S:1(C#CC#CC1:C:C:C(=O):C(=N):N:1OC)[SH](=O)=O,388.87643936191773,19.642993717078014
5787,29,17,25,14,4,9599,48,14,9,26,CCN(CC)C1SCC(=O)S1(C=CC1(C(=O)O)C(=N)CN[SH]1C(F)(F)F)C(=O)O,388.81094387524354,15.190771806963848
4080,21,8,8,23,9,2694,14,24,7,26,CCNC1:S:C(N=O):C(N=O):S:C:1C1:C:C:C(=O):S(OC):C:1C(C)C,388.69201040134243,16.53270877904607
6076,31,23,12,13,13,1274,7,12,3,3,CCNC1OC(C=CC=CC2(O):C:C(C):O:C(C):C:2)C(NC(C)=O)N1O,388.6726291531555,29.257388689842227
2245,12,18,12,21,12,8553,43,6,22,13,CCOC(=O)N1:C:C(C#CC#CN2:C:C:C(NC(C)=O):C(S(=O)(=O)O):N:2[N+](=O)O):C(Br):C:C:1O,388.48942010802045,25.610004485043575
519,3,14,13,11,14,1021,6,25,1,14,CC(=O)NC1:C:N(C(=O)O):C(OB2:C:C:C(C(=O)O):C(N(C)C):C:2=N):C:C:1N,388.48221997999593,10.56805216991712
6695,34,7,18,5,1,8470,43,8,6,8,CCOC(=O)N1CC(Cl)C(N=NN2:C:C(N=O):C:C([N+](=O)O):N:2N=O)C1OC,388.4329177051322,17.856880929443758
3022,16,24,24,23,9,451,3,6,6,3,CCNC1:C(N2:C:C(C):C:C([N+](=O)O):C:2[N+](=O)O):N:C(C(C)C):C:N:1C(C)C,388.3486442088215,18.86464911962725
5001,26,6,7,8,12,307,2,17,14,1,COC1CC(N=O)C(C#CC#CC2(C(F)(F)F):C:C(N(C)C):C:C:C:2C(=O)O)[SH]1[N+](=O)O,388.31115868029406,15.433779369342423
2669,14,16,18,25,14,6899,35,6,24,11,CCOC(=O)S1:C(CN(CC(=O)O)CC(=O)O):C:C(OC2C(N)C(C(C)C)NC2[N+](=O)O):C:C:1=N,388.2986751221115,24.127289738304732
8052,41,17,24,6,7,2566,13,9,24,24,CCN(CC)C1(N=CC2:O:N(C(F)(F)F):C:C(C(C)C):C:2[N+](=O)O):C:C:S(C(C)C):C(C(C)C):C:1,388.28940844038306,16.682889750171014
6917,35,13,22,12,19,464,3,18,8,2,CCOC(=O)C1:C(N=O):C([SH](=O)=O):C:C:N:1C(=N)C1CN(O)C(S(=O)(=O)O)C1NC(C)=O,388.2572457091273,16.84921041811288
8938,45,14,26,26,19,7446,38,12,17,21,N=C(C1:C:C(=O):C:S(=O):S:1C(=O)O)C1(O)SCC(C(F)(F)F)C1Br,388.19959410438554,18.3720075628577
3207,17,11,13,7,14,6388,32,6,13,23,CCNC1C(NC(C)=O)NC([N+](=O)O)[SH]1OC1:C(OC):O:C:C(NC(C)=O):N:1N,388.1503052296763,8.780223840102945
314,2,23,21,21,9,5046,26,22,25,11,CCNC1:C:C(Br):C(Br):C(S2(S(=O)(=O)O)CCC(=N)C2N):C:1,388.12751691546873,10.790648290923004
8407,43,23,11,23,18,1247,7,8,11,25,CCNC1:C:C(N):N(NCC):N:C:1NCC1(N=O):C:C(=N):O:C:C:1N,388.1158251819039,18.275195778528246
6986,35,22,16,12,11,1017,6,9,12,14,CCN(CC)C1:C:B(C#CC2(O)CNC(CN(CC(=O)O)CC(=O)O)C2S(=O)(=O)O):C:C(C(=O)O):C:1O,388.04930537488906,14.290892728668057
3076,16,13,22,26,12,6724,34,24,17,11,CC(=O)NN1:C(C#CC#CC2C(N)C(C(F)(F)F)CN2C(C)C):C:N:C(=O):C:1S(=O)(=O)O,388.04012264830703,18.394401016450267
3194,16,9,24,6,11,3046,16,6,22,25,CCN(CC)N1:C(C#CN2:C:C(=N):N:C(S(=O)(=O)O):C:2[N+](=O)O):C:N([N+](=O)O):C:C:1C(C)C,388.03703652674676,21.85289183988382
4301,22,25,12,18,4,5273,27,24,25,6,CCOC(=O)C1=C(O)C(=N)C=C1C=CN1NC(C(C)C)C(=N)C1[N+](=O)O,387.94589716100074,12.29385941081708
3996,20,1,17,24,1,9492,48,7,11,9,CCN(CC)C1C(N)SC(OC)[SH]1N=NC1:O:C(N(C)C):C:S(C(F)(F)F):C:1C(C)C,387.813031142355,19.99787474069905
8357,42,17,18,2,9,5704,29,4,3,5,CCOC(=O)C1:C([SH](=O)=O):C:C(S2(CC)CC(Cl)C(C)N2):O:S:1C(F)(F)F,387.62811863171964,28.136289952651904
2069,11,4,17,8,5,6793,34,24,16,1,CCC1:C:C(N=C2NC(C(C)C)C(CN(CC(=O)O)CC(=O)O)C2N(C)C):C(N=O):C(C(F)(F)F):N:1,387.58964625279305,15.073075945693272
3549,18,4,2,18,14,6865,35,26,23,2,CCNN1C(=O)C(OC2:C(C(=O)OCC):S([SH](=O)=O):C:C:N:2CC)CC1[SH](=O)=O,387.5810417931288,22.075651968593803
4021,21,7,12,18,13,7156,36,12,6,8,CCOC(=O)C1:S:C:C(O):S(OC):C:1C=CC=CC1(O)OCC([N+](=O)O)C1N=O,387.5703748144041,24.93962366580119
1570,8,8,13,23,7,492,3,22,17,14,CCNC1:C:O:C(NC(C)=O):C(N=O):C:1C=NN1:C:C(C(=O)O):C:C(C(F)(F)F):C:1S(=O)(=O)O,387.56958359499515,18.252410359521427
3475,18,11,22,6,7,6442,33,7,13,18,CCOC(=O)C1C(NC(C)=O)SCC1(N=CC1:C:S([N+](=O)O):C:C(S(=O)(=O)O):N:1N)OC,387.5428657717057,24.993597384812684
5647,29,21,8,5,11,8843,45,1,2,12,CN(C)S1(C#CC2CC(Cl)N(N=O)[SH]2Br):C:C:C(O):C([SH](=O)=O):S:1,387.54055676496085,21.23805131465701
4541,23,2,2,6,11,3120,16,12,12,3,CN1:C:C:N(C#CC2C([N+](=O)O)C([SH](=O)=O)CC2[SH](=O)=O):C(O):C:1O,387.538819311512,27.173817722645
963,5,18,3,11,12,2265,12,24,24,24,CCOC(=O)C1:C:C(C):C(N):C(C#CC#CC2:C:C(C(C)C):C(C(C)C):C:N:2C(C)C):S:1,387.48564006439335,20.697472295427513
8477,43,11,16,18,9,5604,29,12,17,26,CCOC(=O)C1:C(S2(O)NCC(C(F)(F)F)C2=O):N:N:C(N):C:1CN(CC(=O)O)CC(=O)O,387.47098940564024,8.793961862572873
8604,44,21,17,4,8,7068,36,4,12,1,CCC1:C(C(F)(F)F):C(Br):S:N:C:1=CC=C1OC(CC)C(O)C1N(C)C,387.4209511168271,18.579122279074994
9323,47,6,23,8,1,6697,34,3,21,5,CCNC1:C(N=O):C(N=NC2(C)NC(Br)CC2Cl):O:C:S:1[N+](=O)O,387.41252782692874,25.13346258922002
8937,45,6,7,7,19,2242,12,13,2,18,CCOC(=O)C1:C:C:C:C(NC(C)=O)(C(=N)C2:C:C(OC):C(OC):S([N+](=O)O):S:2):N:1[SH](=O)=O,387.3248834118755,21.106369252476185
6080,31,17,5,18,14,5091,26,21,12,24,CCOC(=O)C1(O[SH]2CC(C(C)C)C(O)C2Br)OC(C(F)(F)F)NC1Cl,387.30791447247975,13.527608854742109
1777,9,26,24,26,1,535,3,3,5,18,CCOC(=O)C1:C:N(N=NC2:C(=O):O:C:C(C(C)C):C:2=O):C(C):C:C:1Cl,387.239751605079,16.02098206153642
5087,26,26,11,13,2,461,3,24,1,14,CC(=O)NC1(C=CC(=O)N2:C:C:C(C(=O)O):C(N(C)C):C:2C(C)C)SCC(=O)C1N,387.20700856004987,12.067114518483315
3046,16,6,22,25,1,6678,34,16,1,18,CCOC(=O)C1CCC(CN(CC(=O)O)CC(=O)O)(N=NC2:N:C([N+](=O)O):C(S(=O)(=O)O):N:C:2=N)N1N(C)C,386.98054866553554,34.569177920689114
2914,15,2,6,7,14,1088,6,17,7,13,COC1:C:C(C(F)(F)F):B(OC2:C(OC):C:C([N+](=O)O):S:C:2[SH](=O)=O):C:C:1NC(C)=O,386.94330218288474,6.935461995350883
6980,35,23,3,13,18,207,2,11,25,5,CCNC1C(C)NC(NC(C)=O)C1NCC1(N):C:C:C(=N):C(Cl):C:1,386.80869172978345,4.2673120279412355
9527,48,12,21,1,14,95,1,25,2,24,CC(C)C1=C(OC2(N(C)C)C(Br)SC[SH]2O)C(=N)C=C1[SH](=O)=O,386.7653278388974,23.49262854001819
4171,21,2,6,11,9,2124,11,22,14,7,COC1:C:C:C(C2:S:C:C([SH](=O)=O):S([N+](=O)O):C:2N)(S(=O)(=O)O):C(C(=O)O):N:1,386.7588172958956,23.81893519246099
949,5,14,12,22,14,7459,38,25,12,26,N=C1SC(OC2:S:C(C(=O)O):C(O):C:C:2S(=O)(=O)O)C(=O)C1O,386.7043925988677,12.615935226169768
2462,13,21,13,5,12,1675,9,23,2,25,CCNC1(C#CC#CC2:C:C:C(Br):S(NC(C)=O):C:2Cl):C:C(=N):C:C([SH](=O)=O):O:1,386.6641721479882,8.664899076373755
2573,13,17,17,17,8,989,5,3,8,14,CC1:C:S(=CC=C2:C:S(C(F)(F)F):C:C(C(F)(F)F):C:2C(F)(F)F):C:C(C(=O)O):C:1N=O,386.6207919799066,29.488639502791607
800,4,15,3,26,10,7539,38,1,23,7,CCNC1C[SH](N(C)C)C(=C2:C:C(=O):C(C):C(=C(C#N)C#N):O:2)C1OC,386.5743463039122,23.321037870936873
1915,10,18,2,11,12,9470,48,2,12,5,CCOC(=O)C1:C(C#CC#CS2([SH](=O)=O)CC(Cl)SC2O):C:N(N):C:C:1[SH](=O)=O,386.467369425794,16.292228982899378
5236,27,23,25,6,6,6388,32,6,13,23,CCNC1C(NC(C)=O)NC([N+](=O)O)S1=CC1NN(NCC)C(=N)C1[N+](=O)O,386.41535530592625,34.172176571047515
6272,32,9,6,21,11,2222,12,24,14,2,CCN(CC)C1NC([N+](=O)O)C(Br)(C#CC2(C(C)C):C:C([SH](=O)=O):C:C(C(=O)O):N:2)S1,386.2943125355338,18.83622427224816
9550,48,4,18,12,19,4057,21,14,17,2,CCOC(=O)[SH]1C[SH](CC)C(C(=N)S2(C(=O)O):C:C:S:C([SH](=O)=O):C:2C(F)(F)F)C1O,386.278201008351,23.283282498219414
6355,32,13,1,25,14,6322,32,8,25,14,CC(=O)N[SH]1C(O[SH]2CN(N=O)C(=N)C2C(=O)O)C(=N)NC1N(C)C,386.1787829286947,19.900934281999028
7169,36,1,26,11,4,9554,48,5,24,18,CCOC(=O)C1CS(Cl)(C=CC2C(N)C(=O)OC2N(C)C)C(C(C)C)S1,386.10226331503304,33.99709672614011
7335,37,4,17,13,14,9417,48,24,21,1,CCC1C(OS2(C(C)C)CC(N(C)C)SC2Br)C(NC(C)=O)OC1C(F)(F)F,386.09757859444517,17.395233079228746
4668,24,12,7,2,14,5885,30,9,17,3,CCN(CC)N1CN(OC2([SH](=O)=O)CC(OC)C(O)N2)C(C)C1C(F)(F)F,386.09273401071914,12.389144882376884
415,3,12,7,1,2,3461,18,8,1,12,COC1:C(O):C:N:C(C=CC(=O)N2:C:C(O):S:C(N(C)C):C:2N=O):C:1N(C)C,386.049149571434,13.907773452229375
5821,30,13,8,16,9,4530,23,16,24,24,CC(=O)NN1C(C2C(CN(CC(=O)O)CC(=O)O)CC(C(C)C)C2C(C)C)CN(CN(CC(=O)O)CC(=O)O)C1N=O,386.03608282596076,19.222734575704028
4930,25,8,21,18,18,4532,23,21,17,24,CCOC(=O)C1(NCC2C(Br)C(C(F)(F)F)CC2C(C)C)OC(N=O)CC1Br,386.00953233964873,10.59949798568847
3187,16,1,23,4,11,1958,10,16,12,18,CCNC1:C(CC):N:C:C(C#CC2(CN(CC(=O)O)CC(=O)O):C:C:N(O):C(C(=O)OCC):C:2):N:1N(C)C,385.89778488515594,13.951832479333886
3069,16,22,21,17,12,7379,37,2,23,23,CCNC1COC(NCC)C1(C#CC#CC1:N:C(S(=O)(=O)O):C(Br):N:C:1C(F)(F)F)[SH](=O)=O,385.874298262214,12.017413474701838
9542,48,7,2,7,14,6554,33,3,14,7,COC1CC(OC2C[SH](OC)C([SH](=O)=O)[SH]2OC)C(C)[SH]1C(=O)O,385.8603778694069,21.1243361356186
8505,43,24,3,17,9,526,3,7,5,24,COC1:C(Cl):C:C(C(C)C):C:N:1C1:C(C(F)(F)F):C:C:N(C):N:1C(C)C,385.8143186511792,21.332802747073153
4132,21,12,11,3,19,4585,23,5,12,13,CC(=O)NC1C(O)CCC1(Cl)C(=N)C1:C(C):S(N):C:C:S:1O,385.6561258822197,19.622302670104688
7870,40,13,4,21,1,2573,13,17,17,17,CCC1:C(NC(C)=O):O:O:C(N=NC2(C(F)(F)F):C:C:S(C(F)(F)F):C:C:2C(F)(F)F):C:1Br,385.640552079302,26.14802670288348
8219,42,8,18,8,9,843,5,4,5,26,CCOC(=O)C1:C(N=O):C:C(S2:C:C(=O):C:C(Cl):C:2CC):O:S:1N=O,385.6236224305778,21.635651285157465
6819,35,1,4,26,10,4117,21,21,25,14,CCC1NC(=O)C(=S2:C:C:S(C(=O)O):C(=N):C:2Br)C1N(C)C,385.5692391866328,15.176369519010628
8551,43,17,1,2,10,7495,38,17,3,25,CC1CC(=N)C(=C2:C:C([SH](=O)=O):C(N(C)C):N(C(F)(F)F):N:2)[SH]1C(F)(F)F,385.4302340451096,19.690523457559273
1989,10,18,11,12,9,6321,32,3,2,24,CCOC(=O)C1:C:C(S2(C)C(C(C)C)CNC2[SH](=O)=O):C:N(O):C:1N,385.29777644097334,15.175572755055892
2245,12,18,12,21,12,2409,13,17,14,17,CCOC(=O)N1:C:C(C#CC#CC2(C(F)(F)F):C:C:S(C(F)(F)F):C:C:2C(=O)O):C(Br):C:C:1O,385.29381669577185,18.80924916153354
5884,30,4,4,18,12,1817,10,11,4,13,CCOC(=O)N1CC(C#CC#CC2(N):C:C:N:C(NC(C)=O):C:2CC)N(CC)C1CC,385.266111768868,13.53191659011835
3094,16,24,22,22,2,5040,26,25,5,1,CC(C)C1:N:C(C=CC(=O)[SH]2(=N)CC(Cl)C(N(C)C)C2):C(S(=O)(=O)O):N:C:1S(=O)(=O)O,385.15476235785906,9.295673606645341
8944,45,2,18,3,14,2528,13,16,11,25,CCOC(=O)S1:C:C:C(C):C(OC2:C:C:S(=N):C(N):C:2CN(CC(=O)O)CC(=O)O):S:1[SH](=O)=O,385.1431377843677,16.443930598621662
4427,23,25,13,23,18,489,3,17,18,21,CCNC1(NCN2:C:C:C(Br):C(C(=O)OCC):C:2C(F)(F)F)C(=N)CCC1NC(C)=O,385.03422906245,13.778920517607705
2849,15,26,22,14,7,218,2,21,25,5,N=C1:C:C(Br):C(N=CC2:C:C(C(=O)O):C:S(S(=O)(=O)O):C:2=O):C:C:1Cl,385.0108274689302,22.11694457306158
5272,27,13,17,18,11,1793,9,1,8,3,CCOC(=O)C1(C#CC2(N(C)C):C:C(C):C(N=O):C:O:2)CC(C(F)(F)F)NN1NC(C)=O,384.9663752974072,8.585982284974365
6752,34,14,2,12,7,8732,44,6,14,9,CCN(CC)C1:C:C(C(=O)O):S([N+](=O)O):N(N=CC2(O)CN(C(=O)O)CC2[SH](=O)=O):C:1,384.86617602906705,22.943909331463182
531,3,4,11,4,9,4163,21,6,12,6,CCC1:C:C(N):C:N(CC):C:1S1:C:C:S([N+](=O)O):C(O):C:1[N+](=O)O,384.76043888153345,20.3043848804215
1334,7,14,13,5,18,4414,23,21,8,3,CC(=O)NC1:C:O:C(Cl):C(NCC2CC(C)C(N=O)C2Br):C:1C(=O)O,384.7328629677084,13.405242562820671
4423,23,13,4,23,11,1212,7,4,24,5,CCNC1C(CC)CC(NC(C)=O)C1C#CC1(CC):C:C(Cl):O:C:C:1C(C)C,384.7169542237263,8.489946443376258
7192,36,13,2,24,11,9550,48,4,18,12,CCOC(=O)[SH]1CS(C#CC2(C(C)C)CC([SH](=O)=O)OC2NC(C)=O)(CC)CC1O,384.60680508462383,10.638901337819462
760,4,5,26,5,1,7513,38,24,11,7,COC1C(N=NC2:C:C(Cl):C(=O):C(Cl):O:2)SC(C(C)C)C1N,384.50072171902156,15.76712836527345
5619,29,11,22,6,9,1956,10,2,23,5,CCNC1:C(Cl):N:C:C:C:1([SH](=O)=O)C1([N+](=O)O)CC(S(=O)(=O)O)N(N)S1,384.4683436153858,9.49545483154588
7313,37,22,12,22,7,8957,45,13,11,14,CC(=O)NS1(N=CC2(S(=O)(=O)O)C(O)OCC2S(=O)(=O)O):C:C(C(=O)O):C(N):C:S:1,384.3673754888449,19.268980475590173
6341,32,1,7,12,19,155,1,21,11,25,COC1NC(O)C(C(=N)C2=C(Br)C(N)=CC2=N)[SH]1N(C)C,384.30935718618366,10.184853076845908
1741,9,5,17,13,12,4566,23,22,14,14,CC(=O)NC1:C:C(C(F)(F)F):O:C(Cl):C:1C#CC#CC1(S(=O)(=O)O)CC(C(=O)O)C(C(=O)O)C1,384.2684184933341,25.717650500619488
4776,24,9,3,6,4,1996,10,25,11,7,CCN(CC)N1C(C)CC([N+](=O)O)C1C=CC1:C:C:N(OC):C(N):C:1=N,384.21440205359687,27.132376175574855
3021,16,17,13,5,19,7289,37,11,22,24,CC(=O)NN1:C:C:N(C(F)(F)F):C(C(=N)C2(N)COC(S(=O)(=O)O)C2C(C)C):C:1Cl,384.14627721685105,23.657535724000827
2120,11,23,4,26,10,945,5,11,25,13,CCNC1:C(CC):N:C:C(=O):C:1=S1(N):C:C:C(NC(C)=O):C:C:1=N,384.0917250838108,13.164540740942213
2143,11,24,21,3,10,2259,12,13,7,25,COC1:C(NC(C)=O):N:C(=C2:C(C(C)C):C:N:C(Br):C:2C):C:C:1=N,384.08483074476317,15.30843077560916
6816,35,23,15,1,14,8470,43,8,6,8,CCNC1CC(ON2:C:C(N=O):C:C([N+](=O)O):N:2N=O)(N(C)C)C(=C(C#N)C#N)N1,384.047714995422,31.047997176359736
5594,28,8,18,16,14,5609,29,8,9,8,CCOC(=O)C1C(N=O)NOC1(CN(CC(=O)O)CC(=O)O)OS1(N=O)C(N=O)CCN1N(CC)CC,383.9546297033979,8.75692161393228
4392,22,14,17,25,1,5157,26,23,25,26,CCNC1C[SH](N=NC2=C(C(=O)O)C(C(F)(F)F)=CC2=N)C(=O)C1=N,383.92550806387135,16.90684158153508
2817,15,6,17,22,14,5236,27,23,25,6,CCNN1C(=N)C([N+](=O)O)CN1OC1:C([N+](=O)O):S:C:C(C(F)(F)F):C:1S(=O)(=O)O,383.9253907088921,11.397314172237113
227,2,17,22,26,4,5337,27,24,5,15,CC(C)N1C(Cl)CC(=C(C#N)C#N)N1C=CC1:C:C(C(F)(F)F):C(S(=O)(=O)O):C(=O):C:1,383.91814310659885,22.964274304767006
1353,7,8,14,17,12,8841,45,25,2,4,CCC1:C:S(C#CC#CC2:C:O:C(C(F)(F)F):C(C(=O)O):C:2N=O):S(=N):C:C:1[SH](=O)=O,383.89770492113297,10.903061576841083
6651,34,15,21,7,7,1883,10,4,8,14,CCC1:C:C(N=CC2(OC)CNC(=C(C#N)C#N)C2Br):C:C(C(=O)O):N:1N=O,383.89242455125344,30.568083278356145
273,2,5,17,18,12,2499,13,2,21,2,CCOC(=O)C1:C:C:C(C#CC#CC2([SH](=O)=O):C:C:S([SH](=O)=O):C:C:2Br):C(Cl):C:1C(F)(F)F,383.836943846626,29.8347952190488
6064,31,4,6,13,7,4575,23,3,25,8,CCN1COC(C=NC2(C)CC(=N)CC2N=O)(NC(C)=O)C1[N+](=O)O,383.707515341127,23.24131290277024
5284,27,18,25,6,19,3002,16,14,2,12,CCOC(=O)C1NNC(C(=N)N2:C:C(O):N([SH](=O)=O):C:C:2C(=O)O)([N+](=O)O)C1=N,383.70721233441384,14.47136336088032
257,2,12,9,26,18,8984,45,2,6,11,CCN(CC)C1:C:C(O):C(NCS2([SH](=O)=O):C:C:C:C(N):S:2[N+](=O)O):C(=O):C:1,383.663643783072,16.713133594408465
1274,7,12,3,3,18,4579,23,3,25,21,CC1:C:C(O):C(NCC2CC(Br)C(=N)C2C):C(C):O:1,383.5370657556415,12.37312452958062
788,4,13,12,4,19,1068,6,12,24,6,CCC1:C(O):C:C(NC(C)=O):O:C:1C(=N)B1:C:C:C([N+](=O)O):C(C(C)C):C:1O,383.4804780850831,19.42314577594557
6434,33,7,12,18,2,1541,8,4,25,5,CCOC(=O)C1SC(O)C(OC)C1C=CC(=O)C1(CC):C:O:C(=N):C(Cl):C:1,383.4285704098126,11.991852647162705
1537,8,1,13,1,19,390,2,1,22,5,CC(=O)NC1:O:C(N(C)C):C:C(C(=N)C2(N(C)C):C:C:C:C(Cl):C:2S(=O)(=O)O):C:1N(C)C,383.33736173200197,14.736059727017336
5771,29,14,21,7,14,4647,24,26,11,2,COC1C(ON2CC(=O)C(N)C2[SH](=O)=O)SN(C(=O)O)C1Br,383.26578221049095,26.764930225623587
5468,28,1,3,12,19,6218,32,26,6,21,CC1CN(N(C)C)OC1(O)C(=N)[SH]1(=O)CN([N+](=O)O)CC1Br,383.24541152234036,10.36065138511117
535,3,3,5,18,12,1922,10,16,6,24,CCOC(=O)C1:C(Cl):C:C(C):N:C:1C#CC#CC1(CN(CC(=O)O)CC(=O)O):C:C:N:C(C(C)C):C:1[N+](=O)O,383.208764207773,18.202873228600108
1902,10,4,13,3,10,7270,37,9,8,22,CCC1:C:C(NC(C)=O):N:C(C):C:1=C1C(N(CC)CC)OC(N=O)C1S(=O)(=O)O,383.13635267281654,21.34950227055021
6790,34,21,9,3,9,4551,23,12,9,16,CCN(CC)C1CC(C)(C2(O)CCC(N(CC)CC)C2CN(CC(=O)O)CC(=O)O)C(Br)N1,382.97287038653633,8.667124451168908
8274,42,4,26,12,9,2818,15,14,13,22,CCC1:S:O:C(C2:C:C:C(S(=O)(=O)O):C(NC(C)=O):S:2C(=O)O):C(O):C:1=O,382.95620324976284,21.456120762886194
6959,35,17,12,13,20,2317,12,13,11,3,CC(=O)NC1:N:C(C=CC(C)=CC2(NC(C)=O)CCN(C(F)(F)F)C2O):C:C(C):C:1N,382.9522788378111,7.465437309518242
3223,17,8,25,25,9,2818,15,14,13,22,CC(=O)NC1:C(S(=O)(=O)O):C:C:C(C2:N:C(N=O):C(=N):O:C:2=N):S:1C(=O)O,382.9264721708622,19.523940835956786
387,2,5,22,12,2,5088,26,18,18,12,CCOC(=O)C1CC(O)[SH](C(=O)C=CC2:C:C(O):C(S(=O)(=O)O):C:C:2Cl)C1C(=O)OCC,382.9174739001065,8.975805656420924
8870,45,22,25,14,7,2598,13,4,7,5,CCC1(N=CC2:C(C(=O)O):C:C:S(=N):S:2S(=O)(=O)O):C:C:S(Cl):C:C:1OC,382.89497063989296,14.903222086571724
3396,17,4,7,25,7,4198,21,23,21,5,CCNS1(N=CC2:N:C(CC):C(OC):O:C:2=N):C:C(Cl):S:C:C:1Br,382.8711874159024,17.79345739260219
2007,11,3,11,21,10,6685,34,8,12,16,CC1:C:C(=C2CC(CN(CC(=O)O)CC(=O)O)C(O)N2N=O):C(Br):C(N):N:1,382.7555024893344,21.568809211988466
6870,35,12,5,18,18,1329,7,8,15,6,CCOC(=O)C1(NCC2(N=O):C:C([N+](=O)O):O:C:C:2=C(C#N)C#N)CN(Cl)CC1O,382.6916009104076,17.215975058608493
5722,29,2,2,18,1,1529,8,5,7,3,CCOC(=O)C1(N=NC2(Cl):C:O:C(OC):C(C):C:2)C([SH](=O)=O)CN[SH]1[SH](=O)=O,382.61103584188163,26.36211574200057
5594,28,8,18,16,19,240,2,4,14,24,CCOC(=O)C1C(N=O)NOC1(CN(CC(=O)O)CC(=O)O)C(=N)C1(CC):C:C:C(C(C)C):C:C:1C(=O)O,382.5941772502235,26.767067450812036
1319,7,22,7,25,5,9417,48,24,21,1,COC1:C(S(=O)(=O)O):C(N=[SH]2(C(C)C)CC(N(C)C)SC2Br):C:O:C:1=N,382.45909959353975,14.10732677380677
2548,13,3,8,11,4,2031,11,17,24,17,CC1:C(C=CC2:C:C(C(F)(F)F):C:N(C(C)C):C:2C(F)(F)F):C:S(N):C:C:1N=O,382.4322931600999,18.598736607715466
289,2,4,1,4,2,7468,38,3,12,12,CCC1:C:C:C(N(C)C):C(CC):C:1C=CC(=O)C1CC(O)C(O)[SH]1C,382.4091697927555,6.227391568451789
251,2,17,26,4,19,6803,35,4,1,25,CCC1:C:C(=O):C:C(C(F)(F)F):C:1C(=N)C1(CC)C(=N)CNC1N(C)C,382.37509877234623,19.045424320817503
9601,49,7,16,1,12,2577,13,25,5,12,CON1ONC(CN(CC(=O)O)CC(=O)O)C1(C#CC#CC1:C:C(O):S:C(Cl):C:1=N)N(C)C,382.28402154764325,12.067168094735152
7588,38,25,26,24,9,5215,27,1,22,6,CC(C)C1(N2NC(N(C)C)C(S(=O)(=O)O)C2[N+](=O)O)CS(=N)CC1=O,382.2569684504616,20.546298868216777
2672,14,12,21,18,9,4007,21,14,8,2,CCOC(=O)C1:C(Br):S:C:C(O):C:1S1(C(=O)O):C:C:S([SH](=O)=O):C(N=O):C:1,382.1552795445833,18.810617762645467
3957,20,17,7,7,9,5737,29,3,12,15,COC1:C(S2(C)NCC(O)C2=C(C#N)C#N):O:C(C(F)(F)F):C:S:1OC,382.11494169493125,25.6043599490293
2199,11,23,26,25,18,4438,23,24,11,22,CCNC1:C(NCC2(C(C)C)CC(N)CC2S(=O)(=O)O):C(=N):C:N:C:1=O,382.0094379335522,13.87027906452456
263,2,12,20,26,4,2061,11,11,1,12,CN(C)C1:N:C:C(N)(C=CC2:C:C(O):C([O][Na]):C(=O):C:2):C:C:1O,381.96761879799976,13.445448456853995
4728,24,21,23,14,1,2259,12,13,7,25,CCNC1CCC(N=NC2:C:C(=N):C(OC):C(NC(C)=O):N:2)(C(=O)O)N1Br,381.9509255461172,18.04035703276115
4113,21,13,6,9,11,1080,6,8,7,26,CCN(CC)C1:S:C:C([N+](=O)O):S(NC(C)=O):C:1C#CB1:C:C:C(=O):C(OC):C:1N=O,381.9466599267597,14.94838365496293
2251,12,24,7,17,9,885,5,18,2,21,CCOC(=O)S1(C2:C(C(F)(F)F):C:C:N(OC):C:2C(C)C):C:C:C:C(Br):C:1[SH](=O)=O,381.7985587683188,25.730259540452607
3398,17,6,13,17,19,3518,18,25,13,12,CC(=O)NC1:O:C(C(F)(F)F):C(C(=N)N2:C:C(O):S(NC(C)=O):C:C:2=N):N:C:1[N+](=O)O,381.67304846132896,20.293793928831633
4437,23,17,3,6,2,2245,12,18,12,21,CCOC(=O)N1:C(O):C:C(Br):C:C:1C(=O)C=CC1([N+](=O)O)CC(C)CC1C(F)(F)F,381.66333812120627,31.539135697473352
4433,23,17,25,12,18,2733,14,13,21,8,CC(=O)NS1:C:C(CNC2(O)CCC(=N)C2C(F)(F)F):C:C(N=O):C:1Br,381.5864686946296,11.971650077169688
6784,34,1,18,3,12,4564,23,1,8,6,CCOC(=O)N1C(C)CC(C#CC#CC2(N(C)C)CC([N+](=O)O)CC2N=O)C1N(C)C,381.54135119995664,21.693547089288415
4669,24,8,17,5,1,124,1,5,26,6,O=NC1CC(C(F)(F)F)C(Cl)(N=NC2=C([N+](=O)O)C(=O)C=C2Cl)N1,381.4474533376223,19.096498583604994
7366,37,14,2,18,12,2067,11,17,5,6,CCOC(=O)C1(C#CC#CC2(C(F)(F)F):C:N:C(Cl):C([N+](=O)O):C:2)COC([SH](=O)=O)C1C(=O)O,381.3428366761812,13.343004939583551
7426,38,26,22,1,2,8909,45,12,2,25,CN(C)C1C(C=CC(=O)S2:C:C(=N):C:C([SH](=O)=O):S:2O)C(=O)SC1S(=O)(=O)O,381.3403287667548,26.478984340340308
2905,15,17,8,14,11,2363,12,7,22,11,CON1:C:C(S(=O)(=O)O):C(N):C:C:1C#CC1:C:S(C(F)(F)F):C(N=O):C:C:1C(=O)O,381.3373677625473,18.178318549870642
483,3,8,2,2,7,2912,15,8,15,17,N#CC(C#N)=S1:C:C:C(C(F)(F)F):C:C:1(N=O)N=CC1:C([SH](=O)=O):C:C:C([SH](=O)=O):N:1N=O,381.29760807980193,28.150488589582558
4688,24,22,26,3,4,8769,44,24,14,4,CCC1:C:C(C(=O)O):S(C(C)C):N(C=CC2C(C)C(=O)CN2S(=O)(=O)O):C:1,381.0505081406725,19.62311329256047
302,2,13,4,22,14,7563,38,3,5,14,CCC1:C:C:C(S(=O)(=O)O):C(OC2(C)C(C(=O)O)CC[SH]2Cl):C:1NC(C)=O,380.89011153373656,10.096137705727976
4495,23,12,23,11,4,6582,33,22,24,9,CCNC1C(O)CCC1(N)C=CC1CC(N(CC)CC)[SH](C(C)C)C1S(=O)(=O)O,380.81211234592746,10.433011051527952
6630,34,9,22,17,7,2275,12,24,18,18,CCOC(=O)C1:C:C(N=CC2CC(C(F)(F)F)N(S(=O)(=O)O)C2N(CC)CC):N(C(C)C):C(C(=O)OCC):C:1,380.7849375493309,28.325307657194234
5133,26,26,22,22,11,6680,34,3,26,6,CN1C(=O)CC([N+](=O)O)C1C#CC1C(S(=O)(=O)O)CC(S(=O)(=O)O)S1=O,380.7708280092192,17.727645738951885
5257,27,12,17,14,12,4414,23,21,8,3,CC1CC(C#CC#CC2(C(=O)O)C(C(F)(F)F)CNN2O)C(Br)C1N=O,380.7706925620867,23.179497286937053
2407,13,8,23,2,7,5982,30,13,11,24,CCNC1:C:C(N=O):C(C=NN2CC(C(C)C)N(N)C2NC(C)=O):C([SH](=O)=O):S:1,380.73744125443034,6.7610339306738405
268,2,22,22,14,4,1489,8,12,3,5,CC1:O:C(Cl):C:C:C:1(O)C=CC1:C(C(=O)O):C:C:C(S(=O)(=O)O):C:1S(=O)(=O)O,380.6314184080273,22.955468475067637
524,3,7,13,14,6,5114,26,17,7,11,COC1:C:N:C(C=[SH]2(C(F)(F)F)C(N)CCC2OC):C(C(=O)O):C:1NC(C)=O,380.601696635834,17.99211939981091
8403,43,2,7,17,11,2634,14,16,5,1,COC1:C(C(F)(F)F):C:C(C#CC2:C:C(N(C)C):C(Cl):S(CN(CC(=O)O)CC(=O)O):C:2):N:N:1[SH](=O)=O,380.57015222469715,26.475276592180357
1710,9,14,25,17,19,2884,15,21,23,8,CCNS1:C:C(N=O):C:C:C:1(Br)C(=N)C1:C(C(=O)O):O:C:C(=N):C:1C(F)(F)F,380.49779698786904,5.762243493284419
577,3,22,25,26,14,2285,12,7,5,2,COC1:N:C(OC2:C:C(=O):C(=N):C:N:2S(=O)(=O)O):C:C([SH](=O)=O):C:1Cl,380.452540728974,18.764154481828232
2678,14,7,26,4,12,8695,44,18,7,11,CCOC(=O)C1:S:N(C#CC#CC2:C:C(CC):S(=O):C:C:2OC):C:C(N):C:1OC,380.2504728709189,7.208356113816513
1906,10,22,2,24,4,6225,32,4,23,12,CCNN1CS(C=CC2:C:C(S(=O)(=O)O):C([SH](=O)=O):N:C:2C(C)C)(CC)CC1O,380.1884243780857,10.580354974206317
505,3,6,12,9,14,5758,29,12,13,5,CCN(CC)C1:C(O):C:C:N([N+](=O)O):C:1OS1(O)NC(NC(C)=O)CC1Cl,379.84449417863954,9.08335662277898
8644,44,15,2,26,9,2881,15,8,6,3,CC1:C:C(C2:N:S(=C(C#N)C#N):C:C([SH](=O)=O):C:2=O):S:C(N=O):C:1[N+](=O)O,379.79136371256646,19.8858877247852
5022,26,21,24,14,11,4451,23,1,8,22,CC(C)C1CC(Br)SC1(C#CC1(N(C)C)CC(S(=O)(=O)O)CC1N=O)C(=O)O,379.6540920015724,11.723359103220867
930,5,11,25,6,4,252,2,1,13,6,CC(=O)NC1:C:C([N+](=O)O):C:C(C=CC2:C:C([N+](=O)O):C:C(=N):S:2N)(N(C)C):C:1,379.6398779778545,15.4243625413408
8937,45,6,7,7,12,415,3,12,7,1,COC1:C:C(C#CC#CN2:C:C(O):C(OC):C(N(C)C):C:2):S:S([N+](=O)O):C:1OC,379.6139117478715,10.72521287770757
8896,45,3,26,7,12,6315,32,14,7,17,COC1:C(C#CC#C[SH]2C(C(=O)O)NC(OC)C2C(F)(F)F):S:S:C(C):C:1=O,379.58942766503657,22.35376945960934
3515,18,9,2,12,1,1458,8,11,16,1,CCN(CC)N1:C(N=NC2(N):C:O:C(CN(CC(=O)O)CC(=O)O):C(N(C)C):C:2):C:S:C(O):C:1[SH](=O)=O,379.37301470725185,24.999899573493114
744,4,5,21,2,18,4433,23,17,25,12,N=C1CCC(O)C1(CNC1:C:C([SH](=O)=O):C(Br):C(Cl):O:1)C(F)(F)F,379.3471846624146,17.254519039868125
9222,47,25,7,1,19,524,3,7,13,14,COC1:C:N(C(=N)C2:O:C(=N):S:C(OC):C:2N(C)C):C:C(C(=O)O):C:1NC(C)=O,379.20275281251054,14.215270749776666
2848,15,6,8,23,12,2230,12,4,25,5,CCNC1:C(C#CC#CC2(CC):C:C:C(Cl):C(=N):N:2):C:S([N+](=O)O):C:C:1N=O,379.14490719720504,19.51277648066087
3105,16,23,18,3,12,2039,11,1,3,17,CCNN1:C:C(C(=O)OCC):N(C):C:C:1C#CC#CC1(N(C)C):C:C(C(F)(F)F):C:N(C):C:1,379.13215396060184,39.682727153283345
518,3,18,16,1,14,6966,35,13,7,11,CCOC(=O)N1:C(CN(CC(=O)O)CC(=O)O):C:C(N(C)C):C:C:1OC1(NC(C)=O)CCN(N)C1OC,379.09389147518885,20.497981172148837
6821,35,25,8,8,14,2057,11,9,3,2,CCN(CC)C1:C(OC2(N=O)CC(=N)N(N=O)C2):C:C([SH](=O)=O):C:N:1C,379.0824354428421,17.629898825106
1074,6,11,7,5,12,6000,30,3,12,7,COC1:C:B(N):C(C#CC#CN2C(OC)CN(O)C2C):C(Cl):C:1,378.99949576795336,13.988430103842456
3043,16,8,26,17,19,1988,10,17,18,6,CCOC(=O)C1:C([N+](=O)O):N:C:C:C:1(C(=N)C1:C:N(C(F)(F)F):C:C(=O):N:1N=O)C(F)(F)F,378.94651840450535,25.084566275902457
2270,12,11,1,25,5,5041,26,17,9,8,CCN(CC)C1C(N=O)CS(=NC2:C:N(N):C(N(C)C):C:C:2=N)C1C(F)(F)F,378.9090087123467,14.193546267445782
6459,33,13,23,9,12,2386,12,12,14,14,CCNC1SC(N(CC)CC)C(C#CC#CC2:C:C:C(C(=O)O):C(C(=O)O):N:2O)C1NC(C)=O,378.8455689387035,16.029397303026034
1821,10,14,13,17,14,1532,8,14,4,24,CCC1:O:C:C(C(C)C):C:C:1(OC1:C:C(C(=O)O):C:N(NC(C)=O):C:1C(F)(F)F)C(=O)O,378.75013707158536,12.82109301901291
3435,18,21,14,5,6,9470,48,2,12,5,O=C(O)C1:C:S:C(Cl):C(C=[SH]2([SH](=O)=O)CC(Cl)SC2O):N:1Br,378.69673887801025,17.44450988182714
2055,11,3,23,2,19,9598,48,18,5,2,CCNC1:N:C(C):C:C(C(=N)S2(C(=O)OCC)CC([SH](=O)=O)[SH](Cl)C2):C:1[SH](=O)=O,378.64031756661814,9.344923239053777
2181,11,6,13,11,2,5758,29,12,13,5,CC(=O)NC1CC(Cl)S(O)(C(=O)C=CC2:C:C(N):N(NC(C)=O):C:C:2[N+](=O)O)N1,378.59483073254194,18.012980126736768
3555,18,18,3,1,11,2290,12,5,25,1,CCOC(=O)N1:C:C(C):S(N(C)C):C:C:1C#CC1(Cl):C:C:C(N(C)C):C(=N):N:1,378.58993227484814,14.157139065036926
5965,30,7,12,2,9,8895,45,13,14,24,CON1C(O)N([SH](=O)=O)CC1S1(NC(C)=O):C:C(C(C)C):C:C(C(=O)O):S:1,378.58282593896047,20.595486951669926
816,5,12,23,7,19,2301,12,14,12,21,CCNC1:C:C(OC):C:C(C(=N)C2(C(=O)O):C:C(Br):C:C(O):N:2):S:1O,378.4533366634291,12.382535124201564
6716,34,5,18,24,18,1273,7,5,7,22,CCOC(=O)C1CNC(Cl)C1(NCC1(Cl):C:C(S(=O)(=O)O):O:C:C:1OC)C(C)C,378.4139971428223,16.9240829218372
6314,32,24,23,6,18,2082,11,5,24,25,CCNC1N([N+](=O)O)CC(NCC2(Cl):C:C(=N):C:N:C:2C(C)C)[SH]1C(C)C,378.3108506692089,11.606759843239287
1801,10,22,7,13,1,1829,10,14,17,26,COC1:C:C(S(=O)(=O)O):C(N=NC2:C:C(=O):N:C(C(F)(F)F):C:2C(=O)O):C(NC(C)=O):N:1,378.2838834309243,18.871846775457676
5194,26,26,6,3,6,5709,29,12,26,17,CC1(C=S2CC(C(F)(F)F)C(=O)N2O)CCC([N+](=O)O)S1=O,378.174706420294,14.279864856156832
1005,6,24,13,25,19,6850,35,7,22,11,COC1NC(S(=O)(=O)O)C(N)C1C(=N)C1:C:C:C(=N):C(NC(C)=O):B:1C(C)C,378.15356938961463,20.897193154892516
414,3,12,5,5,12,323,2,22,21,4,CCC1:C:C:C(C#CC#CC2:C(Cl):C(Cl):C:C:N:2O)(S(=O)(=O)O):C(Br):C:1,378.1106343798688,23.282030679217645
8250,42,6,8,21,7,5197,26,6,12,26,O=NC1:C:C(Br):C(C=NS2([N+](=O)O)CCC(O)C2=O):O:S:1[N+](=O)O,378.075145094179,31.35086698336626
3423,18,17,7,12,10,8934,45,17,17,1,COC1:C:N(C(F)(F)F):C(=S2(C(F)(F)F):C:C:C(N(C)C):C(C(F)(F)F):S:2):C:S:1O,378.0403852163505,27.7317408926644
8970,45,14,18,4,10,2392,12,12,14,25,CCOC(=O)S1:C:C:C(CC):C(=C2:C:C(=N):C:C(C(=O)O):N:2O):S:1C(=O)O,378.0361547008123,9.274019800073736
8896,45,3,26,7,14,4671,24,4,9,7,CCC1CC(N(CC)CC)C(OC)N1OC1:S:S:C(C):C(=O):C:1OC,377.94855110345634,10.26607303660585
6047,31,3,12,23,19,2598,13,4,7,5,CCNC1C(C(=N)C2(CC):C:C:S(Cl):C:C:2OC)OC(C)N1O,377.81362267152576,16.001887996220724
5239,27,12,14,12,20,7594,38,21,26,7,COC1CC(=O)[SH](Br)C1C=CC(C)=CC1(O)CC(C(=O)O)N(O)N1,377.75104729149524,13.281312576553638
6246,32,13,3,1,12,2911,15,8,3,7,COC1:C:C:C:C(C#CC#CC2(N(C)C)CNC(C)[SH]2NC(C)=O)(N=O):S:1C,377.72348345979765,14.570897702539703
8936,45,8,7,12,1,5713,29,8,5,13,COC1:C:S:S(N=O):C(N=N[SH]2CC(NC(C)=O)C(Cl)N2N=O):C:1O,377.7187315619573,7.871653248271752
8417,43,8,22,23,12,2100,11,8,24,3,CCNC1:C:C(C#CC#CC2(N=O):C:C:C(C):N(C(C)C):C:2):N(N=O):N(S(=O)(=O)O):C:1,377.68488738131174,17.157212286181995
1389,7,1,6,5,7,967,5,4,14,3,CCC1:C(C(=O)O):C:C(C):C:S:1N=CC1:C:O:C(Cl):C([N+](=O)O):C:1N(C)C,377.64996826614885,13.060368210281558
3422,18,11,7,4,14,6514,33,3,25,4,CCC1C(=N)SCC1(C)OC1:C:S(CC):C:C(OC):N:1N,377.5581785851565,10.590193199961995
7581,38,8,16,24,12,2065,11,18,7,14,CCOC(=O)C1(C#CC#CC2C(C(C)C)C[SH](CN(CC(=O)O)CC(=O)O)C2N=O):C:N:C(OC):C(C(=O)O):C:1,377.5194262355859,12.301803702994263
1448,8,14,4,2,18,2714,14,3,26,12,CCC1:O:C([SH](=O)=O):C:C(NCC2:C:C(O):C(=O):S:C:2C):C:1C(=O)O,377.44052479693886,25.496703430119354
5713,29,8,5,13,2,3298,17,11,15,17,CC(=O)NC1C(C=CC(=O)N2:C:C(C(F)(F)F):O:C(=C(C#N)C#N):C:2N)SN(N=O)C1Cl,377.39778113841686,29.03767249560394
3926,20,22,12,25,12,9586,48,7,4,7,CCC1SC(OC)CS1(C#CC#CC1:C:S(=N):C(O):C(S(=O)(=O)O):O:1)OC,377.3949053088517,20.726597008051787
4612,24,13,12,17,7,2973,15,18,26,14,CCOC(=O)C1(N=CC2(C(F)(F)F)NC(NC(C)=O)CC2O):C:C(C(=O)O):C:C(=O):S:1,377.37418936671725,10.924804019917222
383,2,6,24,18,14,3564,18,8,23,18,CCNS1:C:C(N=O):N(OC2:C:C([N+](=O)O):C(C(C)C):C:C:2C(=O)OCC):C:C:1C(=O)OCC,377.22914523752695,14.881759281417626
6773,34,3,23,12,13,1215,7,7,22,25,CCNC1C(C)NCC1(O)C=CC=CC1(OC):C:C(=N):O:C:C:1S(=O)(=O)O,377.18263477269835,10.813903242831822
5086,26,14,23,14,6,5133,26,26,22,22,CCNC1CCC(C=S2(=O)CC(S(=O)(=O)O)CC2S(=O)(=O)O)(C(=O)O)[SH]1C(=O)O,377.13413000812545,14.928656337744272
8551,43,17,1,2,10,7462,38,7,9,5,CCN(CC)C1C(OC)SC(=C2:C:C([SH](=O)=O):C(N(C)C):N(C(F)(F)F):N:2)C1Cl,377.02211763053145,12.606432557853122
6501,33,3,13,12,14,3490,18,11,13,23,CCNC1:C:N(OC2C(C)C[SH](NC(C)=O)C2O):C(N):C(NC(C)=O):S:1,376.98255919138325,20.13622806062472
4883,25,14,6,4,11,2027,11,3,17,2,CCC1C(C#CC2:C:C([SH](=O)=O):C:N(C(F)(F)F):C:2C)OC(C(=O)O)C1[N+](=O)O,376.98196893645024,23.00686022324954
4132,21,12,11,3,5,6607,34,7,12,1,CON1C(=NC2:C(C):S(N):C:C:S:2O)C(N(C)C)CC1O,376.95082970576266,17.765044713742196
4701,24,16,24,21,14,4508,23,17,13,1,CC(=O)NC1CC(C(F)(F)F)C(OC2(Br)CC(C(C)C)CN2CN(CC(=O)O)CC(=O)O)C1N(C)C,376.6743993258143,7.394921135333746
8938,45,14,26,26,11,3552,18,4,7,8,CCC1:C(OC):S(N=O):C:C:N:1C#CC1:C:C(=O):C:S(=O):S:1C(=O)O,376.55478602980827,14.984225613094864
3121,16,7,13,15,18,2291,12,12,7,17,COC1:C:C(C(F)(F)F):C:C(O)(CNC2:C:N:C(=C(C#N)C#N):C(NC(C)=O):N:2OC):N:1,376.44877665163324,17.50993080708655
2293,12,8,14,6,4,9797,49,23,5,17,CCNN1ON(C=CC2:C:C:C([N+](=O)O):N(C(=O)O):C:2N=O)C(C(F)(F)F)C1Cl,376.39296747707624,20.603285533190228
4013,21,24,17,7,7,4675,24,9,23,1,CCNC1C(N(C)C)CN(N=CC2:S:C:C(C(C)C):S(C(F)(F)F):C:2OC)C1N(CC)CC,376.34993766604407,22.171897135437906
4599,23,3,18,23,2,6680,34,3,26,6,CCNC1(C=CC(=O)C2C([N+](=O)O)CC(=O)N2C)CCC(C(=O)OCC)C1C,376.3349867536099,14.134329443467216
4799,24,14,4,13,5,2695,14,9,12,4,CCC1:C:C(=NC2CC(NC(C)=O)C(CC)N2C(=O)O):C(N(CC)CC):S(O):C:1,376.0334453335908,20.540310470407103
3095,16,1,7,2,1,989,5,3,8,14,COC1:C([SH](=O)=O):N:C:C(N=NS2:C:C(C):C(N=O):C(C(=O)O):C:2):N:1N(C)C,376.02121590831257,11.360937668237334
7531,38,4,6,8,10,2937,15,13,4,2,CCC1:C([SH](=O)=O):C:C:C(=C2C(CC)SC([N+](=O)O)C2N=O):S:1NC(C)=O,375.9528346931962,12.060770373130698
5662,29,24,12,17,9,8903,45,11,5,23,CCNC1:C:C:S(Cl):S(N)(C2CC(C(F)(F)F)N(O)[SH]2C(C)C):C:1,375.8421018945977,8.819201683134242
6517,33,3,3,7,14,7406,38,13,1,22,COC1(OC2C(S(=O)(=O)O)C(N(C)C)C[SH]2NC(C)=O)CC[SH](C)C1C,375.8057862271696,10.852711560085146
8290,42,7,8,9,12,252,2,1,13,6,CCN(CC)C1:C(N=O):C:S(OC):O:C:1C#CC#CC1(N(C)C):C:C(NC(C)=O):C:C([N+](=O)O):C:1,375.719979152339,16.88280989716253
7181,36,14,23,2,18,6381,32,22,14,23,CCNC1C(C(=O)O)NC(S(=O)(=O)O)[SH]1CNC1([SH](=O)=O)COC(C(=O)O)C1NCC,375.66504643751756,26.7467664256333
4991,25,5,8,8,9,2561,13,18,22,14,CCOC(=O)C1:C(C2(N=O)CC(N=O)C(Cl)O2):C:C(C(=O)O):S:C:1S(=O)(=O)O,375.64834101101496,20.342956503798142
5036,26,23,5,4,14,73,1,11,25,4,CCN[SH]1C(OC2=C(CC)C(=N)C(N)=C2)CC(CC)C1Cl,375.49237606336646,17.37219634824142
2256,12,11,8,14,14,3469,18,8,3,11,CC1:C(N=O):N(OC2:C:C(C(=O)O):C:N(N=O):C:2N):C:C:S:1N,375.40422257347154,10.512152462769649
2027,11,3,17,2,19,6246,32,13,3,1,CC(=O)NS1(C(=N)C2:C:C(C):N(C(F)(F)F):C:C:2[SH](=O)=O)C(C)NCC1N(C)C,375.3912208600856,9.29780520131745
2826,15,3,3,17,14,1785,9,21,11,17,CC1:S:C(C):C(C(F)(F)F):C:C:1OC1(Br):C:C:C(C(F)(F)F):C(N):O:1,375.29772763235883,16.239456806535923
1822,10,18,11,17,4,9404,48,12,22,17,CCOC(=O)C1:C(C=C[SH]2C[SH](O)C(S(=O)(=O)O)C2C(F)(F)F):C:N:C(C(F)(F)F):C:1N,375.1189172571038,11.549808685208442
4440,23,26,2,21,1,8689,44,12,12,13,CC(=O)NC1:C:N(N=NC2(Br)CCC([SH](=O)=O)C2=O):S:C(O):C:1O,375.0911237295597,20.321803228512064
423,3,17,21,18,18,4663,24,6,4,25,CCOC(=O)C1:C:C(Br):C:N(C(F)(F)F):C:1NCN1CC(=N)C(CC)C1[N+](=O)O,375.0610481861805,13.50817266847672
1217,7,26,22,26,5,6508,33,23,1,13,CCNC1SC(N(C)C)C(NC(C)=O)C1=NC1:C:O:C(=O):C(S(=O)(=O)O):C:1=O,374.6953441636582,25.072970718115318
3672,19,18,2,11,18,4563,23,11,4,7,CCOC(=O)C1:O:C(NCC2CC(N)C(CC)C2OC):C(N):O:C:1[SH](=O)=O,374.57709559827686,19.1481607241374
2240,12,6,21,26,10,7418,38,7,17,14,CO[SH]1C(=C2:C([N+](=O)O):N(Br):C:C:C:2=O)C(C(=O)O)CC1C(F)(F)F,374.4597552696667,6.509573082447605
5662,29,24,12,17,2,9493,48,12,3,11,CC(C)[SH]1C(C=CC(=O)[SH]2CC(N)[SH](C)C2O)CC(C(F)(F)F)N1O,374.4050770784632,20.99266619371854
2031,11,17,24,17,6,4022,21,2,3,14,CC1:C:S(=CC2:C:C(C(F)(F)F):N(C(C)C):C:C:2C(F)(F)F)([SH](=O)=O):C:C:S:1C(=O)O,374.22695159313616,27.31962939469229
5663,29,17,3,6,9,2845,15,14,2,8,CC1CC([N+](=O)O)(C2(C(=O)O):C:C:C:C(N=O):S:2[SH](=O)=O)SN1C(F)(F)F,374.18139896869064,17.322857948296132
2926,15,4,17,5,11,920,5,7,9,24,CCC1:C(C#CS2(OC):C:C:C(C(C)C):C:C:2N(CC)CC):C:C:C(Cl):S:1C(F)(F)F,374.14458562384965,9.360519872882495
7156,36,12,6,8,1,885,5,18,2,21,CCOC(=O)S1(N=NC2(N=O)C(O)OCC2[N+](=O)O):C:C:C:C(Br):C:1[SH](=O)=O,374.0515624265552,16.81147729717815
989,5,3,8,14,7,5299,27,12,21,5,CC1:C:S:C(C=NN2C(Cl)CC(Br)N2O):C(C(=O)O):C:1N=O,373.9950863505966,24.851627347842747
7284,37,8,26,6,15,241,2,11,3,23,CCNC1:C:C:C(C):C(N)(CC=CC=CC2C(N=O)C(=O)OC2[N+](=O)O):C:1,373.9936063879686,20.224305491030318
8576,43,23,7,18,4,6822,35,5,11,5,CCNN1:N:C(C=CC2C(Cl)CN(N)C2Cl):C(C(=O)OCC):C:C:1OC,373.89482164341734,12.097966591478341
4606,24,11,6,24,20,2450,13,8,12,11,CC(C=CC1(N=O):C:C:S(N):C:C:1O)=CC1(C(C)C)CC([N+](=O)O)CN1N,373.5389445243594,25.563828279275025
3494,18,16,23,26,14,2132,11,11,1,12,CCNS1:C:C:N(CN(CC(=O)O)CC(=O)O):C(OC2(N):C:C(O):C:N(N(C)C):C:2):C:1=O,373.52362302766164,16.663863009462553
5951,30,7,2,22,6,5162,26,4,13,4,CCC1CCC(NC(C)=O)[SH]1(=CC1C(S(=O)(=O)O)N([SH](=O)=O)CN1OC)CC,373.4049936471857,12.43499799259452
396,2,5,1,26,5,1612,9,14,6,8,CN(C)C1:C:C:C(Cl):C(N=C2:C:C(N=O):C([N+](=O)O):C(C(=O)O):O:2):C:1=O,373.2693459745087,18.32248217268239
1083,6,1,11,11,6,7583,38,17,2,8,CN(C)B1:C(N):C:C(N):C:C:1C=C1C(N=O)CC([SH](=O)=O)[SH]1C(F)(F)F,373.2327453283821,21.12307746836733
5408,28,5,11,13,11,2173,11,9,2,12,CCN(CC)C1:N:C([SH](=O)=O):C(O):C:C:1C#CC1(NC(C)=O)CC(N)N(Cl)O1,372.96338044779975,13.502180149073846
6947,35,26,7,2,10,9510,48,14,18,4,CCOC(=O)C1SC(C(=O)O)S(=C2CC(=O)N(OC)C2[SH](=O)=O)C1CC,372.9374690664593,22.756867779171998
1000,5,8,6,2,4,5393,27,1,4,11,CCC1CC(N)N(C=CC2:S:C(N=O):C:C([N+](=O)O):C:2[SH](=O)=O)N1N(C)C,372.8062905152439,17.797199430705795
6864,35,25,14,6,14,7588,38,25,26,24,CC(C)C1C(=O)CS(=N)C1OC1([N+](=O)O)C(=N)CNC1C(=O)O,372.7644850108132,24.162850821948922
5113,26,26,13,4,11,2022,11,11,17,24,CCC1(C#CC2(N):C:C:C(C(C)C):N(C(F)(F)F):C:2)CC(NC(C)=O)CS1=O,372.70058806033836,20.501922888656395
8050,41,1,25,3,14,4577,23,2,26,24,CC1:C:C(OC2([SH](=O)=O)CCC(C(C)C)C2=O):O:N(N(C)C):C:1=N,372.5927939934969,24.0904512738543
7130,36,24,4,7,9,6431,33,24,14,13,CCC1CC(OC)(C2(C(C)C)CC(NC(C)=O)[SH](C(=O)O)C2)C(C(C)C)O1,372.44899894073006,6.886611528940225
9551,48,23,25,24,9,4639,24,23,8,26,CCNC1C(N=O)CC(=O)N1C1(C(C)C)C(=N)SC[SH]1NCC,372.43652842180904,21.386099292992284
718,4,22,12,26,5,5165,26,18,14,5,CCOC(=O)C1CC(C(=O)O)C(Cl)S1=NC1:C:C(=O):C(O):C(S(=O)(=O)O):O:1,372.30971171035924,13.377013141480132
6688,34,4,3,1,19,5068,26,24,21,12,CCN1CC(C(=N)S2(C(C)C)CC(O)CC2Br)(N(C)C)CC1C,372.304336195258,22.43279567728496
9147,46,17,3,5,19,874,5,3,8,4,CCC1:C:C:S(C)(C(=N)C2:C:C(Cl):N(C):C(C(F)(F)F):O:2):C:C:1N=O,372.23582069818383,4.872090583587054
2365,12,24,14,11,12,5125,26,13,25,11,CC(=O)NS1(C#CC#CC2:C:C(N):C(C(=O)O):N:C:2C(C)C)CCC(N)C1=N,372.0385038711681,9.701988292189355
5961,30,21,14,6,14,2169,11,22,24,23,CCNN1:C:C:C:C(OC2CN([N+](=O)O)C(C(=O)O)N2Br)(S(=O)(=O)O):C:1C(C)C,371.9792172393546,17.092031495205468
7208,37,5,17,23,14,4423,23,13,4,23,CCNC1CC(NC(C)=O)(OC2C(NCC)OC(C(F)(F)F)C2Cl)CC1CC,371.88549317006647,10.54461017857194
5215,27,1,22,6,14,1069,6,23,5,2,CCNC1:B(OC2([N+](=O)O)NNC(N(C)C)C2S(=O)(=O)O):C:C:C([SH](=O)=O):C:1Cl,371.79078729853074,12.975938511219653
2279,12,5,17,24,9,269,2,22,23,2,CCNC1:C([SH](=O)=O):C:C:C(C2:C:C(C(C)C):C:N(C(F)(F)F):C:2Cl):C:1S(=O)(=O)O,371.790428920122,17.174376715611494
1599,8,26,6,14,7,8445,43,2,17,4,CCC1:C:N(N=CC2:C(C(=O)O):C([N+](=O)O):O:C:C:2=O):N([SH](=O)=O):C:C:1C(F)(F)F,371.7369211590199,18.067952433610152
6607,34,7,12,1,2,2107,11,14,17,5,CON1CC(C=CC(=O)C2:C:C:C(Cl):N(C(F)(F)F):C:2C(=O)O)(N(C)C)CC1O,371.72834255786904,24.860766341396662
1080,6,8,7,26,14,7421,38,2,8,7,COC1:C(N=O):B:C(OC2([SH](=O)=O)SC(N=O)CC2OC):C:C:1=O,371.69142356110115,22.85533617096613
3067,16,25,22,18,12,2222,12,24,14,2,CCOC(=O)C1:C(C#CC#CC2(C(C)C):C:C([SH](=O)=O):C:C(C(=O)O):N:2):N:C:C(=N):N:1S(=O)(=O)O,371.62523301005166,20.70186265870999
4761,24,5,24,18,14,258,2,2,7,18,CCOC(=O)C1:C:C(OC2(C(=O)OCC)CC(C(C)C)CN2Cl)([SH](=O)=O):C:C:C:1OC,371.58397561055017,32.07090014080628
6893,35,9,18,5,19,434,3,25,7,5,CCOC(=O)C1NC(Cl)C(C(=N)N2:C:C(Cl):C:C(OC):C:2=N)C1N(CC)CC,371.5819896352159,13.89873796423616
1827,10,25,16,4,7,5755,29,1,9,7,CCC1:C(C=N[SH]2NC(N(C)C)C(N(CC)CC)C2OC):C(=N):C:C:N:1CN(CC(=O)O)CC(=O)O,371.5661133372243,8.493637598103259
8584,43,12,6,17,9,3038,16,14,22,1,CN(C)C1:C:N(C2:N:N(O):C([N+](=O)O):C:C:2C(F)(F)F):C(C(=O)O):C(S(=O)(=O)O):N:1,371.30888665754367,16.60078883201908
1944,10,16,21,12,5,5674,29,26,17,11,NC1C(C(F)(F)F)CNS1(=O)=NC1:C(CN(CC(=O)O)CC(=O)O):C:C:N(Br):C:1O,370.9104444561578,30.338367136344043
7521,38,26,11,21,6,7217,37,22,2,12,N[SH]1C(=O)C(C=C2C(O)C([SH](=O)=O)OC2S(=O)(=O)O)CC1Br,370.8499755979015,20.8943025082904
5289,27,5,3,1,9,5133,26,26,22,22,CC1NN(Cl)C([SH]2(=O)CC(S(=O)(=O)O)CC2S(=O)(=O)O)C1N(C)C,370.78999040741814,21.036013287179777
3061,16,24,26,3,7,8877,45,3,5,13,CC(=O)NC1:C:S(C)(N=CC2:C(C):N:C:C(=O):N:2C(C)C):S:C:C:1Cl,370.64559562700947,11.09351092949502
8247,42,17,3,3,18,8579,43,26,12,18,CCOC(=O)C1:C:N(CNC2:O:S(C(F)(F)F):C:C(C):C:2C):N:C(=O):C:1O,370.4910404167333,15.97686172592772
5965,30,7,12,2,16,2140,11,6,8,12,CON1C(C=CC=CC=CC2:C:C(O):C:N(N=O):C:2[N+](=O)O)CN([SH](=O)=O)C1O,370.41254400405603,25.562210533555973
8514,43,5,18,6,4,320,2,12,26,6,CCOC(=O)C1:C([N+](=O)O):C:C(C=CC2(O):C:C:C:C([N+](=O)O):C:2=O):N:N:1Cl,370.3614801322133,12.804340140902783
1957,10,6,11,11,4,953,5,6,25,8,N=C1:C(N=O):C:C:S(C=CC2:C:N(N):C:C(N):C:2[N+](=O)O):C:1[N+](=O)O,370.100862485912,8.810227938513195
332,2,26,17,6,5,1832,10,24,4,12,CCC1:C(C(C)C):C(=NC2:C([N+](=O)O):C:C:C(C(F)(F)F):C:2=O):C:C:N:1O,370.0137785614992,24.57682484474367
1832,10,24,4,12,9,9436,48,4,13,18,CCOC(=O)C1C[SH](NC(C)=O)C(CC)[SH]1C1:C:C(C(C)C):C(CC):N(O):C:1,369.924665074204,19.75607291977945
2223,12,7,9,7,9,572,3,12,13,3,CCN(CC)C1:N:C(OC):C(N2:C:C:C(C):C(NC(C)=O):C:2O):C:C:1OC,369.92130434134145,23.25090883951894
5427,28,8,18,24,11,2958,15,18,7,26,CCOC(=O)C1:S:C(C#CC2ON(N=O)C(C(=O)OCC)C2C(C)C):C:C(=O):C:1OC,369.89134882275073,12.32227541894205
3068,16,17,23,18,5,4442,23,13,26,2,CCNC1:C(C(F)(F)F):N:C(N=C2C(NC(C)=O)CC(=O)C2[SH](=O)=O):C:N:1C(=O)OCC,369.7458170395725,8.140500471173185
462,3,3,6,25,8,7102,36,2,14,23,CCNC1C(=CC=C2:C(=N):C([N+](=O)O):C:C:N:2C)OC([SH](=O)=O)C1C(=O)O,369.687429533331,5.732583511668523
6709,34,12,26,24,9,6460,33,22,11,22,CC(C)C1C(=O)N(O)CC1C1C[SH](S(=O)(=O)O)C(N)C1S(=O)(=O)O,369.6337797866728,16.820824062929983
1844,10,11,17,6,5,4150,21,5,12,26,NC1:C(N=S2(Cl):C:C:S(=O):C(O):C:2):C:N:C([N+](=O)O):C:1C(F)(F)F,369.4298693579404,5.012198604534375
3086,16,11,21,17,1,5197,26,6,12,26,NN1:C(Br):C:N(C(F)(F)F):C:C:1N=NS1([N+](=O)O)CCC(O)C1=O,369.42954293302785,8.912054282448914
1228,7,25,8,3,14,265,2,17,17,3,CC1:C:C(C(F)(F)F):C:C(OC2:C(C):O:C:C(N=O):C:2=N)(C(F)(F)F):C:1,369.31416979451615,22.518944087511517
430,3,8,8,5,11,6481,33,7,23,5,CCN[SH]1C(Cl)CC(C#CC2:C:C(Cl):C:C(N=O):N:2N=O)C1OC,369.2552192638186,16.924151754603155
2355,12,13,6,7,11,9484,48,5,14,4,CCC1C[SH](C(=O)O)CS1(Cl)C#CC1:C:C(OC):C:N([N+](=O)O):C:1NC(C)=O,369.0717068508475,19.46598913624546
5221,27,17,13,11,4,4450,23,23,21,8,CCNC1(C=CC2C(N)C(NC(C)=O)NN2C(F)(F)F)C(Br)CCC1N=O,368.9374913226631,9.238960762450139
293,2,11,22,12,19,582,3,7,6,13,COC1:C:C([N+](=O)O):C(NC(C)=O):C:N:1C(=N)C1:C:C(N):C:C(S(=O)(=O)O):C:1O,368.9198832809051,17.87625525599573
9011,46,7,6,8,18,7270,37,9,8,22,CCN(CC)C1OC(N=O)C(S(=O)(=O)O)C1CNC1:C:C(N=O):N([N+](=O)O):C(OC):O:1,368.6949772519317,32.798201751791055
7182,36,4,26,23,18,251,2,17,26,4,CCNC1C(=O)OC(CC)C1NCC1(C(F)(F)F):C:C(CC):C:C(=O):C:1,368.6304304629506,16.81605530209116
5299,27,12,21,5,14,7459,38,25,12,26,N=C1SC(OC2(Cl)CC(Br)N(O)N2)C(=O)C1O,368.59260228551955,15.935512732452878
2199,11,23,26,25,12,2086,11,3,17,4,CCNC1:C(C#CC#CC2(C):C:N:C(C(F)(F)F):C(CC):C:2):C(=N):C:N:C:1=O,368.4442410209581,17.061664407232385
1902,10,4,13,3,19,5146,26,26,7,24,CCC1:C:C(NC(C)=O):N:C(C):C:1C(=N)[SH]1(=O)C(OC)CCC1C(C)C,368.43795800905934,13.467173201296655
6301,32,18,24,22,11,2014,11,25,26,26,CCOC(=O)C1SC(C#CC2:C:C(=O):C(=O):N:C:2=N)(S(=O)(=O)O)CN1C(C)C,368.2598373980472,18.71073896512043
258,2,2,7,18,12,5763,29,15,12,23,CCNC1CC[SH](C#CC#CC2:C([SH](=O)=O):C:C:C(OC):C:2C(=O)OCC)(=C(C#N)C#N)N1O,368.2272567674855,11.305893700017297
9716,49,7,8,18,14,6851,35,12,4,7,CCOC(=O)C1(OC2C(OC)CN(CC)C2O)CN(N=O)ON1OC,368.22031792620226,5.470626624690961
3076,16,13,22,26,10,6341,32,1,7,12,COC1NC(O)C[SH]1(=C1:C:N:C(=O):C(S(=O)(=O)O):N:1NC(C)=O)N(C)C,368.21338591867953,10.662360523818885
2171,11,7,23,5,9,4748,24,13,12,14,CCNN1:C:C(Cl):C(N2CC(NC(C)=O)C(O)C2C(=O)O):C(OC):C:1,368.0868592872848,8.412048132395974
534,3,23,14,23,11,2302,12,23,7,11,CCNC1:C:C:C(C#CC2(NCC):C:C:C:C(N):N:2OC):N(NCC):C:1C(=O)O,368.02567621049775,17.191081358906462
2964,15,3,22,3,7,240,2,4,14,24,CCC1(N=CC2:C(C):C:C:S(S(=O)(=O)O):C:2C):C:C:C(C(C)C):C:C:1C(=O)O,367.7536800921791,19.038458828084806
4662,24,2,4,2,14,4419,23,25,25,25,CCC1CC([SH](=O)=O)C(OC2CC(=N)C(=N)C2=N)N1[SH](=O)=O,367.7326331418229,12.851438281156339
5747,29,11,11,3,18,6355,32,13,1,25,CC(=O)NS1(CNC2(C)CC(N)N[SH]2N)CC(=N)NC1N(C)C,367.5921492264612,26.56869734263276
8274,42,4,26,12,5,1431,8,2,6,25,CCC1:S:O:C(N=C2:C:C(=N):C([N+](=O)O):O:C:2[SH](=O)=O):C(O):C:1=O,367.58366268837193,11.13408448941897
7458,38,5,22,23,11,4779,24,21,26,18,CCNC1(C#CN2C(Br)C(=O)CC2C(=O)OCC)CC[SH](S(=O)(=O)O)C1Cl,367.5673691272269,30.05593899041374
6812,35,26,24,8,6,1261,7,12,7,21,COC1:O:C(Br):C:C(=CC2C(=O)CN(C(C)C)C2N=O):C:1O,367.3990245018884,11.88798719208054
4670,24,14,12,14,14,5060,26,4,3,8,CCC1C(C)CC(N=O)[SH]1OC1(C(=O)O)CC(O)CN1C(=O)O,367.221004581255,9.257876755680737
3086,16,11,21,17,4,1516,8,3,11,2,CC1(C=CC2:C:N(C(F)(F)F):C:C(Br):N:2N):C:C:C([SH](=O)=O):O:C:1N,367.2103324816341,12.482113588891911
1932,10,2,7,4,2,3123,16,4,12,2,CCC1:N:C:C(OC):C([SH](=O)=O):C:1C=CC(=O)N1:C:C:N([SH](=O)=O):C(O):C:1CC,367.0756212799391,4.554744753702474
6098,31,14,13,6,14,2670,14,15,7,7,COC1:C:C(OC2([N+](=O)O)OC(C(=O)O)NC2NC(C)=O):C(=C(C#N)C#N):S(OC):C:1,367.0119331129232,28.50333717694342
4733,24,18,17,6,7,2821,15,14,25,24,CCOC(=O)N1CC(C(F)(F)F)C([N+](=O)O)C1C=NC1(C(=O)O):C:C(C(C)C):C(=N):C:S:1,366.75835814240077,17.090764225338372
5326,27,12,3,7,14,351,2,22,11,19,COC1(OC2(S(=O)(=O)O):C:C(C(=O)[O][Na]):C:C:C:2N)NN(O)CC1C,366.3879302814579,32.09902261291095
4689,24,12,22,3,12,9560,48,8,24,7,COC1CSC(C(C)C)S1(C#CC#CC1(C)NC(O)CC1S(=O)(=O)O)N=O,366.32784178147494,13.186317564185321
7433,38,26,25,7,11,6677,34,7,5,22,COC1CS(=N)C(=O)C1C#CC1(OC)CC(S(=O)(=O)O)CN1Cl,366.2044436121836,23.80123243411001
3892,20,8,6,6,11,2821,15,14,25,24,CC(C)C1:C:C(C#CC2:C:S([N+](=O)O):C([N+](=O)O):C(N=O):O:2)(C(=O)O):S:C:C:1=N,366.11498834123705,21.345958499960375
7954,40,13,12,14,12,486,3,7,17,2,COC1:C:N(C#CC#CC2:O:O:C(NC(C)=O):C(O):C:2C(=O)O):C:C([SH](=O)=O):C:1C(F)(F)F,365.99101834472265,7.339302806967342
2436,13,4,8,25,7,5004,26,8,1,23,CCNC1CC(N(C)C)C(N=O)[SH]1N=CC1:C(CC):C:C(N=O):S:C:1=N,365.67512184012537,12.582066234952405
5988,30,26,12,14,18,5018,26,4,5,18,CCOC(=O)C1CCS(CC)(CNC2(C(=O)O)CN(O)C(=O)N2)C1Cl,365.61805571393216,15.455997767417442
6963,35,1,18,8,14,3598,18,1,16,8,CCOC(=O)N1CC(N=O)(ON2:C:C:S(N=O):C(CN(CC(=O)O)CC(=O)O):C:2N(C)C)CC1N(C)C,365.58505775843525,19.94082540019879
434,3,25,7,5,7,6770,34,22,7,14,COC1:C:C(Cl):C(C=NC2(S(=O)(=O)O)CCC(C(=O)O)N2OC):N:C:1=N,365.4579326012361,13.15707348851063
8461,43,12,6,17,11,529,3,12,4,21,CCC1:C:C(O):N(C#CC2:C(C(F)(F)F):C:C([N+](=O)O):N:N:2O):C:C:1Br,364.8644253742383,5.70643249162853
1723,9,26,21,11,11,1248,7,6,7,2,COC1:C:C(C#CC2:C:C(N):C(Br):O:C:2=O)([N+](=O)O):C:C([SH](=O)=O):O:1,364.8301752613632,10.226162996083362
8562,43,21,14,3,18,264,2,18,17,25,CCOC(=O)C1(CNC2:C:C(C):C(C(=O)O):N(Br):N:2):C:C:C(C(F)(F)F):C(=N):C:1,364.79590446242184,8.930943711778218
7446,38,12,17,21,4,1516,8,3,11,2,CC1(C=CC2(Br)C(O)SCC2C(F)(F)F):C:C:C([SH](=O)=O):O:C:1N,364.24714219662985,6.232441095677522
2083,11,6,14,1,11,2201,12,11,26,9,CCN(CC)C1:C:C:C(N)(C#CC2:C:C(N(C)C):N(C(=O)O):C([N+](=O)O):C:2):N:C:1=O,364.22691248923127,23.142816327292767
2480,13,22,2,21,18,1699,9,12,12,3,CC1:C:C(CNC2:C:C(S(=O)(=O)O):C([SH](=O)=O):S(Br):C:2):O:C(O):C:1O,364.02884969415265,21.415967120567828
8568,43,5,6,22,9,2833,15,25,18,11,CCOC(=O)C1:C:C(N):C:C(C2:C:C:C(S(=O)(=O)O):N([N+](=O)O):N:2Cl):S:1=N,364.0194831645513,14.38882725153376
1699,9,12,12,3,8,4133,21,6,12,26,CC1:C(O):C(O):O:C:C:1=CC=S1([N+](=O)O):C:C:S(=O):C(O):C:1,363.8959807990357,15.192212645175335
2163,11,3,6,7,12,9576,48,1,15,6,COC1:C:C(C#CC#C[SH]2C([N+](=O)O)CS(=C(C#N)C#N)C2N(C)C):C:C(C):N:1[N+](=O)O,363.7649871154832,6.43521332960976
4606,24,11,6,24,2,6618,34,3,5,2,CC1NC(C(=O)C=CC2(C(C)C)CC([N+](=O)O)CN2N)C([SH](=O)=O)C1Cl,363.61145207916843,16.7985965342286
1753,9,25,11,5,7,2122,11,2,8,11,N=C1:O:C:C(C=NC2([SH](=O)=O):C:C:C(N):N:C:2N=O):C(Cl):C:1N,363.38810529742506,15.673417622174316
5733,29,12,13,1,9,804,5,11,26,4,CCC1:C:C:C:S(N)(C2CC(N(C)C)N(NC(C)=O)[SH]2O):C:1=O,363.21251472078103,18.892960752168225
6549,33,22,7,12,19,3126,16,14,7,23,CCNC1:C:N(C(=N)C2(O)CC(S(=O)(=O)O)SC2OC):C(C(=O)O):C(OC):N:1,363.1716604144724,14.377038295134879
8438,43,7,7,11,12,3094,16,24,22,22,CON1:C(N):C:C:C(C#CC#CN2:C:C(S(=O)(=O)O):N:C(S(=O)(=O)O):C:2C(C)C):N:1OC,363.1321680728678,23.914224649634196
3195,16,26,23,22,11,1248,7,6,7,2,CCNN1:C(S(=O)(=O)O):C(C#CC2([N+](=O)O):C:C(OC):O:C([SH](=O)=O):C:2):N:C:C:1=O,362.9390893052244,9.500274559945051
206,2,18,12,17,7,7477,38,2,23,11,CCNC1CSC(N=CC2:C:C(C(=O)OCC):C:C(O):C:2C(F)(F)F)([SH](=O)=O)C1N,362.6265883908926,12.64811826599911
9147,46,17,3,5,4,2427,13,3,12,26,CC1:C:C(C=CC2:C:C(Cl):N(C):C(C(F)(F)F):O:2):C:C(=O):S:1O,362.46403626198617,14.724463740041449
679,4,26,13,12,7,6867,35,6,4,22,CCC1NCC(S(=O)(=O)O)C1(N=CC1:O:C(=O):C(NC(C)=O):C:C:1O)[N+](=O)O,362.40298336711237,15.636676048176469
554,3,2,2,26,10,6305,32,3,3,8,CC1C(N=O)S(=C2:C(=O):C:C:C([SH](=O)=O):N:2[SH](=O)=O)CN1C,362.2937446459039,21.50897862894633
9600,48,5,13,2,10,5181,26,7,22,7,COC1CCC(S(=O)(=O)O)[SH]1(OC)=C1C([SH](=O)=O)[SH](NC(C)=O)C[SH]1Cl,362.2816344354966,12.647135739247027
2826,15,3,3,17,9,2573,13,17,17,17,CC1:S:C(C):C(C2(C(F)(F)F):C:C:S(C(F)(F)F):C:C:2C(F)(F)F):C:C:1C(F)(F)F,362.1433624775541,21.296804451652143
4465,23,17,12,1,2,9408,48,3,24,2,CC(C)C1SCS(C)(C(=O)C=CC2(N(C)C)CC(O)CC2C(F)(F)F)C1[SH](=O)=O,362.01461393924495,14.138834865823714
2825,15,14,22,18,9,7224,37,24,26,23,CCNC1C(=O)OCC1(C1:C:C(C(=O)OCC):C:S(S(=O)(=O)O):C:1C(=O)O)C(C)C,361.93828777201753,12.662888361224551
4761,24,5,24,18,19,7468,38,3,12,12,CCOC(=O)C1(C(=N)C2CC(O)C(O)[SH]2C)CC(C(C)C)CN1Cl,361.88581881047867,14.445113403003003
1061,6,12,2,3,18,5855,30,2,6,2,CC1:C:C:C([SH](=O)=O):B(O):C:1NCN1C([SH](=O)=O)NC([N+](=O)O)C1[SH](=O)=O,361.8719755470554,16.159713772350727
8794,44,12,16,14,14,1516,8,3,11,2,CC1(OC2:C:C(C(=O)O):C(CN(CC(=O)O)CC(=O)O):S:N:2O):C:C:C([SH](=O)=O):O:C:1N,361.49130235103314,29.201268191332286
2998,15,25,2,14,9,1709,9,8,11,2,N=C1:S:C:C([SH](=O)=O):C(C(=O)O):C:1C1(N=O):C:C([SH](=O)=O):C(N):C:O:1,361.23255422906584,16.904591936939546
2435,13,11,12,17,9,233,2,11,3,26,CC1:C(N):C(C2:C:S(C(F)(F)F):C(O):C:C:2N):C:C:C:1=O,360.8654304520407,11.921421921887749
5405,28,9,26,1,5,8913,45,7,6,22,CCN(CC)N1CC(=O)C(N=S2:C:C(S(=O)(=O)O):C([N+](=O)O):C:S:2OC)(N(C)C)O1,360.4971013237996,21.717550748789844
6995,35,26,4,11,11,1248,7,6,7,2,CCC1NC(=O)CC1(N)C#CC1([N+](=O)O):C:C(OC):O:C([SH](=O)=O):C:1,360.14458600493026,13.262871941911461
2272,12,3,24,6,9,2757,14,14,11,25,CC(C)C1:C:C([N+](=O)O):C(C2(C(=O)O):C:C(=N):C:S:C:2N):C:N:1C,360.02392901100626,14.569238988324987
8720,44,12,23,15,14,2084,11,12,3,6,CCNC1:C:C(=C(C#N)C#N):C(OC2:C:C([N+](=O)O):C(C):N:C:2O):N:S:1O,359.55218987640336,18.681863460654625
6939,35,4,26,1,2,2301,12,14,12,21,CCC1CNC(=O)C1(C=CC(=O)C1(C(=O)O):C:C(Br):C:C(O):N:1)N(C)C,359.5019361024189,27.068070859159338
4595,23,17,22,17,11,293,2,11,22,12,NC1:C:C(S(=O)(=O)O):C(O):C:C:1C#CC1(C(F)(F)F)CC(C(F)(F)F)C(S(=O)(=O)O)C1,359.16304409028805,7.059063205252653
462,3,3,6,25,11,3123,16,4,12,2,CCC1:C(O):N([SH](=O)=O):C:C:N:1C#CC1:C(=N):C([N+](=O)O):C:C:N:1C,359.0303972281674,15.39061016216871
6289,32,11,8,24,9,2074,11,11,13,7,COC1:C:C(C2SC(N)N(N=O)C2C(C)C):C(N):N:C:1NC(C)=O,358.9536750119161,11.617892370856934
9078,46,18,11,13,9,6208,32,7,13,12,CCOC(=O)C1:O:C([SH]2C(O)CN(NC(C)=O)C2OC):C:C(NC(C)=O):N:1N,358.80346993777385,13.11999618816665
9710,49,7,5,12,9,2164,11,7,16,18,CCOC(=O)C1:C:C(OC)(C2(O)C(Cl)NON2OC):C:N:C:1CN(CC(=O)O)CC(=O)O,358.7872630962612,14.869034482372514
4716,24,11,8,6,14,5001,26,6,7,8,COC1CC(N=O)CS1(OC1CC([N+](=O)O)C(N=O)N1N)[N+](=O)O,358.74106994111276,17.638241143860053
227,2,17,22,26,9,1937,10,23,2,18,CCNC1(C2:C:C(C(F)(F)F):C(S(=O)(=O)O):C(=O):C:2):C:C(C(=O)OCC):N:C([SH](=O)=O):C:1,358.66806109757664,13.837356562130086
5061,26,18,8,3,14,6757,34,7,2,5,CCOC(=O)[SH]1C(OC2NC(OC)C([SH](=O)=O)C2Cl)CC(C)C1N=O,358.3425720858954,16.102195565280066
8125,41,12,3,12,14,2713,14,23,3,21,CCNC1(OC2:O:N(O):C(C):C:C:2O):C:C:C(Br):S(C):C:1,358.1139385178466,20.74642510208181
415,3,12,7,1,19,2653,14,1,21,17,COC1:C(O):C:N:C(C(=N)C2(N(C)C):C:C:C:S(C(F)(F)F):C:2Br):C:1N(C)C,357.89350483929377,17.426263473696796
271,2,22,25,24,11,6822,35,5,11,5,CC(C)C1:C(C#CC2C(Cl)CN(N)C2Cl):C:C:C(S(=O)(=O)O):C:1=N,357.8849746355177,19.949511085651054
6090,31,7,26,21,12,6435,33,5,14,9,CCN(CC)C1CSC(C(=O)O)C1(Cl)C#CC#CC1(Br)OC(OC)NC1=O,357.74336389947337,19.526754615977474
465,3,11,18,4,12,7447,38,11,5,13,CCOC(=O)C1:C(N):C:N:C(C#CC#CC2(N)CC(NC(C)=O)C(Cl)S2):C:1CC,357.6728957338296,12.023472209626997
1941,10,4,5,13,7,4668,24,12,7,2,CCC1:C(Cl):C:N(NC(C)=O):C:C:1C=NN1C(O)C(OC)CC1[SH](=O)=O,357.5476789121309,9.10634298347933
4673,24,17,17,11,9,2541,13,8,8,8,NC1(C2:C:C(N=O):S:C(N=O):C:2N=O)CCC(C(F)(F)F)N1C(F)(F)F,357.5028857801366,15.36941723224581
1217,7,26,22,26,1,7315,37,13,4,18,CCOC(=O)C1CC(N=NC2:C:O:C(=O):C(S(=O)(=O)O):C:2=O)(NC(C)=O)C(CC)O1,357.3829169075349,25.090973224742395
788,4,13,12,4,9,4078,21,18,26,6,CCOC(=O)C1:C(=O):S:C([N+](=O)O):C:S:1C1:O:C(NC(C)=O):C:C(O):C:1CC,357.3816548896954,14.246527095599358
3471,18,8,23,8,14,2254,12,5,21,26,CCNC1:C(N=O):S:C:C(OC2(Cl):C:C:C:C(=O):N:2Br):N:1N=O,357.27633824336016,26.428556516572364
6590,33,13,25,1,11,4433,23,17,25,12,CC(=O)NC1CC(C#CC2(C(F)(F)F)C(=N)CCC2O)(N(C)C)C(=N)S1,357.2046119688739,6.4326449246174775
4392,22,14,17,25,9,4511,23,5,26,4,CCC1CCC(=O)C1(Cl)C1=C(C(=O)O)C(C(F)(F)F)=CC1=N,356.3345017197832,14.94275740193296
6563,33,12,4,5,18,3582,18,12,2,12,CCC1SC(Cl)C(NCN2:C:C(O):S:C([SH](=O)=O):C:2O)C1O,356.3236706093989,26.029331639920834
9125,46,11,18,5,11,2291,12,12,7,17,CCOC(=O)C1:C(Cl):C(C#CC2(O):C:C(C(F)(F)F):C:C(OC):N:2):O:C:N:1N,356.2857449460638,9.758790749423596
3043,16,8,26,17,4,2290,12,5,25,1,CN(C)C1:C:C:C(Cl)(C=CC2:C:N(C(F)(F)F):C:C(=O):N:2N=O):N:C:1=N,355.83730364867574,13.003416973973096
8466,43,21,12,25,14,1078,6,4,8,13,CCC1:C:B(OC2:C:C(=N):C:N(O):N:2Br):C:C(NC(C)=O):C:1N=O,355.80038043558767,15.53262374514824
5400,27,6,13,6,10,4169,21,26,25,12,CC(=O)NN1CC([N+](=O)O)C(=S2:C:C(O):S(=N):C(=O):C:2)N1[N+](=O)O,355.706445927849,10.164927527594251
6763,34,24,2,5,6,2163,11,3,6,7,COC1:C:C:C(=CC2(Cl)CC([SH](=O)=O)N(C(C)C)C2):C(C):N:1[N+](=O)O,355.6265704944548,8.982355424045213
8630,44,11,26,5,8,2163,11,3,6,7,COC1:C:C:C(=CC=C2:C:C(Cl):C:S(=O):N:2N):C(C):N:1[N+](=O)O,355.51101837016915,15.453229628648717
222,2,26,24,12,14,7347,37,23,11,13,CCNC1OC(N)C(NC(C)=O)C1OC1:C:C(O):C(C(C)C):C:C:1=O,355.2807927515054,14.186821256291182
1234,7,7,3,3,1,6837,35,1,18,6,CCOC(=O)N1CC(N=NC2:C(OC):C:C(C):O:C:2C)(N(C)C)CC1[N+](=O)O,355.27662141350186,8.826078433561268
436,3,18,18,7,5,5617,29,25,12,11,CCOC(=O)C1:C:C(OC):C:C(N=S2(=N)CCC(N)N2O):N:1C(=O)OCC,354.77322180398886,13.35294880083811
154,1,8,2,26,18,4446,23,2,12,23,CCNC1C(CNC2=CC(N=O)=C([SH](=O)=O)C2=O)CC([SH](=O)=O)C1O,353.9632303311764,16.342707500555505
1248,7,6,7,2,12,1537,8,1,13,1,COC1:C:C([N+](=O)O):C(C#CC#CC2:C:C(N(C)C):C(NC(C)=O):O:C:2N(C)C):C([SH](=O)=O):O:1,353.89840912368146,17.322460084224563
1507,8,7,6,25,14,1676,9,23,21,8,CCNC1(OC2:C:C(OC):O:C([N+](=O)O):C:2=N):C:C(N=O):C(Br):C:O:1,353.7318988299622,14.233323632231183
1855,10,14,12,18,14,7315,37,13,4,18,CCOC(=O)C1:N:C(O):C:C(C(=O)O):C:1OC1(NC(C)=O)CC(C(=O)OCC)OC1CC,353.64286556706537,23.423253165106384
5439,28,18,11,12,1,9403,48,3,7,4,CCOC(=O)N1OC(N=NS2(C)C(CC)CSC2OC)C(O)C1N,353.5633966982858,9.017001102778552
8455,43,6,25,12,12,2482,13,8,21,5,N=C1:C:N([N+](=O)O):N:C(C#CC#CC2(N=O):C:C(Cl):S:C(Br):C:2):C:1O,353.3575034758236,10.533877819051407
9587,48,22,1,5,14,5037,26,12,24,5,CC(C)C1CC(Cl)CS1(O)OC1(Cl)C[SH](N(C)C)C(S(=O)(=O)O)S1,352.82048118616706,24.6490366768226
3518,18,25,13,12,10,6260,32,11,1,7,COC1C(N(C)C)N(N)CS1=C1:N:C(=N):C:S(NC(C)=O):C:1O,352.6703525787101,18.071827457105798
3759,19,8,11,25,9,2574,13,17,7,21,COC1:C:S:C(Br):C:C:1(C1:O:C(N=O):C(N):O:C:1=N)C(F)(F)F,352.03548392595684,7.764462981438361
9194,46,24,22,13,11,2146,11,12,5,6,CC(=O)NC1:C(C#CC2(O):C:C:C([N+](=O)O):N(Cl):C:2):O:C:N(C(C)C):C:1S(=O)(=O)O,351.5544328979615,19.639814552420166
9621,49,13,12,17,11,816,5,12,23,7,CCNC1:C:C(OC):C:C:S:1(O)C#CC1(C(F)(F)F)C(O)NON1NC(C)=O,351.338280028944,4.111320826868685
306,2,14,14,17,14,5747,29,11,11,3,CC1CC(N)NS1(N)OC1:C:C:C(C(F)(F)F):C(C(=O)O):C:1C(=O)O,351.2403143248751,5.1663645346705005
2132,11,11,1,12,1,5899,30,9,2,5,CCN(CC)C1N(N=NC2:C(N):C:N(N(C)C):C:C:2O)C(Cl)CN1[SH](=O)=O,350.8652156772255,19.541072055348707
6876,35,13,17,18,4,1173,6,3,2,14,CCOC(=O)C1(C=CB2:C:C(C):C([SH](=O)=O):C(C(=O)O):C:2)CN(C(F)(F)F)CC1NC(C)=O,350.8558498162919,24.037125322812578
426,3,3,8,25,11,4421,23,23,3,25,CCNC1(C#CC2:C:C:C(=N):C(N=O):N:2C)CC(=N)C(C)C1,350.7555434767768,11.141897916254317
4786,24,2,7,22,9,5988,30,26,12,14,COC1C(S(=O)(=O)O)CC(N2C(=O)N(O)CC2C(=O)O)N1[SH](=O)=O,350.4126771091843,14.502154345013118
7000,35,21,12,23,14,308,2,6,13,26,CCNC1(OC2([N+](=O)O):C:C(NC(C)=O):C:C(=O):C:2)CNC(O)C1Br,350.0900193447145,10.921463469306477
1521,8,8,18,5,9,804,5,11,26,4,CCOC(=O)C1:O:C(Cl):C:C(S2(N):C:C:C:C(CC):C:2=O):C:1N=O,349.90506096450645,15.545735534545132
1239,7,7,3,11,1,5138,26,6,13,21,COC1:C(C):C:O:C(N):C:1N=NS1([N+](=O)O)C(Br)CCC1NC(C)=O,349.43623482046183,21.881850994362786
6392,32,7,13,11,6,2069,11,4,17,8,CCC1:N:C(C(F)(F)F):C(N=O):C:C:1=CC1(N)SC(OC)NC1NC(C)=O,349.3891004834911,6.440533873709367
3818,20,26,14,7,9,1969,10,14,13,24,COC1:C(C2(C(=O)O):C:C:N(C(C)C):C(NC(C)=O):C:2):O:C:C(=O):S:1C(=O)O,348.8529639814498,9.729892532675267
4918,25,18,11,7,12,2896,15,8,13,25,CCOC(=O)C1COC(C#CC#CC2:C:C:C(=N):C(NC(C)=O):S:2N=O)(OC)C1N,348.64395538423133,5.41844114819406
4938,25,3,25,18,11,6369,32,23,14,2,CCNC1N(C(=O)O)CC([SH](=O)=O)[SH]1C#CC1OC(C)C(=N)C1C(=O)OCC,348.3088357074591,20.051376870541578
3100,16,11,7,5,6,7590,38,3,11,1,COC1:C:N:C(Cl):C(C=C2C(N(C)C)CC(N)[SH]2C):N:1N,347.99897658255804,27.87629758926477
5704,29,4,3,5,6,2315,12,3,6,26,CC[SH]1NC(C)C(Cl)C1C=C1:C:C(=O):C:C([N+](=O)O):N:1C,347.9542285188526,9.985342605812722
1020,6,8,7,25,9,1888,10,1,26,13,COC1:C:C(=N):C:C(C2(N(C)C):C:C:N(NC(C)=O):C(=O):C:2):B:1N=O,347.65489681515464,11.366187494667647
205,2,11,25,14,14,9403,48,3,7,4,CCC1CSC(OC)S1(C)OC1:C:C(C(=O)O):C:C(=N):C:1N,347.49883832913866,5.9978783173587065
5871,30,11,1,18,6,1837,10,13,11,26,CCOC(=O)C1(C=C2:C:C(=O):N:C(N):C:2NC(C)=O)C(N(C)C)NCN1N,347.1631955092457,6.51144046937811
2757,14,14,11,25,18,5213,27,2,13,4,CCC1C(NC(C)=O)C([SH](=O)=O)NN1CNC1:C(C(=O)O):C(N):S:C:C:1=N,347.0815636685569,6.631658004753886
9710,49,7,5,12,5,2386,12,12,14,14,CON1ONC(Cl)C1(O)N=C1:C:C:C(C(=O)O):C(C(=O)O):N:1O,346.2886801909253,12.63814888874902
7477,38,2,23,11,9,8579,43,26,12,18,CCNC1CSC([SH](=O)=O)C1(N)N1:C:C(C(=O)OCC):C(O):C(=O):N:1,345.72356904512543,16.608438107299094
8506,43,23,21,26,4,5239,27,12,14,12,CCNN1:N:C(C=CN2C(O)CC(C(=O)O)N2O):C:C(=O):C:1Br,344.2789134538687,10.38191032233911
2837,15,8,22,12,10,6860,35,4,3,26,CCC1C(=C2:C:C:C(O):S(S(=O)(=O)O):C:2N=O)C(=O)CN1C,343.8887076828927,7.519727011064625
4585,23,5,12,13,6,6613,34,3,11,2,CC(=O)NC1(C=C2NC(C)C(N)C2[SH](=O)=O)C(O)CCC1Cl,343.82302228705214,11.925327034166408
9484,48,5,14,4,14,7116,36,11,26,11,CCC1(OC2(N)OC(=O)CC2N)C[SH](C(=O)O)C[SH]1Cl,343.74114520025535,21.189787517663557
2308,12,13,3,7,11,7217,37,22,2,12,COC1:C:C:C(C#CC2C(O)C([SH](=O)=O)OC2S(=O)(=O)O):C(NC(C)=O):N:1C,342.94562626253094,15.424038896825364
1871,10,21,18,17,9,5949,30,12,21,11,CCOC(=O)N1:C(Br):C:C:C(N2CN(O)C(Br)C2N):C:1C(F)(F)F,340.92725775778933,16.620324026316773
567,3,7,25,26,18,4601,24,6,18,5,CCOC(=O)C1C(Cl)N(CNC2:C:C:C(=O):C(=N):N:2OC)CC1[N+](=O)O,340.12568692200347,12.839212139405273
7214,37,21,21,8,18,2163,11,3,6,7,COC1:C:C:C(CNC2(N=O)CC(Br)OC2Br):C(C):N:1[N+](=O)O,339.68156560323473,6.459039058479007
4631,24,5,14,17,6,2163,11,3,6,7,COC1:C:C:C(=CC2(C(F)(F)F)CC(C(=O)O)CN2Cl):C(C):N:1[N+](=O)O,339.1501921009182,10.949782416920822
9528,48,11,8,6,19,1914,10,26,3,3,CC1:C:C(C(=N)C2C([N+](=O)O)SC(N=O)[SH]2N):C(=O):C:N:1C,338.15632294189425,16.47273412942849
6175,31,7,8,1,9,8439,43,6,21,7,COC1:C:N(C2(N(C)C)OC(OC)NC2N=O):N:C([N+](=O)O):C:1Br,334.9171680713753,18.031985774632194
7638,39,22,8,18,14,6684,34,5,26,17,CCOC(=O)C1:C(N=O):O:C(S(=O)(=O)O):O:C:1OC1(Cl)NC(=O)CC1C(F)(F)F,334.74188591907244,14.501563767434593
7447,38,11,5,13,14,2022,11,11,17,24,CC(=O)NC1C(Cl)SC(N)C1OC1(N):C:C:C(C(C)C):N(C(F)(F)F):C:1,334.69446208794994,6.6787024404639235
5953,30,4,17,12,6,1945,10,24,7,26,CCN1C(C=C2:C:C(=O):N:C(OC):C:2C(C)C)C(O)NC1C(F)(F)F,334.25518368539963,20.963748687992542
4140,21,13,7,14,9,2280,12,1,12,11,COC1:C(NC(C)=O):S:C(C2(N(C)C):C:C:C(N):C:N:2O):C:S:1C(=O)O,334.17511772069975,15.800718213343282
6166,31,6,17,8,18,1905,10,7,13,5,COC1(CNC2(N=O)OC([N+](=O)O)NC2C(F)(F)F):C:C(Cl):N:C:C:1NC(C)=O,333.53988007794726,11.630672485103625
9655,49,11,1,12,4,1642,9,21,26,2,CN(C)N1ON(N)C(C=CC2(Br):C:C([SH](=O)=O):C:C(=O):O:2)C1O,333.14098865263014,17.97111214499958
6825,35,3,5,7,4,2837,15,8,22,12,COC1NC(Cl)C(C)C1C=CC1(N=O):C:C:C:C(O):S:1S(=O)(=O)O,331.9646717837691,12.918604436241994
6471,33,6,12,2,1,572,3,12,13,3,CC(=O)NC1:C(C):C:C:N(N=NC2C([N+](=O)O)C[SH](O)C2[SH](=O)=O):C:1O,330.31050525880164,16.030030913418415
6966,35,13,7,11,1,1516,8,3,11,2,COC1C(NC(C)=O)C(N=NC2(C):C:C:C([SH](=O)=O):O:C:2N)CN1N,324.5926492120893,17.177505174313485
2746,14,26,11,11,18,6393,32,26,11,14,NC1:C:S(N):C(=O):C:C:1NC[SH]1(=O)CCN(C(=O)O)C1N,321.80516571593205,16.524019242896394
